FrameNumber,NumberOfTracks,TrackType
192,1,UNCERTAIN
193,1,UNCERTAIN
194,1,FINGER
195,1,FINGER
196,1,FINGER
197,1,FINGER
198,1,FINGER
199,1,FINGER
200,1,FINGER
201,1,FINGER
202,1,FINGER
203,1,FINGER
204,1,FINGER
205,1,FINGER
206,1,FINGER
207,1,FINGER
208,1,FINGER
209,1,FINGER
210,1,FINGER
211,1,FINGER
212,1,FINGER
213,1,FINGER
214,1,FINGER
215,1,FINGER
216,1,FINGER
217,1,FINGER
218,1,FINGER
219,1,FINGER
220,1,FINGER
221,1,FINGER
222,1,FINGER
223,1,FINGER
224,1,FINGER
225,1,FINGER
226,1,FINGER
227,1,FINGER
228,1,FINGER
229,1,FINGER
230,1,FINGER
231,1,FINGER
232,1,FINGER
233,1,FINGER
234,1,FINGER
235,1,FINGER
236,1,FINGER
237,1,FINGER
238,1,FINGER
239,1,FINGER
240,1,FINGER
241,1,FINGER
242,1,FINGER
243,1,FINGER
244,1,FINGER
245,1,FINGER
246,1,FINGER
247,1,FINGER
248,1,FINGER
249,1,FINGER
250,1,FINGER
251,1,FINGER
252,1,FINGER
253,1,FINGER
254,1,FINGER
255,1,FINGER
256,1,FINGER
257,1,FINGER
258,1,FINGER
259,1,FINGER
260,1,FINGER
261,1,FINGER
262,1,FINGER
263,1,FINGER
264,1,FINGER
265,1,FINGER
266,1,FINGER
267,1,FINGER
268,1,FINGER
269,1,FINGER
270,1,FINGER
271,1,FINGER
272,1,FINGER
273,1,FINGER
274,1,FINGER
275,1,FINGER
276,1,FINGER
277,1,FINGER
278,1,FINGER
279,1,FINGER
280,1,FINGER
281,1,FINGER
282,1,FINGER
283,1,FINGER
284,1,FINGER
285,1,FINGER
286,1,FINGER
287,1,FINGER
288,1,FINGER
289,1,FINGER
290,1,FINGER
291,1,FINGER
292,1,FINGER
293,1,FINGER
294,1,FINGER
295,1,FINGER
296,1,FINGER
297,1,FINGER
298,1,FINGER
299,1,FINGER
300,1,FINGER
301,1,FINGER
302,1,FINGER
303,1,FINGER
304,1,FINGER
305,1,FINGER
306,1,FINGER
307,1,FINGER
308,1,FINGER
309,1,FINGER
310,1,FINGER
311,1,FINGER
312,1,FINGER
313,1,FINGER
314,1,FINGER
315,1,FINGER
316,1,FINGER
317,1,FINGER
318,1,FINGER
319,1,FINGER
320,1,FINGER
321,1,FINGER
322,1,FINGER
323,1,FINGER
324,1,FINGER
325,1,FINGER
326,1,FINGER
327,1,FINGER
328,1,FINGER
329,1,FINGER
330,1,FINGER
331,1,FINGER
332,1,FINGER
333,1,FINGER
334,1,FINGER
335,1,FINGER
336,1,FINGER
337,1,FINGER
338,1,FINGER
339,1,FINGER
340,1,FINGER
341,1,FINGER
342,1,FINGER
343,1,FINGER
344,1,FINGER
345,1,FINGER
346,1,FINGER
347,1,FINGER
348,1,FINGER
349,1,FINGER
350,1,FINGER
351,1,FINGER
352,1,FINGER
353,1,FINGER
354,1,FINGER
355,0,
356,0,
357,0,
358,0,
359,0,
360,0,
361,0,
362,0,
363,0,
364,0,
365,0,
366,0,
367,0,
368,0,
438,1,UNCERTAIN
439,1,FINGER
440,1,FINGER
441,1,FINGER
442,1,FINGER
443,1,FINGER
444,1,FINGER
445,1,FINGER
446,1,FINGER
447,1,FINGER
448,1,FINGER
449,1,FINGER
450,1,FINGER
451,1,FINGER
452,1,FINGER
453,1,FINGER
454,1,FINGER
455,1,FINGER
456,1,FINGER
457,1,FINGER
458,1,FINGER
459,1,FINGER
460,1,FINGER
461,1,FINGER
462,1,FINGER
463,1,FINGER
464,1,FINGER
465,1,FINGER
466,1,FINGER
467,1,FINGER
468,1,FINGER
469,1,FINGER
470,1,FINGER
471,1,FINGER
472,1,FINGER
473,1,FINGER
474,1,FINGER
475,1,FINGER
476,1,FINGER
477,1,FINGER
478,1,FINGER
479,1,FINGER
480,1,FINGER
481,1,FINGER
482,1,FINGER
483,1,FINGER
484,1,FINGER
485,1,FINGER
486,1,FINGER
487,1,FINGER
488,1,FINGER
489,1,FINGER
490,1,FINGER
491,1,FINGER
492,1,FINGER
493,1,FINGER
494,1,FINGER
495,1,FINGER
496,1,FINGER
497,1,FINGER
498,1,FINGER
499,1,FINGER
500,1,FINGER
501,1,FINGER
502,1,FINGER
503,1,FINGER
504,1,FINGER
505,1,FINGER
506,1,FINGER
507,1,FINGER
508,1,FINGER
509,1,FINGER
510,1,FINGER
511,1,FINGER
512,1,FINGER
513,1,FINGER
514,1,FINGER
515,1,FINGER
516,1,FINGER
517,1,FINGER
518,1,FINGER
519,1,FINGER
520,1,FINGER
521,1,FINGER
522,1,FINGER
523,1,FINGER
524,1,FINGER
525,1,FINGER
526,1,FINGER
527,1,FINGER
528,1,FINGER
529,1,FINGER
530,1,FINGER
531,1,FINGER
532,1,FINGER
533,1,FINGER
534,1,FINGER
535,1,FINGER
536,1,FINGER
537,1,FINGER
538,1,FINGER
539,1,FINGER
540,1,FINGER
541,1,FINGER
542,1,FINGER
543,1,FINGER
544,1,FINGER
545,1,FINGER
546,1,FINGER
547,1,FINGER
548,1,FINGER
549,1,FINGER
550,1,FINGER
551,1,FINGER
552,1,FINGER
553,1,FINGER
554,1,FINGER
555,1,FINGER
556,1,FINGER
557,1,FINGER
558,1,FINGER
559,1,FINGER
560,1,FINGER
561,1,FINGER
562,1,FINGER
563,1,FINGER
564,1,FINGER
565,1,FINGER
566,1,FINGER
567,1,FINGER
568,1,FINGER
569,1,FINGER
570,1,FINGER
571,1,FINGER
572,1,FINGER
573,1,FINGER
574,1,FINGER
575,1,FINGER
576,1,FINGER
577,1,FINGER
578,1,FINGER
579,1,FINGER
580,1,FINGER
581,1,FINGER
582,1,FINGER
583,1,FINGER
584,0,
585,0,
586,0,
587,0,
588,0,
589,0,
590,0,
591,0,
592,0,
593,0,
594,0,
595,0,
596,0,
597,0,
598,0,
649,1,UNCERTAIN
650,1,UNCERTAIN
651,1,UNCERTAIN
652,1,UNCERTAIN
653,1,UNCERTAIN
654,1,SMEAR
655,1,SMEAR
656,1,SMEAR
657,1,SMEAR
658,1,SMEAR
659,1,SMEAR
660,1,SMEAR
661,1,SMEAR
662,1,SMEAR
663,1,SMEAR
664,1,SMEAR
665,1,SMEAR
666,1,SMEAR
667,1,SMEAR
668,1,SMEAR
669,1,SMEAR
670,1,SMEAR
671,1,SMEAR
672,1,SMEAR
673,1,SMEAR
674,1,SMEAR
675,1,SMEAR
676,1,SMEAR
677,1,SMEAR
678,1,SMEAR
679,1,SMEAR
680,1,SMEAR
681,1,SMEAR
682,1,SMEAR
683,1,SMEAR
684,1,SMEAR
685,1,SMEAR
686,1,SMEAR
687,1,SMEAR
688,1,SMEAR
689,1,SMEAR
690,1,SMEAR
691,1,SMEAR
692,1,SMEAR
693,1,SMEAR
694,1,SMEAR
695,1,SMEAR
696,1,SMEAR
697,1,SMEAR
698,1,SMEAR
699,1,SMEAR
700,1,SMEAR
701,1,SMEAR
702,1,SMEAR
703,1,SMEAR
704,1,SMEAR
705,1,SMEAR
706,1,SMEAR
707,1,SMEAR
708,1,SMEAR
709,1,SMEAR
710,1,SMEAR
711,1,SMEAR
712,1,SMEAR
713,1,SMEAR
714,1,SMEAR
715,1,SMEAR
716,1,SMEAR
717,1,SMEAR
718,1,SMEAR
719,1,SMEAR
720,1,SMEAR
721,1,SMEAR
722,1,SMEAR
723,1,SMEAR
724,1,SMEAR
725,1,SMEAR
726,1,SMEAR
727,1,SMEAR
728,1,SMEAR
729,1,SMEAR
730,1,SMEAR
731,1,SMEAR
732,1,SMEAR
733,1,SMEAR
734,1,SMEAR
735,1,SMEAR
736,1,SMEAR
737,1,SMEAR
738,1,SMEAR
739,1,SMEAR
740,1,SMEAR
741,1,SMEAR
742,1,SMEAR
743,1,SMEAR
744,1,SMEAR
745,1,SMEAR
746,1,SMEAR
747,1,SMEAR
748,1,SMEAR
749,1,SMEAR
750,1,SMEAR
751,1,SMEAR
752,1,SMEAR
753,1,SMEAR
754,1,SMEAR
755,1,SMEAR
756,1,SMEAR
757,1,SMEAR
758,1,SMEAR
759,1,SMEAR
760,1,SMEAR
761,1,SMEAR
762,0,
763,0,
764,0,
765,0,
766,0,
767,0,
768,0,
769,0,
770,0,
771,0,
772,0,
773,0,
774,0,
775,0,
803,1,UNCERTAIN
804,1,UNCERTAIN
805,1,UNCERTAIN
806,1,UNCERTAIN
807,1,UNCERTAIN
808,1,SMEAR
809,1,SMEAR
810,1,SMEAR
811,1,SMEAR
812,1,SMEAR
813,1,SMEAR
814,1,SMEAR
815,1,SMEAR
816,1,SMEAR
817,1,SMEAR
818,1,SMEAR
819,1,SMEAR
820,1,SMEAR
821,1,SMEAR
822,1,SMEAR
823,1,SMEAR
824,1,SMEAR
825,1,SMEAR
826,1,SMEAR
827,1,SMEAR
828,1,SMEAR
829,1,SMEAR
830,1,SMEAR
831,1,SMEAR
832,1,SMEAR
833,1,SMEAR
834,1,SMEAR
835,1,SMEAR
836,1,SMEAR
837,1,SMEAR
838,1,SMEAR
839,1,SMEAR
840,1,SMEAR
841,1,SMEAR
842,1,SMEAR
843,1,SMEAR
844,1,SMEAR
845,1,SMEAR
846,1,SMEAR
847,1,SMEAR
848,1,SMEAR
849,1,SMEAR
850,1,SMEAR
851,1,SMEAR
852,1,SMEAR
853,1,SMEAR
854,1,SMEAR
855,1,SMEAR
856,1,SMEAR
857,1,SMEAR
858,0,
859,0,
860,0,
861,0,
862,0,
863,0,
864,0,
865,0,
866,0,
867,0,
868,0,
869,0,
870,0,
871,0,
872,0,
889,1,UNCERTAIN
890,1,UNCERTAIN
891,1,UNCERTAIN
892,1,UNCERTAIN
893,1,UNCERTAIN
894,1,SMEAR
895,1,SMEAR
896,1,SMEAR
897,1,SMEAR
898,1,SMEAR
899,1,SMEAR
900,1,SMEAR
901,1,SMEAR
902,1,SMEAR
903,1,SMEAR
904,1,SMEAR
905,1,SMEAR
906,1,SMEAR
907,1,SMEAR
908,1,SMEAR
909,1,SMEAR
910,1,SMEAR
911,1,SMEAR
912,1,SMEAR
913,1,SMEAR
914,1,SMEAR
915,1,SMEAR
916,1,SMEAR
917,1,SMEAR
918,0,
919,0,
920,0,
921,0,
922,0,
923,0,
924,0,
925,0,
926,0,
927,0,
928,0,
929,0,
930,0,
931,0,
989,1,UNCERTAIN
990,1,UNCERTAIN
991,1,FINGER
992,1,FINGER
993,1,FINGER
994,1,FINGER
995,1,FINGER
996,1,FINGER
997,1,FINGER
998,1,FINGER
999,1,FINGER
1000,1,FINGER
1001,1,FINGER
1002,1,FINGER
1003,1,FINGER
1004,1,FINGER
1005,1,FINGER
1006,1,FINGER
1007,1,FINGER
1008,1,FINGER
1009,1,FINGER
1010,1,FINGER
1011,1,FINGER
1012,1,FINGER
1013,1,FINGER
1014,1,FINGER
1015,1,FINGER
1016,1,FINGER
1017,1,FINGER
1018,1,FINGER
1019,1,FINGER
1020,1,FINGER
1021,1,FINGER
1022,1,FINGER
1023,1,FINGER
1024,1,FINGER
1025,1,FINGER
1026,1,FINGER
1027,1,FINGER
1028,1,FINGER
1029,1,FINGER
1030,1,FINGER
1031,1,FINGER
1032,1,FINGER
1033,1,FINGER
1034,1,FINGER
1035,1,FINGER
1036,1,FINGER
1037,1,FINGER
1038,1,FINGER
1039,0,
1040,0,
1041,0,
1042,0,
1043,0,
1044,0,
1045,0,
1046,0,
1047,0,
1048,0,
1049,0,
1050,0,
1051,0,
1052,0,
1084,1,UNCERTAIN
1085,1,UNCERTAIN
1086,1,UNCERTAIN
1087,1,FINGER
1088,1,FINGER
1089,1,FINGER
1090,1,FINGER
1091,1,FINGER
1092,1,FINGER
1093,1,FINGER
1094,1,FINGER
1095,1,FINGER
1096,1,FINGER
1097,1,FINGER
1098,1,FINGER
1099,1,FINGER
1100,1,FINGER
1101,1,FINGER
1102,1,FINGER
1103,1,FINGER
1104,1,FINGER
1105,1,FINGER
1106,1,FINGER
1107,1,FINGER
1108,1,FINGER
1109,1,FINGER
1110,1,FINGER
1111,1,FINGER
1112,1,FINGER
1113,1,FINGER
1114,1,FINGER
1115,1,FINGER
1116,1,FINGER
1117,1,FINGER
1118,1,FINGER
1119,1,FINGER
1120,1,FINGER
1121,1,FINGER
1122,1,FINGER
1123,1,FINGER
1124,1,FINGER
1125,1,FINGER
1126,1,FINGER
1127,1,FINGER
1128,1,FINGER
1129,1,FINGER
1130,0,
1131,0,
1132,0,
1133,0,
1134,0,
1135,0,
1136,0,
1137,0,
1138,0,
1139,0,
1140,0,
1141,0,
1142,0,
1143,0,
1144,0,
1181,1,UNCERTAIN
1182,1,UNCERTAIN
1183,1,UNCERTAIN
1184,1,UNCERTAIN
1185,1,UNCERTAIN
1186,1,SMEAR
1187,1,SMEAR
1188,1,SMEAR
1189,1,SMEAR
1190,1,SMEAR
1191,1,SMEAR
1192,1,SMEAR
1193,1,SMEAR
1194,1,SMEAR
1195,1,SMEAR
1196,1,SMEAR
1197,1,SMEAR
1198,1,SMEAR
1199,1,SMEAR
1200,1,SMEAR
1201,1,SMEAR
1202,1,SMEAR
1203,1,SMEAR
1204,1,SMEAR
1205,1,SMEAR
1206,1,SMEAR
1207,1,SMEAR
1208,1,SMEAR
1209,1,SMEAR
1210,1,SMEAR
1211,1,SMEAR
1212,1,SMEAR
1213,1,SMEAR
1214,1,SMEAR
1215,1,SMEAR
1216,1,SMEAR
1217,1,SMEAR
1218,1,SMEAR
1219,1,SMEAR
1220,1,SMEAR
1221,1,SMEAR
1222,1,SMEAR
1223,1,SMEAR
1224,1,SMEAR
1225,1,SMEAR
1226,1,SMEAR
1227,1,SMEAR
1228,1,SMEAR
1229,1,SMEAR
1230,1,SMEAR
1231,0,
1232,0,
1233,0,
1234,0,
1235,0,
1236,0,
1237,0,
1238,0,
1239,1,UNCERTAIN
1240,1,UNCERTAIN
1241,1,UNCERTAIN
1242,1,UNCERTAIN
1243,1,UNCERTAIN
1244,1,SMEAR
1245,1,SMEAR
1246,1,SMEAR
1247,1,SMEAR
1248,1,SMEAR
1249,1,SMEAR
1250,1,SMEAR
1251,1,SMEAR
1252,1,SMEAR
1253,1,SMEAR
1254,1,SMEAR
1255,1,SMEAR
1256,1,SMEAR
1257,1,SMEAR
1258,1,SMEAR
1259,1,SMEAR
1260,1,SMEAR
1261,1,SMEAR
1262,1,SMEAR
1263,1,SMEAR
1264,1,SMEAR
1265,1,SMEAR
1266,1,SMEAR
1267,1,SMEAR
1268,1,SMEAR
1269,1,SMEAR
1270,1,SMEAR
1271,1,SMEAR
1272,1,SMEAR
1273,1,SMEAR
1274,1,SMEAR
1275,1,SMEAR
1276,1,SMEAR
1277,1,SMEAR
1278,1,SMEAR
1279,1,SMEAR
1280,1,SMEAR
1281,1,SMEAR
1282,1,SMEAR
1283,1,SMEAR
1284,1,SMEAR
1285,1,SMEAR
1286,1,SMEAR
1287,1,SMEAR
1288,1,SMEAR
1289,1,SMEAR
1290,1,SMEAR
1291,1,SMEAR
1292,1,SMEAR
1293,1,SMEAR
1294,1,SMEAR
1295,1,SMEAR
1296,1,SMEAR
1297,1,SMEAR
1298,1,SMEAR
1299,1,SMEAR
1300,1,SMEAR
1301,1,SMEAR
1302,1,SMEAR
1303,1,SMEAR
1304,1,SMEAR
1305,1,SMEAR
1306,1,SMEAR
1307,1,SMEAR
1308,1,SMEAR
1309,1,SMEAR
1310,1,SMEAR
1311,1,SMEAR
1312,1,SMEAR
1313,1,SMEAR
1314,1,SMEAR
1315,1,SMEAR
1316,1,SMEAR
1317,1,SMEAR
1318,1,SMEAR
1319,1,SMEAR
1320,1,SMEAR
1321,1,SMEAR
1322,1,SMEAR
1323,1,SMEAR
1324,1,SMEAR
1325,1,SMEAR
1326,1,SMEAR
1327,1,SMEAR
1328,1,SMEAR
1329,1,SMEAR
1330,1,SMEAR
1331,1,SMEAR
1332,1,SMEAR
1333,1,SMEAR
1334,1,SMEAR
1335,1,SMEAR
1336,1,SMEAR
1337,1,SMEAR
1338,1,SMEAR
1339,1,SMEAR
1340,1,SMEAR
1341,1,SMEAR
1342,1,SMEAR
1343,1,SMEAR
1344,1,SMEAR
1345,1,SMEAR
1346,1,SMEAR
1347,1,SMEAR
1348,1,SMEAR
1349,1,SMEAR
1350,1,SMEAR
1351,1,SMEAR
1352,1,SMEAR
1353,1,SMEAR
1354,1,SMEAR
1355,1,SMEAR
1356,1,SMEAR
1357,1,SMEAR
1358,1,SMEAR
1359,1,SMEAR
1360,1,SMEAR
1361,1,SMEAR
1362,1,SMEAR
1363,1,SMEAR
1364,1,SMEAR
1365,1,SMEAR
1366,1,SMEAR
1367,1,SMEAR
1368,1,SMEAR
1369,1,SMEAR
1370,1,SMEAR
1371,1,SMEAR
1372,1,SMEAR
1373,1,SMEAR
1374,1,SMEAR
1375,1,SMEAR
1376,1,SMEAR
1377,1,SMEAR
1378,1,SMEAR
1379,1,SMEAR
1380,1,SMEAR
1381,1,SMEAR
1382,1,SMEAR
1383,1,SMEAR
1384,1,SMEAR
1385,1,SMEAR
1386,1,SMEAR
1387,1,SMEAR
1388,1,SMEAR
1389,1,SMEAR
1390,1,SMEAR
1391,1,SMEAR
1392,1,SMEAR
1393,1,SMEAR
1394,1,SMEAR
1395,1,SMEAR
1396,1,SMEAR
1397,1,SMEAR
1398,1,SMEAR
1399,1,SMEAR
1400,1,SMEAR
1401,1,SMEAR
1402,1,SMEAR
1403,1,SMEAR
1404,1,SMEAR
1405,1,SMEAR
1406,1,SMEAR
1407,1,SMEAR
1408,1,SMEAR
1409,1,SMEAR
1410,1,SMEAR
1411,1,SMEAR
1412,1,SMEAR
1413,0,
1414,0,
1415,0,
1416,0,
1417,0,
1418,0,
1419,0,
1420,0,
1421,0,
1422,0,
1423,0,
1424,0,
1425,0,
1426,0,
1427,0,
1489,1,UNCERTAIN
1490,1,UNCERTAIN
1491,1,UNCERTAIN
1492,1,UNCERTAIN
1493,1,UNCERTAIN
1494,1,SMEAR
1495,1,SMEAR
1496,1,SMEAR
1497,1,SMEAR
1498,1,SMEAR
1499,1,SMEAR
1500,1,SMEAR
1501,1,SMEAR
1502,1,SMEAR
1503,1,SMEAR
1504,1,SMEAR
1505,1,SMEAR
1506,1,SMEAR
1507,1,SMEAR
1508,1,SMEAR
1509,1,SMEAR
1510,1,SMEAR
1511,1,SMEAR
1512,1,SMEAR
1513,1,SMEAR
1514,1,SMEAR
1515,1,SMEAR
1516,1,SMEAR
1517,1,SMEAR
1518,1,SMEAR
1519,1,SMEAR
1520,1,SMEAR
1521,1,SMEAR
1522,1,SMEAR
1523,1,SMEAR
1524,1,SMEAR
1525,1,SMEAR
1526,1,SMEAR
1527,1,SMEAR
1528,1,SMEAR
1529,1,SMEAR
1530,1,SMEAR
1531,1,SMEAR
1532,1,SMEAR
1533,1,SMEAR
1534,1,SMEAR
1535,1,SMEAR
1536,1,SMEAR
1537,1,SMEAR
1538,1,SMEAR
1539,1,SMEAR
1540,1,SMEAR
1541,1,SMEAR
1542,1,SMEAR
1543,1,SMEAR
1544,1,SMEAR
1545,1,SMEAR
1546,1,SMEAR
1547,1,SMEAR
1548,1,SMEAR
1549,1,SMEAR
1550,1,SMEAR
1551,1,SMEAR
1552,1,SMEAR
1553,1,SMEAR
1554,1,SMEAR
1555,1,SMEAR
1556,1,SMEAR
1557,1,SMEAR
1558,1,SMEAR
1559,1,SMEAR
1560,1,SMEAR
1561,1,SMEAR
1562,1,SMEAR
1563,1,SMEAR
1564,1,SMEAR
1565,1,SMEAR
1566,1,SMEAR
1567,1,SMEAR
1568,1,SMEAR
1569,1,SMEAR
1570,1,SMEAR
1571,1,SMEAR
1572,1,SMEAR
1573,1,SMEAR
1574,1,SMEAR
1575,1,SMEAR
1576,1,SMEAR
1577,1,SMEAR
1578,1,SMEAR
1579,1,SMEAR
1580,1,SMEAR
1581,1,SMEAR
1582,1,SMEAR
1583,1,SMEAR
1584,1,SMEAR
1585,1,SMEAR
1586,1,SMEAR
1587,1,SMEAR
1588,1,SMEAR
1589,1,SMEAR
1590,1,SMEAR
1591,1,SMEAR
1592,1,SMEAR
1593,1,SMEAR
1594,1,SMEAR
1595,1,SMEAR
1596,1,SMEAR
1597,1,SMEAR
1598,1,SMEAR
1599,1,SMEAR
1600,1,SMEAR
1601,1,SMEAR
1602,0,
1603,0,
1604,0,
1605,0,
1606,0,
1607,0,
1608,0,
1609,0,
1610,0,
1611,0,
1612,0,
1613,0,
1614,0,
1615,0,
1616,0,
