FrameNumber,NumberOfTracks,TrackType
630,1,UNCERTAIN
631,1,FINGER
632,1,FINGER
633,1,FINGER
634,1,FINGER
635,1,FINGER
636,1,FINGER
637,1,FINGER
638,1,FINGER
639,1,FINGER
640,1,FINGER
641,1,FINGER
642,1,FINGER
643,1,FINGER
644,1,FINGER
645,1,FINGER
646,1,FINGER
647,1,FINGER
648,1,FINGER
649,1,FINGER
650,1,FINGER
651,1,FINGER
652,1,FINGER
653,1,FINGER
654,1,FINGER
655,1,FINGER
656,1,FINGER
657,1,FINGER
658,1,FINGER
659,1,FINGER
660,1,FINGER
661,1,FINGER
662,1,FINGER
663,1,FINGER
664,1,FINGER
665,1,FINGER
666,1,FINGER
667,1,FINGER
668,1,FINGER
669,1,FINGER
670,1,FINGER
671,1,FINGER
672,1,FINGER
673,1,FINGER
674,1,FINGER
675,1,FINGER
676,1,FINGER
677,1,FINGER
678,1,FINGER
679,1,FINGER
680,1,FINGER
681,1,FINGER
682,1,FINGER
683,1,FINGER
684,1,FINGER
685,1,FINGER
686,1,FINGER
687,1,FINGER
688,1,FINGER
689,1,FINGER
690,1,FINGER
691,1,FINGER
692,1,FINGER
693,1,FINGER
694,1,FINGER
695,1,FINGER
696,1,FINGER
697,1,FINGER
698,1,FINGER
699,1,FINGER
700,1,FINGER
701,1,FINGER
702,1,FINGER
703,1,FINGER
704,1,FINGER
705,1,FINGER
706,1,FINGER
707,1,FINGER
708,1,FINGER
709,1,FINGER
710,1,FINGER
711,1,FINGER
712,1,FINGER
713,1,FINGER
714,1,FINGER
715,1,FINGER
716,1,FINGER
717,1,FINGER
718,1,FINGER
719,1,FINGER
720,1,FINGER
721,1,FINGER
722,1,FINGER
723,1,FINGER
724,1,FINGER
725,1,FINGER
726,1,FINGER
727,1,FINGER
728,1,FINGER
729,1,FINGER
730,1,FINGER
731,1,FINGER
732,1,FINGER
733,1,FINGER
734,1,FINGER
735,1,FINGER
736,1,FINGER
737,1,FINGER
738,1,FINGER
739,1,FINGER
740,1,FINGER
741,1,FINGER
742,1,FINGER
743,1,FINGER
744,1,FINGER
745,1,FINGER
746,1,FINGER
747,1,FINGER
748,1,FINGER
749,1,FINGER
750,1,FINGER
751,1,FINGER
752,1,FINGER
753,1,FINGER
754,1,FINGER
755,1,FINGER
756,1,FINGER
757,1,FINGER
758,1,FINGER
759,1,BUNCH
760,1,BUNCH
761,1,BUNCH
762,1,BUNCH
763,1,BUNCH
764,1,BUNCH
765,1,BUNCH
766,1,BUNCH
767,1,BUNCH
768,1,BUNCH
769,1,BUNCH
770,1,BUNCH
771,1,BUNCH
772,1,BUNCH
773,1,BUNCH
774,1,BUNCH
775,1,BUNCH
776,1,BUNCH
777,1,BUNCH
778,1,BUNCH
779,1,BUNCH
780,1,BUNCH
781,1,BUNCH
782,1,BUNCH
783,1,BUNCH
784,1,BUNCH
785,1,BUNCH
786,1,BUNCH
787,1,BUNCH
788,1,BUNCH
789,1,BUNCH
790,1,BUNCH
791,1,BUNCH
792,1,BUNCH
793,1,BUNCH
794,1,BUNCH
795,1,BUNCH
796,1,BUNCH
797,1,BUNCH
798,1,BUNCH
799,1,BUNCH
800,1,BUNCH
801,1,BUNCH
802,1,BUNCH
803,1,BUNCH
804,1,BUNCH
805,1,BUNCH
806,1,BUNCH
807,1,BUNCH
808,1,BUNCH
809,1,BUNCH
810,1,BUNCH
811,1,BUNCH
812,1,BUNCH
813,1,BUNCH
814,1,BUNCH
815,1,BUNCH
816,1,BUNCH
817,1,BUNCH
818,1,BUNCH
819,1,BUNCH
820,1,BUNCH
821,1,BUNCH
822,1,BUNCH
823,1,BUNCH
824,1,BUNCH
825,1,BUNCH
826,1,BUNCH
827,1,BUNCH
828,1,BUNCH
829,1,BUNCH
830,1,BUNCH
831,1,BUNCH
832,1,BUNCH
833,1,BUNCH
834,1,BUNCH
835,1,BUNCH
836,1,BUNCH
837,1,BUNCH
838,1,BUNCH
839,1,BUNCH
840,1,BUNCH
841,1,BUNCH
842,1,BUNCH
843,1,BUNCH
844,1,BUNCH
845,1,BUNCH
846,1,BUNCH
847,1,BUNCH
848,1,BUNCH
849,1,BUNCH
850,1,BUNCH
851,1,BUNCH
852,1,BUNCH
853,1,BUNCH
854,1,BUNCH
855,1,BUNCH
856,1,BUNCH
857,1,BUNCH
858,1,BUNCH
859,1,BUNCH
860,1,BUNCH
861,1,BUNCH
862,1,BUNCH
863,1,BUNCH
864,1,BUNCH
865,1,BUNCH
866,1,BUNCH
867,1,BUNCH
868,1,BUNCH
869,1,BUNCH
870,1,BUNCH
871,1,BUNCH
872,1,BUNCH
873,1,BUNCH
874,1,BUNCH
875,1,BUNCH
876,1,BUNCH
877,1,BUNCH
878,1,BUNCH
879,1,BUNCH
880,1,BUNCH
881,1,BUNCH
882,1,BUNCH
883,1,BUNCH
884,1,BUNCH
885,1,BUNCH
886,1,BUNCH
887,1,BUNCH
888,1,BUNCH
889,1,BUNCH
890,1,BUNCH
891,1,BUNCH
892,1,BUNCH
893,1,BUNCH
894,1,BUNCH
895,1,BUNCH
896,1,BUNCH
897,1,BUNCH
898,1,BUNCH
899,1,BUNCH
900,1,BUNCH
901,1,BUNCH
902,1,BUNCH
903,1,BUNCH
904,1,BUNCH
905,1,BUNCH
906,1,BUNCH
907,1,BUNCH
908,1,BUNCH
909,1,BUNCH
910,1,BUNCH
911,1,BUNCH
912,1,BUNCH
913,1,BUNCH
914,1,BUNCH
915,1,BUNCH
916,1,BUNCH
917,1,BUNCH
918,1,BUNCH
919,1,BUNCH
920,1,BUNCH
921,1,BUNCH
922,1,BUNCH
923,1,BUNCH
924,1,BUNCH
925,1,BUNCH
926,1,BUNCH
927,1,BUNCH
928,1,BUNCH
929,1,BUNCH
930,1,BUNCH
931,1,BUNCH
932,1,BUNCH
933,1,BUNCH
934,1,BUNCH
935,1,BUNCH
936,1,BUNCH
937,1,BUNCH
938,1,BUNCH
939,1,BUNCH
940,1,BUNCH
941,1,BUNCH
942,1,BUNCH
943,1,BUNCH
944,1,BUNCH
945,1,BUNCH
946,1,BUNCH
947,1,BUNCH
948,1,BUNCH
949,1,BUNCH
950,1,BUNCH
951,1,BUNCH
952,1,BUNCH
953,1,BUNCH
954,1,BUNCH
955,1,BUNCH
956,1,BUNCH
957,1,BUNCH
958,1,BUNCH
959,1,BUNCH
960,1,BUNCH
961,1,BUNCH
962,1,BUNCH
963,1,BUNCH
964,1,BUNCH
965,1,BUNCH
966,1,BUNCH
967,1,BUNCH
968,1,BUNCH
969,1,BUNCH
970,1,BUNCH
971,1,BUNCH
972,1,BUNCH
973,1,BUNCH
974,1,BUNCH
975,1,BUNCH
976,1,BUNCH
977,1,BUNCH
978,1,BUNCH
979,1,BUNCH
980,1,BUNCH
981,1,BUNCH
982,1,BUNCH
983,1,BUNCH
984,1,BUNCH
985,1,BUNCH
986,1,BUNCH
987,1,BUNCH
988,1,BUNCH
989,1,BUNCH
990,1,BUNCH
991,1,BUNCH
992,1,BUNCH
993,1,BUNCH
994,1,BUNCH
995,1,BUNCH
996,1,BUNCH
997,1,BUNCH
998,1,BUNCH
999,1,BUNCH
1000,1,BUNCH
1001,1,BUNCH
1002,1,BUNCH
1003,1,BUNCH
1004,1,BUNCH
1005,1,BUNCH
1006,1,BUNCH
1007,1,BUNCH
1008,1,BUNCH
1009,1,BUNCH
1010,1,BUNCH
1011,1,BUNCH
1012,1,BUNCH
1013,1,BUNCH
1014,1,BUNCH
1015,1,BUNCH
1016,1,BUNCH
1017,1,BUNCH
1018,1,BUNCH
1019,1,BUNCH
1020,1,BUNCH
1021,1,BUNCH
1022,1,BUNCH
1023,1,BUNCH
1024,1,BUNCH
1025,1,BUNCH
1026,1,BUNCH
1027,1,BUNCH
1028,1,BUNCH
1029,1,BUNCH
1030,1,BUNCH
1031,1,BUNCH
1032,1,BUNCH
1033,1,BUNCH
1034,1,BUNCH
1035,1,BUNCH
1036,1,BUNCH
1037,1,BUNCH
1038,1,BUNCH
1039,1,BUNCH
1040,1,BUNCH
1041,1,BUNCH
1042,1,BUNCH
1043,1,BUNCH
1044,1,BUNCH
1045,1,BUNCH
1046,1,BUNCH
1047,1,BUNCH
1048,1,BUNCH
1049,1,BUNCH
1050,1,BUNCH
1051,1,BUNCH
1052,1,BUNCH
1053,1,BUNCH
1054,1,BUNCH
1055,1,BUNCH
1056,1,BUNCH
1057,1,BUNCH
1058,1,BUNCH
1059,1,BUNCH
1060,1,BUNCH
1061,1,BUNCH
1062,1,BUNCH
1063,1,BUNCH
1064,1,BUNCH
1065,1,BUNCH
1066,1,BUNCH
1067,1,BUNCH
1068,1,BUNCH
1069,1,BUNCH
1070,1,BUNCH
1071,1,BUNCH
1072,1,BUNCH
1073,1,BUNCH
1074,1,BUNCH
1075,1,BUNCH
1076,1,BUNCH
1077,1,BUNCH
1078,1,BUNCH
1079,1,BUNCH
1080,1,BUNCH
1081,1,BUNCH
1082,1,BUNCH
1083,1,BUNCH
1084,1,BUNCH
1085,1,BUNCH
1086,1,BUNCH
1087,1,BUNCH
1088,1,BUNCH
1089,1,BUNCH
1090,1,BUNCH
1091,1,BUNCH
1092,1,BUNCH
1093,1,BUNCH
1094,1,BUNCH
1095,1,BUNCH
1096,1,BUNCH
1097,1,BUNCH
1098,1,BUNCH
1099,1,BUNCH
1100,1,BUNCH
1101,1,BUNCH
1102,1,BUNCH
1103,1,BUNCH
1104,1,BUNCH
1105,1,BUNCH
1106,1,BUNCH
1107,1,BUNCH
1108,1,BUNCH
1109,1,BUNCH
1110,1,BUNCH
1111,1,BUNCH
1112,1,BUNCH
1113,1,BUNCH
1114,1,BUNCH
1115,1,BUNCH
1116,1,BUNCH
1117,1,BUNCH
1118,1,BUNCH
1119,1,BUNCH
1120,1,BUNCH
1121,1,BUNCH
1122,1,BUNCH
1123,1,BUNCH
1124,1,BUNCH
1125,1,BUNCH
1126,1,BUNCH
1127,1,BUNCH
1128,1,BUNCH
1129,1,BUNCH
1130,1,BUNCH
1131,1,BUNCH
1132,1,BUNCH
1133,1,BUNCH
1134,1,BUNCH
1135,1,BUNCH
1136,1,BUNCH
1137,1,BUNCH
1138,1,BUNCH
1139,1,BUNCH
1140,1,BUNCH
1141,1,BUNCH
1142,1,BUNCH
1143,1,BUNCH
1144,1,BUNCH
1145,1,BUNCH
1146,1,BUNCH
1147,1,BUNCH
1148,1,BUNCH
1149,1,BUNCH
1150,1,BUNCH
1151,1,BUNCH
1152,1,BUNCH
1153,1,BUNCH
1154,1,BUNCH
1155,1,BUNCH
1156,1,BUNCH
1157,1,BUNCH
1158,1,BUNCH
1159,1,BUNCH
1160,1,BUNCH
1161,1,BUNCH
1162,1,BUNCH
1163,1,BUNCH
1164,1,BUNCH
1165,1,BUNCH
1166,1,BUNCH
1167,1,BUNCH
1168,1,BUNCH
1169,1,BUNCH
1170,1,BUNCH
1171,1,BUNCH
1172,1,BUNCH
1173,1,BUNCH
1174,1,BUNCH
1175,1,BUNCH
1176,1,BUNCH
1177,1,BUNCH
1178,1,BUNCH
1179,1,BUNCH
1180,1,BUNCH
1181,1,BUNCH
1182,1,BUNCH
1183,1,BUNCH
1184,1,BUNCH
1185,1,BUNCH
1186,1,BUNCH
1187,1,BUNCH
1188,1,BUNCH
1189,1,BUNCH
1190,1,BUNCH
1191,1,BUNCH
1192,1,BUNCH
1193,1,BUNCH
1194,1,BUNCH
1195,1,BUNCH
1196,1,BUNCH
1197,1,BUNCH
1198,1,BUNCH
1199,1,BUNCH
1200,1,BUNCH
1201,1,BUNCH
1202,1,BUNCH
1203,1,BUNCH
1204,1,BUNCH
1205,1,BUNCH
1206,1,BUNCH
1207,1,BUNCH
1208,1,BUNCH
1209,1,BUNCH
1210,1,BUNCH
1211,1,BUNCH
1212,1,BUNCH
1213,1,BUNCH
1214,1,BUNCH
1215,1,BUNCH
1216,1,BUNCH
1217,1,BUNCH
1218,1,BUNCH
1219,1,BUNCH
1220,1,BUNCH
1221,1,BUNCH
1222,1,BUNCH
1223,1,BUNCH
1224,1,BUNCH
1225,1,BUNCH
1226,1,BUNCH
1227,1,BUNCH
1228,1,BUNCH
1229,1,BUNCH
1230,1,BUNCH
1231,1,BUNCH
1232,1,BUNCH
1233,1,BUNCH
1234,1,BUNCH
1235,1,BUNCH
1236,1,BUNCH
1237,1,BUNCH
1238,1,BUNCH
1239,1,BUNCH
1240,1,BUNCH
1241,1,BUNCH
1242,1,BUNCH
1243,1,BUNCH
1244,1,BUNCH
1245,1,BUNCH
1246,1,BUNCH
1247,1,BUNCH
1248,1,BUNCH
1249,1,BUNCH
1250,1,BUNCH
1251,1,BUNCH
1252,1,BUNCH
1253,1,BUNCH
1254,1,BUNCH
1255,1,BUNCH
1256,1,BUNCH
1257,1,BUNCH
1258,1,BUNCH
1259,1,BUNCH
1260,1,BUNCH
1261,1,BUNCH
1262,1,BUNCH
1263,1,BUNCH
1264,1,BUNCH
1265,1,BUNCH
1266,1,BUNCH
1267,1,BUNCH
1268,1,BUNCH
1269,1,BUNCH
1270,1,BUNCH
1271,1,BUNCH
1272,1,BUNCH
1273,1,BUNCH
1274,1,BUNCH
1275,1,BUNCH
1276,1,BUNCH
1277,1,BUNCH
1278,1,BUNCH
1279,1,BUNCH
1280,1,BUNCH
1281,1,BUNCH
1282,1,BUNCH
1283,1,BUNCH
1284,1,BUNCH
1285,1,BUNCH
1286,1,BUNCH
1287,1,BUNCH
1288,1,BUNCH
1289,1,BUNCH
1290,1,BUNCH
1291,1,BUNCH
1292,1,BUNCH
1293,1,BUNCH
1294,1,BUNCH
1295,1,BUNCH
1296,1,BUNCH
1297,1,BUNCH
1298,1,BUNCH
1299,1,BUNCH
1300,1,FINGER
1301,1,FINGER
1302,1,FINGER
1303,1,FINGER
1304,1,FINGER
1305,1,FINGER
1306,1,FINGER
1307,1,FINGER
1308,1,FINGER
1309,1,FINGER
1310,1,FINGER
1311,1,FINGER
1312,1,FINGER
1313,1,FINGER
1314,1,FINGER
1315,1,FINGER
1316,1,FINGER
1317,1,FINGER
1318,1,FINGER
1319,1,FINGER
1320,1,FINGER
1321,1,FINGER
1322,1,FINGER
1323,1,FINGER
1324,1,FINGER
1325,1,FINGER
1326,1,FINGER
1327,1,FINGER
1328,1,FINGER
1329,1,FINGER
1330,1,FINGER
1331,1,FINGER
1332,1,FINGER
1333,1,FINGER
1334,1,FINGER
1335,1,FINGER
1336,1,FINGER
1337,1,FINGER
1338,1,FINGER
1339,1,FINGER
1340,1,FINGER
1341,1,FINGER
1342,1,FINGER
1343,1,FINGER
1344,1,FINGER
1345,1,FINGER
1346,1,FINGER
1347,1,FINGER
1348,1,FINGER
1349,1,FINGER
1350,1,FINGER
1351,1,FINGER
1352,1,FINGER
1353,1,FINGER
1354,1,FINGER
1355,1,FINGER
1356,1,FINGER
1357,1,FINGER
1358,1,FINGER
1359,1,FINGER
1360,1,FINGER
1361,1,FINGER
1362,1,FINGER
1363,1,FINGER
1364,1,FINGER
1365,1,FINGER
1366,1,FINGER
1367,1,FINGER
1368,1,FINGER
1369,1,FINGER
1370,1,FINGER
1371,1,FINGER
1372,1,FINGER
1373,1,FINGER
1374,1,FINGER
1375,1,FINGER
1376,1,FINGER
1377,1,FINGER
1378,1,FINGER
1379,1,FINGER
1380,1,FINGER
1381,1,FINGER
1382,1,FINGER
1383,1,FINGER
1384,1,FINGER
1385,1,FINGER
1386,1,FINGER
1387,1,FINGER
1388,1,FINGER
1389,1,FINGER
1390,1,FINGER
1391,1,FINGER
1392,1,FINGER
1393,1,FINGER
1394,1,FINGER
1395,1,FINGER
1396,1,FINGER
1397,1,FINGER
1398,1,FINGER
1399,1,FINGER
1400,1,FINGER
1401,1,FINGER
1402,1,FINGER
1403,1,FINGER
1404,1,FINGER
1405,1,FINGER
1406,1,FINGER
1407,1,FINGER
1408,1,FINGER
1409,1,FINGER
1410,1,FINGER
1411,1,FINGER
1412,1,FINGER
1413,1,FINGER
1414,1,FINGER
1415,1,FINGER
1416,1,FINGER
1417,1,FINGER
1418,1,FINGER
1419,1,FINGER
1420,1,FINGER
1421,1,FINGER
1422,1,FINGER
1423,1,FINGER
1424,1,FINGER
1425,1,FINGER
1426,1,FINGER
1427,1,FINGER
1428,1,FINGER
1429,1,FINGER
1430,1,FINGER
1431,1,FINGER
1432,1,FINGER
1433,1,FINGER
1434,1,FINGER
1435,1,FINGER
1436,1,FINGER
1437,1,FINGER
1438,1,FINGER
1439,1,FINGER
1440,1,FINGER
1441,1,FINGER
1442,1,FINGER
1443,1,FINGER
1444,1,FINGER
1445,1,FINGER
1446,1,FINGER
1447,1,FINGER
1448,1,FINGER
1449,1,FINGER
1450,1,FINGER
1451,1,FINGER
1452,1,FINGER
1453,1,FINGER
1454,1,FINGER
1455,1,FINGER
1456,1,FINGER
1457,1,FINGER
1458,1,FINGER
1459,1,FINGER
1460,1,FINGER
1461,1,FINGER
1462,1,FINGER
1463,1,FINGER
1464,1,FINGER
1465,1,BUNCH
1466,1,BUNCH
1467,1,BUNCH
1468,1,BUNCH
1469,1,BUNCH
1470,1,BUNCH
1471,1,BUNCH
1472,1,BUNCH
1473,1,BUNCH
1474,1,BUNCH
1475,1,BUNCH
1476,1,BUNCH
1477,1,BUNCH
1478,1,BUNCH
1479,1,BUNCH
1480,1,BUNCH
1481,1,BUNCH
1482,1,BUNCH
1483,1,BUNCH
1484,1,BUNCH
1485,1,BUNCH
1486,1,BUNCH
1487,1,BUNCH
1488,1,BUNCH
1489,1,BUNCH
1490,1,BUNCH
1491,1,BUNCH
1492,1,BUNCH
1493,1,BUNCH
1494,1,BUNCH
1495,1,BUNCH
1496,1,BUNCH
1497,1,BUNCH
1498,1,BUNCH
1499,1,BUNCH
1500,1,BUNCH
1501,1,BUNCH
1502,1,BUNCH
1503,1,BUNCH
1504,1,BUNCH
1505,1,BUNCH
1506,1,BUNCH
1507,1,BUNCH
1508,1,BUNCH
1509,1,BUNCH
1510,1,BUNCH
1511,1,BUNCH
1512,1,BUNCH
1513,1,BUNCH
1514,1,BUNCH
1515,1,BUNCH
1516,1,BUNCH
1517,1,BUNCH
1518,1,BUNCH
1519,1,BUNCH
1520,1,BUNCH
1521,1,BUNCH
1522,1,BUNCH
1523,1,BUNCH
1524,1,BUNCH
1525,1,BUNCH
1526,1,BUNCH
1527,1,BUNCH
1528,1,BUNCH
1529,1,BUNCH
1530,1,BUNCH
1531,1,BUNCH
1532,1,BUNCH
1533,1,BUNCH
1534,1,BUNCH
1535,1,BUNCH
1536,1,BUNCH
1537,1,BUNCH
1538,1,BUNCH
1539,1,BUNCH
1540,1,BUNCH
1541,1,BUNCH
1542,1,BUNCH
1543,1,BUNCH
1544,1,BUNCH
1545,1,BUNCH
1546,1,BUNCH
1547,1,BUNCH
1548,1,BUNCH
1549,1,BUNCH
1550,1,BUNCH
1551,1,BUNCH
1552,1,BUNCH
1553,1,BUNCH
1554,1,BUNCH
1555,1,BUNCH
1556,1,BUNCH
1557,1,BUNCH
1558,1,BUNCH
1559,1,BUNCH
1560,1,BUNCH
1561,1,BUNCH
1562,1,BUNCH
1563,1,BUNCH
1564,1,BUNCH
1565,1,BUNCH
1566,1,BUNCH
1567,1,BUNCH
1568,1,BUNCH
1569,1,BUNCH
1570,1,BUNCH
1571,1,BUNCH
1572,1,BUNCH
1573,1,BUNCH
1574,1,BUNCH
1575,1,BUNCH
1576,1,BUNCH
1577,1,BUNCH
1578,1,BUNCH
1579,1,BUNCH
1580,1,BUNCH
1581,1,BUNCH
1582,1,BUNCH
1583,1,BUNCH
1584,1,BUNCH
1585,1,BUNCH
1586,1,FINGER
1587,1,FINGER
1588,1,FINGER
1589,1,FINGER
1590,1,FINGER
1591,1,FINGER
1592,1,FINGER
1593,1,FINGER
1594,1,FINGER
1595,1,FINGER
1596,1,FINGER
1597,1,FINGER
1598,1,FINGER
1599,1,FINGER
1600,1,FINGER
1601,1,FINGER
1602,1,FINGER
1603,1,FINGER
1604,1,FINGER
1605,1,FINGER
1606,1,FINGER
1607,1,FINGER
1608,1,FINGER
1609,1,FINGER
1610,1,FINGER
1611,1,FINGER
1612,1,FINGER
1613,1,FINGER
1614,1,FINGER
1615,1,FINGER
1616,1,FINGER
1617,1,FINGER
1618,1,FINGER
1619,1,FINGER
1620,1,FINGER
1621,1,FINGER
1622,1,FINGER
1623,1,FINGER
1624,1,FINGER
1625,1,FINGER
1626,1,FINGER
1627,1,FINGER
1628,1,FINGER
1629,1,FINGER
1630,1,FINGER
1631,1,FINGER
1632,1,FINGER
1633,1,FINGER
1634,1,FINGER
1635,1,FINGER
1636,1,FINGER
1637,1,FINGER
1638,1,FINGER
1639,1,FINGER
1640,1,FINGER
1641,1,FINGER
1642,1,FINGER
1643,1,FINGER
1644,1,FINGER
1645,1,FINGER
1646,1,FINGER
1647,1,FINGER
1648,1,FINGER
1649,1,FINGER
1650,1,FINGER
1651,1,FINGER
1652,1,FINGER
1653,1,FINGER
1654,1,FINGER
1655,1,FINGER
1656,1,FINGER
1657,1,FINGER
1658,1,FINGER
1659,1,FINGER
1660,1,FINGER
1661,1,FINGER
1662,1,FINGER
1663,1,FINGER
1664,0,
1665,0,
1666,0,
1667,0,
1668,0,
1669,0,
1670,0,
1671,0,
1672,0,
1673,0,
1674,0,
1675,0,
1676,0,
1677,0,
1678,0,
