FrameNumber,NumberOfTracks,TrackType
65,1,FINGER
66,2,FINGER
66,2,FINGER
67,2,FINGER
67,2,FINGER
68,2,FINGER
68,2,FINGER
69,2,FINGER
69,2,FINGER
70,2,FINGER
70,2,FINGER
71,2,FINGER
71,2,FINGER
72,2,FINGER
72,2,FINGER
73,2,FINGER
73,2,FINGER
74,1,BUNCH
75,1,BUNCH
76,1,BUNCH
77,1,BUNCH
78,1,BUNCH
79,1,BUNCH
80,1,BUNCH
81,1,BUNCH
82,1,BUNCH
83,1,BUNCH
84,2,FINGER
84,2,FINGER
85,1,BUNCH
86,1,BUNCH
87,1,BUNCH
88,1,BUNCH
89,1,BUNCH
90,2,FINGER
90,2,FINGER
91,2,FINGER
91,2,FINGER
92,1,BUNCH
93,1,BUNCH
94,1,BUNCH
95,1,BUNCH
96,2,FINGER
96,2,FINGER
97,2,FINGER
97,2,FINGER
98,1,BUNCH
99,1,BUNCH
100,1,BUNCH
101,1,BUNCH
102,2,FINGER
102,2,FINGER
103,2,FINGER
103,2,FINGER
104,1,BUNCH
105,1,BUNCH
106,1,BUNCH
107,2,FINGER
107,2,FINGER
108,2,FINGER
108,2,FINGER
109,1,BUNCH
110,1,BUNCH
111,1,BUNCH
112,2,FINGER
112,2,FINGER
113,2,FINGER
113,2,FINGER
114,1,BUNCH
115,1,BUNCH
116,2,FINGER
116,2,FINGER
117,2,FINGER
117,2,FINGER
118,2,FINGER
118,2,FINGER
119,2,FINGER
119,2,FINGER
120,1,BUNCH
121,2,FINGER
121,2,FINGER
122,2,FINGER
122,2,FINGER
123,2,FINGER
123,2,FINGER
124,2,FINGER
124,2,FINGER
125,2,FINGER
125,2,FINGER
126,2,FINGER
126,2,FINGER
127,2,FINGER
127,2,FINGER
128,2,FINGER
128,2,FINGER
129,1,FINGER
130,0,
131,0,
132,0,
133,0,
134,0,
135,0,
136,0,
137,0,
138,0,
139,0,
140,0,
141,0,
142,0,
143,0,
144,0,
168,1,FINGER
169,2,FINGER
169,2,FINGER
170,1,BUNCH
171,1,BUNCH
172,1,BUNCH
173,1,BUNCH
174,1,BUNCH
175,1,BUNCH
176,1,BUNCH
177,1,BUNCH
178,1,BUNCH
179,1,BUNCH
180,1,BUNCH
181,1,BUNCH
182,1,BUNCH
183,1,BUNCH
184,1,BUNCH
185,1,BUNCH
186,1,BUNCH
187,1,BUNCH
188,1,BUNCH
189,1,BUNCH
190,1,BUNCH
191,1,BUNCH
192,1,BUNCH
193,1,BUNCH
194,1,BUNCH
195,1,BUNCH
196,1,BUNCH
197,1,BUNCH
198,1,BUNCH
199,1,BUNCH
200,1,BUNCH
201,1,BUNCH
202,1,BUNCH
203,1,BUNCH
204,1,BUNCH
205,1,BUNCH
206,1,BUNCH
207,1,BUNCH
208,1,BUNCH
209,1,BUNCH
210,1,BUNCH
211,1,BUNCH
212,1,BUNCH
213,1,BUNCH
214,1,BUNCH
215,1,BUNCH
216,1,BUNCH
217,1,BUNCH
218,1,BUNCH
219,1,BUNCH
220,1,BUNCH
221,1,BUNCH
222,1,BUNCH
223,1,BUNCH
224,1,BUNCH
225,1,BUNCH
226,2,BUNCH
226,2,FINGER
227,1,BUNCH
228,0,
229,0,
230,0,
231,0,
232,0,
233,0,
234,0,
235,0,
236,0,
237,0,
238,0,
239,0,
240,0,
241,0,
266,2,FINGER
266,2,UNCERTAIN
267,1,BUNCH
268,1,BUNCH
269,1,BUNCH
270,1,BUNCH
271,1,BUNCH
272,1,BUNCH
273,1,BUNCH
274,1,BUNCH
275,1,BUNCH
276,1,BUNCH
277,1,BUNCH
278,1,BUNCH
279,1,BUNCH
280,1,BUNCH
281,1,BUNCH
282,1,BUNCH
283,1,BUNCH
284,1,BUNCH
285,1,BUNCH
286,1,BUNCH
287,1,BUNCH
288,1,BUNCH
289,1,BUNCH
290,1,BUNCH
291,1,BUNCH
292,1,BUNCH
293,1,BUNCH
294,1,BUNCH
295,1,BUNCH
296,1,BUNCH
297,1,BUNCH
298,1,BUNCH
299,1,BUNCH
300,1,BUNCH
301,1,BUNCH
302,1,BUNCH
303,1,BUNCH
304,1,BUNCH
305,1,BUNCH
306,1,BUNCH
307,1,BUNCH
308,1,BUNCH
309,1,BUNCH
310,2,FINGER
310,2,FINGER
311,1,BUNCH
312,1,BUNCH
313,1,BUNCH
314,1,BUNCH
315,1,BUNCH
316,2,FINGER
316,2,FINGER
317,2,FINGER
317,2,FINGER
318,2,FINGER
318,2,FINGER
319,2,FINGER
319,2,FINGER
320,2,FINGER
320,2,FINGER
321,2,FINGER
321,2,FINGER
322,2,FINGER
322,2,FINGER
323,2,FINGER
323,2,FINGER
324,1,FINGER
325,0,
326,0,
327,0,
328,0,
329,0,
330,0,
331,0,
332,0,
333,0,
334,0,
335,0,
336,0,
337,0,
338,0,
369,1,UNCERTAIN
370,2,FINGER
370,2,FINGER
371,1,BUNCH
372,1,BUNCH
373,1,BUNCH
374,1,BUNCH
375,1,BUNCH
376,1,BUNCH
377,1,BUNCH
378,1,BUNCH
379,1,BUNCH
380,1,BUNCH
381,1,BUNCH
382,1,BUNCH
383,1,BUNCH
384,1,BUNCH
385,1,BUNCH
386,1,BUNCH
387,1,BUNCH
388,1,BUNCH
389,1,BUNCH
390,1,BUNCH
391,1,BUNCH
392,1,BUNCH
393,1,BUNCH
394,1,BUNCH
395,1,BUNCH
396,1,BUNCH
397,1,BUNCH
398,1,BUNCH
399,1,BUNCH
400,1,BUNCH
401,1,BUNCH
402,1,BUNCH
403,1,BUNCH
404,1,BUNCH
405,1,BUNCH
406,1,BUNCH
407,1,BUNCH
408,1,BUNCH
409,1,BUNCH
410,1,BUNCH
411,1,BUNCH
412,1,BUNCH
413,1,BUNCH
414,1,BUNCH
415,1,BUNCH
416,1,BUNCH
417,1,BUNCH
418,1,BUNCH
419,1,BUNCH
420,1,BUNCH
421,1,BUNCH
422,1,BUNCH
423,1,BUNCH
424,1,BUNCH
425,1,BUNCH
426,1,BUNCH
427,1,BUNCH
428,1,BUNCH
429,2,BUNCH
429,2,FINGER
430,2,BUNCH
430,2,FINGER
431,2,BUNCH
431,2,FINGER
432,1,FINGER
433,0,
434,0,
435,0,
436,0,
437,0,
438,0,
439,0,
440,0,
441,0,
442,0,
443,0,
444,0,
445,0,
446,0,
447,0,
473,1,FINGER
474,2,FINGER
474,2,UNCERTAIN
475,1,BUNCH
476,1,BUNCH
477,1,BUNCH
478,1,BUNCH
479,1,BUNCH
480,1,BUNCH
481,1,BUNCH
482,1,BUNCH
483,1,BUNCH
484,1,BUNCH
485,1,BUNCH
486,1,BUNCH
487,1,BUNCH
488,1,BUNCH
489,1,BUNCH
490,1,BUNCH
491,1,BUNCH
492,1,BUNCH
493,1,BUNCH
494,1,BUNCH
495,1,BUNCH
496,1,BUNCH
497,1,BUNCH
498,1,BUNCH
499,1,BUNCH
500,1,BUNCH
501,1,BUNCH
502,1,BUNCH
503,1,BUNCH
504,1,BUNCH
505,1,BUNCH
506,1,BUNCH
507,1,BUNCH
508,1,BUNCH
509,1,BUNCH
510,1,BUNCH
511,1,BUNCH
512,1,BUNCH
513,1,BUNCH
514,1,BUNCH
515,1,BUNCH
516,1,BUNCH
517,1,BUNCH
518,1,BUNCH
519,1,BUNCH
520,1,BUNCH
521,1,BUNCH
522,1,BUNCH
523,1,BUNCH
524,1,BUNCH
525,1,BUNCH
526,1,BUNCH
527,1,BUNCH
528,1,BUNCH
529,1,BUNCH
530,2,FINGER
530,2,FINGER
531,2,FINGER
531,2,FINGER
532,2,FINGER
532,2,FINGER
533,2,FINGER
533,2,FINGER
534,2,FINGER
534,2,FINGER
535,2,FINGER
535,2,FINGER
536,2,FINGER
536,2,FINGER
537,1,FINGER
538,0,
539,0,
540,0,
541,0,
542,0,
543,0,
544,0,
545,0,
546,0,
547,0,
548,0,
549,0,
550,0,
551,0,
580,1,FINGER
581,2,FINGER
581,2,FINGER
582,2,FINGER
582,2,FINGER
583,2,FINGER
583,2,FINGER
584,1,BUNCH
585,1,BUNCH
586,1,BUNCH
587,1,BUNCH
588,1,BUNCH
589,1,BUNCH
590,1,BUNCH
591,1,BUNCH
592,1,BUNCH
593,1,BUNCH
594,1,BUNCH
595,1,BUNCH
596,1,BUNCH
597,1,BUNCH
598,1,BUNCH
599,1,BUNCH
600,1,BUNCH
601,1,BUNCH
602,1,BUNCH
603,1,BUNCH
604,1,BUNCH
605,1,BUNCH
606,1,BUNCH
607,1,BUNCH
608,1,BUNCH
609,1,BUNCH
610,1,BUNCH
611,1,BUNCH
612,1,BUNCH
613,1,BUNCH
614,1,BUNCH
615,1,BUNCH
616,1,BUNCH
617,1,BUNCH
618,1,BUNCH
619,1,BUNCH
620,1,BUNCH
621,1,BUNCH
622,1,BUNCH
623,1,BUNCH
624,1,BUNCH
625,1,BUNCH
626,1,BUNCH
627,1,BUNCH
628,1,BUNCH
629,1,BUNCH
630,1,BUNCH
631,1,BUNCH
632,1,BUNCH
633,1,BUNCH
634,1,BUNCH
635,2,FINGER
635,2,FINGER
636,2,FINGER
636,2,FINGER
637,2,FINGER
637,2,FINGER
638,2,FINGER
638,2,FINGER
639,2,FINGER
639,2,FINGER
640,2,FINGER
640,2,FINGER
641,2,FINGER
641,2,FINGER
642,0,
643,0,
644,0,
645,0,
646,0,
647,0,
648,0,
649,0,
650,0,
651,0,
652,0,
653,0,
654,0,
655,0,
656,0,
679,2,UNCERTAIN
679,2,FINGER
680,2,FINGER
680,2,FINGER
681,2,FINGER
681,2,FINGER
682,2,FINGER
682,2,FINGER
683,2,FINGER
683,2,FINGER
684,2,FINGER
684,2,FINGER
685,1,BUNCH
686,1,BUNCH
687,2,FINGER
687,2,FINGER
688,2,FINGER
688,2,FINGER
689,2,FINGER
689,2,FINGER
690,1,BUNCH
691,1,BUNCH
692,1,BUNCH
693,2,FINGER
693,2,FINGER
694,2,FINGER
694,2,FINGER
695,1,BUNCH
696,1,BUNCH
697,1,BUNCH
698,2,FINGER
698,2,BUNCH
699,2,FINGER
699,2,FINGER
700,1,BUNCH
701,1,BUNCH
702,2,FINGER
702,2,FINGER
703,1,BUNCH
704,1,BUNCH
705,2,FINGER
705,2,FINGER
706,2,FINGER
706,2,FINGER
707,1,BUNCH
708,2,FINGER
708,2,FINGER
709,2,FINGER
709,2,FINGER
710,1,BUNCH
711,2,FINGER
711,2,FINGER
712,2,FINGER
712,2,FINGER
713,1,BUNCH
714,1,BUNCH
715,2,FINGER
715,2,FINGER
716,1,BUNCH
717,1,BUNCH
718,2,FINGER
718,2,FINGER
719,2,FINGER
719,2,FINGER
720,1,BUNCH
721,1,BUNCH
722,1,BUNCH
723,2,FINGER
723,2,FINGER
724,1,BUNCH
725,1,BUNCH
726,1,BUNCH
727,1,BUNCH
728,2,FINGER
728,2,FINGER
729,2,FINGER
729,2,FINGER
730,1,BUNCH
731,1,BUNCH
732,1,BUNCH
733,1,BUNCH
734,1,BUNCH
735,1,BUNCH
736,1,BUNCH
737,1,BUNCH
738,1,BUNCH
739,1,BUNCH
740,1,BUNCH
741,1,BUNCH
742,2,BUNCH
742,2,FINGER
743,2,BUNCH
743,2,FINGER
744,1,BUNCH
745,0,
746,0,
747,0,
748,0,
749,0,
750,0,
751,0,
752,0,
753,0,
754,0,
755,0,
756,0,
757,0,
758,0,
780,1,FINGER
781,1,FINGER
782,2,FINGER
782,2,UNCERTAIN
783,2,FINGER
783,2,FINGER
784,2,FINGER
784,2,FINGER
785,2,FINGER
785,2,FINGER
786,2,FINGER
786,2,FINGER
787,2,FINGER
787,2,FINGER
788,2,FINGER
788,2,FINGER
789,2,FINGER
789,2,FINGER
790,2,FINGER
790,2,FINGER
791,2,FINGER
791,2,FINGER
792,2,FINGER
792,2,FINGER
793,1,BUNCH
794,2,FINGER
794,2,FINGER
795,2,FINGER
795,2,FINGER
796,2,FINGER
796,2,FINGER
797,2,FINGER
797,2,FINGER
798,2,FINGER
798,2,FINGER
799,2,FINGER
799,2,FINGER
800,2,FINGER
800,2,FINGER
801,2,FINGER
801,2,FINGER
802,2,FINGER
802,2,FINGER
803,1,BUNCH
804,1,BUNCH
805,1,BUNCH
806,2,FINGER
806,2,FINGER
807,2,FINGER
807,2,FINGER
808,1,BUNCH
809,1,BUNCH
810,2,FINGER
810,2,FINGER
811,1,BUNCH
812,1,BUNCH
813,2,FINGER
813,2,FINGER
814,2,FINGER
814,2,FINGER
815,1,BUNCH
816,2,FINGER
816,2,FINGER
817,2,FINGER
817,2,FINGER
818,1,BUNCH
819,2,FINGER
819,2,FINGER
820,2,FINGER
820,2,FINGER
821,2,FINGER
821,2,FINGER
822,2,FINGER
822,2,FINGER
823,2,FINGER
823,2,FINGER
824,2,FINGER
824,2,FINGER
825,1,BUNCH
826,2,FINGER
826,2,FINGER
827,2,FINGER
827,2,FINGER
828,2,FINGER
828,2,FINGER
829,1,BUNCH
830,2,FINGER
830,2,FINGER
831,2,FINGER
831,2,FINGER
832,2,FINGER
832,2,FINGER
833,1,BUNCH
834,2,FINGER
834,2,FINGER
835,2,FINGER
835,2,FINGER
836,2,FINGER
836,2,FINGER
837,2,FINGER
837,2,FINGER
838,1,BUNCH
839,2,FINGER
839,2,FINGER
840,2,FINGER
840,2,FINGER
841,2,FINGER
841,2,FINGER
842,1,BUNCH
843,2,BUNCH
843,2,FINGER
844,2,FINGER
844,2,FINGER
845,1,BUNCH
846,1,BUNCH
847,1,BUNCH
848,1,BUNCH
849,1,BUNCH
850,1,BUNCH
851,1,BUNCH
852,1,BUNCH
853,1,BUNCH
854,2,FINGER
854,2,FINGER
855,2,FINGER
855,2,FINGER
856,0,
857,0,
858,0,
859,0,
860,0,
861,0,
862,0,
863,0,
864,0,
865,0,
866,0,
867,0,
868,0,
869,0,
870,0,
893,2,UNCERTAIN
893,2,FINGER
894,2,FINGER
894,2,FINGER
895,2,FINGER
895,2,FINGER
896,2,FINGER
896,2,FINGER
897,2,FINGER
897,2,FINGER
898,2,FINGER
898,2,FINGER
899,2,FINGER
899,2,FINGER
900,2,FINGER
900,2,FINGER
901,2,FINGER
901,2,FINGER
902,2,FINGER
902,2,FINGER
903,2,FINGER
903,2,FINGER
904,2,FINGER
904,2,FINGER
905,2,FINGER
905,2,FINGER
906,2,FINGER
906,2,FINGER
907,2,FINGER
907,2,FINGER
908,2,FINGER
908,2,FINGER
909,2,FINGER
909,2,FINGER
910,2,FINGER
910,2,FINGER
911,2,FINGER
911,2,FINGER
912,2,FINGER
912,2,FINGER
913,2,FINGER
913,2,FINGER
914,2,FINGER
914,2,FINGER
915,2,FINGER
915,2,FINGER
916,2,FINGER
916,2,FINGER
917,2,FINGER
917,2,FINGER
918,2,FINGER
918,2,FINGER
919,2,FINGER
919,2,FINGER
920,2,FINGER
920,2,FINGER
921,2,FINGER
921,2,FINGER
922,2,FINGER
922,2,FINGER
923,2,FINGER
923,2,FINGER
924,2,FINGER
924,2,FINGER
925,2,FINGER
925,2,FINGER
926,2,FINGER
926,2,FINGER
927,2,FINGER
927,2,FINGER
928,2,FINGER
928,2,FINGER
929,2,FINGER
929,2,FINGER
930,2,FINGER
930,2,FINGER
931,1,BUNCH
932,2,FINGER
932,2,FINGER
933,2,FINGER
933,2,FINGER
934,2,FINGER
934,2,FINGER
935,2,FINGER
935,2,FINGER
936,1,BUNCH
937,1,BUNCH
938,2,FINGER
938,2,FINGER
939,2,FINGER
939,2,FINGER
940,2,FINGER
940,2,FINGER
941,1,BUNCH
942,1,BUNCH
943,1,BUNCH
944,2,FINGER
944,2,FINGER
945,2,FINGER
945,2,FINGER
946,1,BUNCH
947,1,BUNCH
948,1,BUNCH
949,1,BUNCH
950,1,BUNCH
951,1,BUNCH
952,1,BUNCH
953,1,BUNCH
954,1,BUNCH
955,1,BUNCH
956,1,BUNCH
957,1,BUNCH
958,1,BUNCH
959,1,BUNCH
960,1,BUNCH
961,2,FINGER
961,2,BUNCH
962,2,FINGER
962,2,BUNCH
963,0,
964,0,
965,0,
966,0,
967,0,
968,0,
969,0,
970,0,
971,0,
972,0,
973,0,
974,0,
975,0,
976,0,
977,0,
1008,2,FINGER
1008,2,UNCERTAIN
1009,2,FINGER
1009,2,FINGER
1010,2,FINGER
1010,2,FINGER
1011,2,FINGER
1011,2,FINGER
1012,2,FINGER
1012,2,FINGER
1013,2,FINGER
1013,2,FINGER
1014,2,FINGER
1014,2,FINGER
1015,2,FINGER
1015,2,FINGER
1016,2,FINGER
1016,2,FINGER
1017,2,FINGER
1017,2,FINGER
1018,2,FINGER
1018,2,FINGER
1019,2,FINGER
1019,2,FINGER
1020,2,FINGER
1020,2,FINGER
1021,2,FINGER
1021,2,FINGER
1022,2,FINGER
1022,2,FINGER
1023,2,FINGER
1023,2,FINGER
1024,2,FINGER
1024,2,FINGER
1025,2,FINGER
1025,2,FINGER
1026,2,FINGER
1026,2,FINGER
1027,2,FINGER
1027,2,FINGER
1028,2,FINGER
1028,2,FINGER
1029,2,FINGER
1029,2,FINGER
1030,2,FINGER
1030,2,FINGER
1031,2,FINGER
1031,2,FINGER
1032,2,FINGER
1032,2,FINGER
1033,2,FINGER
1033,2,FINGER
1034,1,BUNCH
1035,2,FINGER
1035,2,FINGER
1036,2,FINGER
1036,2,FINGER
1037,2,FINGER
1037,2,FINGER
1038,1,BUNCH
1039,2,FINGER
1039,2,FINGER
1040,2,FINGER
1040,2,FINGER
1041,2,FINGER
1041,2,FINGER
1042,1,BUNCH
1043,2,FINGER
1043,2,FINGER
1044,2,FINGER
1044,2,FINGER
1045,1,BUNCH
1046,1,BUNCH
1047,1,BUNCH
1048,2,FINGER
1048,2,BUNCH
1049,2,FINGER
1049,2,FINGER
1050,1,BUNCH
1051,1,BUNCH
1052,1,BUNCH
1053,2,BUNCH
1053,2,FINGER
1054,1,BUNCH
1055,1,BUNCH
1056,1,BUNCH
1057,1,BUNCH
1058,1,BUNCH
1059,1,BUNCH
1060,2,FINGER
1060,2,BUNCH
1061,2,FINGER
1061,2,FINGER
1062,1,FINGER
1063,0,
1064,0,
1065,0,
1066,0,
1067,0,
1068,0,
1069,0,
1070,0,
1071,0,
1072,0,
1073,0,
1074,0,
1075,0,
1076,0,
1106,2,FINGER
1106,2,FINGER
1107,2,FINGER
1107,2,FINGER
1108,2,FINGER
1108,2,FINGER
1109,2,FINGER
1109,2,FINGER
1110,2,FINGER
1110,2,FINGER
1111,2,FINGER
1111,2,FINGER
1112,2,FINGER
1112,2,FINGER
1113,2,FINGER
1113,2,FINGER
1114,2,FINGER
1114,2,FINGER
1115,2,FINGER
1115,2,FINGER
1116,2,FINGER
1116,2,FINGER
1117,2,FINGER
1117,2,FINGER
1118,2,FINGER
1118,2,FINGER
1119,2,FINGER
1119,2,FINGER
1120,2,FINGER
1120,2,FINGER
1121,2,FINGER
1121,2,FINGER
1122,2,FINGER
1122,2,FINGER
1123,2,FINGER
1123,2,FINGER
1124,2,FINGER
1124,2,FINGER
1125,2,FINGER
1125,2,FINGER
1126,2,FINGER
1126,2,FINGER
1127,2,FINGER
1127,2,FINGER
1128,2,FINGER
1128,2,FINGER
1129,2,FINGER
1129,2,FINGER
1130,2,FINGER
1130,2,FINGER
1131,2,FINGER
1131,2,FINGER
1132,2,FINGER
1132,2,FINGER
1133,2,FINGER
1133,2,FINGER
1134,2,FINGER
1134,2,FINGER
1135,2,FINGER
1135,2,FINGER
1136,2,FINGER
1136,2,FINGER
1137,2,FINGER
1137,2,FINGER
1138,2,FINGER
1138,2,FINGER
1139,2,FINGER
1139,2,FINGER
1140,2,FINGER
1140,2,FINGER
1141,2,FINGER
1141,2,FINGER
1142,2,FINGER
1142,2,FINGER
1143,1,BUNCH
1144,2,FINGER
1144,2,FINGER
1145,2,FINGER
1145,2,FINGER
1146,2,FINGER
1146,2,FINGER
1147,1,BUNCH
1148,1,BUNCH
1149,2,FINGER
1149,2,FINGER
1150,2,FINGER
1150,2,FINGER
1151,2,FINGER
1151,2,FINGER
1152,2,FINGER
1152,2,FINGER
1153,2,FINGER
1153,2,FINGER
1154,2,FINGER
1154,2,FINGER
1155,1,FINGER
1156,0,
1157,0,
1158,0,
1159,0,
1160,0,
1161,0,
1162,0,
1163,0,
1164,0,
1165,0,
1166,0,
1167,0,
1168,0,
1169,0,
1197,1,FINGER
1198,2,FINGER
1198,2,FINGER
1199,2,FINGER
1199,2,FINGER
1200,2,FINGER
1200,2,FINGER
1201,2,FINGER
1201,2,FINGER
1202,2,FINGER
1202,2,FINGER
1203,2,FINGER
1203,2,FINGER
1204,2,FINGER
1204,2,FINGER
1205,2,FINGER
1205,2,FINGER
1206,2,FINGER
1206,2,FINGER
1207,2,FINGER
1207,2,FINGER
1208,2,FINGER
1208,2,FINGER
1209,2,FINGER
1209,2,FINGER
1210,1,BUNCH
1211,2,FINGER
1211,2,FINGER
1212,2,FINGER
1212,2,FINGER
1213,2,FINGER
1213,2,FINGER
1214,1,BUNCH
1215,2,FINGER
1215,2,FINGER
1216,2,FINGER
1216,2,FINGER
1217,1,BUNCH
1218,2,FINGER
1218,2,FINGER
1219,2,FINGER
1219,2,FINGER
1220,2,FINGER
1220,2,FINGER
1221,1,BUNCH
1222,2,FINGER
1222,2,FINGER
1223,2,FINGER
1223,2,FINGER
1224,2,FINGER
1224,2,FINGER
1225,2,FINGER
1225,2,FINGER
1226,2,FINGER
1226,2,FINGER
1227,2,FINGER
1227,2,FINGER
1228,2,FINGER
1228,2,FINGER
1229,1,BUNCH
1230,2,FINGER
1230,2,FINGER
1231,2,FINGER
1231,2,FINGER
1232,2,FINGER
1232,2,FINGER
1233,2,FINGER
1233,2,FINGER
1234,2,FINGER
1234,2,FINGER
1235,2,FINGER
1235,2,FINGER
1236,2,FINGER
1236,2,FINGER
1237,2,FINGER
1237,2,FINGER
1238,2,FINGER
1238,2,FINGER
1239,2,FINGER
1239,2,FINGER
1240,2,FINGER
1240,2,FINGER
1241,1,BUNCH
1242,2,FINGER
1242,2,FINGER
1243,2,FINGER
1243,2,FINGER
1244,1,BUNCH
1245,1,BUNCH
1246,1,BUNCH
1247,1,BUNCH
1248,1,BUNCH
1249,2,BUNCH
1249,2,FINGER
1250,1,BUNCH
1251,0,
1252,0,
1253,0,
1254,0,
1255,0,
1256,0,
1257,0,
1258,0,
1259,0,
1260,0,
1261,0,
1262,0,
1263,0,
1264,0,
1265,0,
1295,2,UNCERTAIN
1295,2,FINGER
1296,2,FINGER
1296,2,FINGER
1297,2,FINGER
1297,2,FINGER
1298,2,FINGER
1298,2,FINGER
1299,2,FINGER
1299,2,FINGER
1300,2,FINGER
1300,2,FINGER
1301,2,FINGER
1301,2,FINGER
1302,2,FINGER
1302,2,FINGER
1303,2,FINGER
1303,2,FINGER
1304,2,FINGER
1304,2,FINGER
1305,2,FINGER
1305,2,FINGER
1306,1,BUNCH
1307,2,FINGER
1307,2,FINGER
1308,2,FINGER
1308,2,FINGER
1309,2,FINGER
1309,2,FINGER
1310,1,BUNCH
1311,2,FINGER
1311,2,FINGER
1312,2,FINGER
1312,2,FINGER
1313,1,BUNCH
1314,1,BUNCH
1315,2,FINGER
1315,2,FINGER
1316,2,FINGER
1316,2,FINGER
1317,1,BUNCH
1318,2,FINGER
1318,2,FINGER
1319,2,FINGER
1319,2,FINGER
1320,2,FINGER
1320,2,FINGER
1321,2,FINGER
1321,2,FINGER
1322,2,FINGER
1322,2,FINGER
1323,2,FINGER
1323,2,FINGER
1324,2,FINGER
1324,2,FINGER
1325,2,FINGER
1325,2,FINGER
1326,2,FINGER
1326,2,FINGER
1327,2,FINGER
1327,2,FINGER
1328,2,FINGER
1328,2,FINGER
1329,2,FINGER
1329,2,FINGER
1330,2,FINGER
1330,2,FINGER
1331,2,FINGER
1331,2,FINGER
1332,2,FINGER
1332,2,FINGER
1333,2,FINGER
1333,2,FINGER
1334,2,FINGER
1334,2,FINGER
1335,2,FINGER
1335,2,FINGER
1336,2,FINGER
1336,2,FINGER
1337,2,FINGER
1337,2,FINGER
1338,1,BUNCH
1339,1,BUNCH
1340,2,FINGER
1340,2,FINGER
1341,2,FINGER
1341,2,FINGER
1342,2,FINGER
1342,2,FINGER
1343,2,FINGER
1343,2,FINGER
1344,1,FINGER
1345,0,
1346,0,
1347,0,
1348,0,
1349,0,
1350,0,
1351,0,
1352,0,
1353,0,
1354,0,
1355,0,
1356,0,
1357,0,
1358,0,
1380,2,FINGER
1380,2,UNCERTAIN
1381,1,BUNCH
1382,1,BUNCH
1383,2,FINGER
1383,2,FINGER
1384,2,FINGER
1384,2,FINGER
1385,2,FINGER
1385,2,FINGER
1386,2,FINGER
1386,2,FINGER
1387,1,BUNCH
1388,1,BUNCH
1389,1,BUNCH
1390,1,BUNCH
1391,2,FINGER
1391,2,FINGER
1392,1,BUNCH
1393,1,BUNCH
1394,1,BUNCH
1395,1,BUNCH
1396,2,FINGER
1396,2,FINGER
1397,1,BUNCH
1398,1,BUNCH
1399,1,BUNCH
1400,2,FINGER
1400,2,FINGER
1401,1,BUNCH
1402,1,BUNCH
1403,1,BUNCH
1404,2,FINGER
1404,2,FINGER
1405,1,BUNCH
1406,1,BUNCH
1407,2,FINGER
1407,2,FINGER
1408,2,FINGER
1408,2,FINGER
1409,1,BUNCH
1410,1,BUNCH
1411,2,FINGER
1411,2,FINGER
1412,1,BUNCH
1413,1,BUNCH
1414,1,BUNCH
1415,2,FINGER
1415,2,FINGER
1416,2,FINGER
1416,2,FINGER
1417,1,BUNCH
1418,1,BUNCH
1419,2,FINGER
1419,2,FINGER
1420,2,FINGER
1420,2,FINGER
1421,1,BUNCH
1422,1,BUNCH
1423,2,FINGER
1423,2,FINGER
1424,2,FINGER
1424,2,FINGER
1425,2,FINGER
1425,2,FINGER
1426,1,BUNCH
1427,1,BUNCH
1428,2,FINGER
1428,2,FINGER
1429,2,FINGER
1429,2,FINGER
1430,2,FINGER
1430,2,FINGER
1431,2,FINGER
1431,2,FINGER
1432,2,FINGER
1432,2,FINGER
1433,2,FINGER
1433,2,FINGER
1434,2,FINGER
1434,2,FINGER
1435,1,FINGER
1436,0,
1437,0,
1438,0,
1439,0,
1440,0,
1441,0,
1442,0,
1443,0,
1444,0,
1445,0,
1446,0,
1447,0,
1448,0,
1449,0,
1477,2,FINGER
1477,2,FINGER
1478,2,FINGER
1478,2,FINGER
1479,2,FINGER
1479,2,FINGER
1480,2,FINGER
1480,2,FINGER
1481,2,FINGER
1481,2,FINGER
1482,1,BUNCH
1483,1,BUNCH
1484,1,BUNCH
1485,1,BUNCH
1486,1,BUNCH
1487,1,BUNCH
1488,2,FINGER
1488,2,FINGER
1489,2,FINGER
1489,2,FINGER
1490,1,BUNCH
1491,1,BUNCH
1492,1,BUNCH
1493,2,FINGER
1493,2,BUNCH
1494,1,BUNCH
1495,1,BUNCH
1496,1,BUNCH
1497,2,BUNCH
1497,2,FINGER
1498,1,BUNCH
1499,1,BUNCH
1500,1,BUNCH
1501,2,FINGER
1501,2,FINGER
1502,1,BUNCH
1503,1,BUNCH
1504,2,FINGER
1504,2,FINGER
1505,1,BUNCH
1506,1,BUNCH
1507,1,BUNCH
1508,2,FINGER
1508,2,FINGER
1509,2,FINGER
1509,2,FINGER
1510,1,BUNCH
1511,1,BUNCH
1512,1,BUNCH
1513,2,FINGER
1513,2,FINGER
1514,1,BUNCH
1515,1,BUNCH
1516,1,BUNCH
1517,1,BUNCH
1518,2,FINGER
1518,2,FINGER
1519,1,BUNCH
1520,1,BUNCH
1521,1,BUNCH
1522,1,BUNCH
1523,2,FINGER
1523,2,FINGER
1524,2,FINGER
1524,2,FINGER
1525,1,BUNCH
1526,1,BUNCH
1527,2,FINGER
1527,2,FINGER
1528,2,FINGER
1528,2,FINGER
1529,2,FINGER
1529,2,FINGER
1530,2,FINGER
1530,2,FINGER
1531,1,FINGER
1532,0,
1533,0,
1534,0,
1535,0,
1536,0,
1537,0,
1538,0,
1539,0,
1540,0,
1541,0,
1542,0,
1543,0,
1544,0,
1545,0,
1571,1,FINGER
1572,1,FINGER
1573,1,BUNCH
1574,1,BUNCH
1575,1,BUNCH
1576,1,BUNCH
1577,1,BUNCH
1578,2,FINGER
1578,2,FINGER
1579,2,FINGER
1579,2,FINGER
1580,1,BUNCH
1581,1,BUNCH
1582,1,BUNCH
1583,1,BUNCH
1584,1,BUNCH
1585,2,FINGER
1585,2,FINGER
1586,1,BUNCH
1587,1,BUNCH
1588,1,BUNCH
1589,1,BUNCH
1590,1,BUNCH
1591,1,BUNCH
1592,1,BUNCH
1593,1,BUNCH
1594,2,FINGER
1594,2,FINGER
1595,1,BUNCH
1596,1,BUNCH
1597,2,BUNCH
1597,2,FINGER
1598,1,BUNCH
1599,1,BUNCH
1600,1,BUNCH
1601,2,FINGER
1601,2,FINGER
1602,1,BUNCH
1603,1,BUNCH
1604,2,FINGER
1604,2,FINGER
1605,1,BUNCH
1606,1,BUNCH
1607,1,BUNCH
1608,2,FINGER
1608,2,FINGER
1609,1,BUNCH
1610,1,BUNCH
1611,2,FINGER
1611,2,FINGER
1612,2,FINGER
1612,2,FINGER
1613,1,BUNCH
1614,1,BUNCH
1615,2,FINGER
1615,2,FINGER
1616,2,FINGER
1616,2,FINGER
1617,2,FINGER
1617,2,FINGER
1618,1,BUNCH
1619,1,BUNCH
1620,1,BUNCH
1621,2,FINGER
1621,2,FINGER
1622,2,FINGER
1622,2,FINGER
1623,2,FINGER
1623,2,FINGER
1624,2,FINGER
1624,2,FINGER
1625,2,FINGER
1625,2,FINGER
1626,1,FINGER
1627,0,
1628,0,
1629,0,
1630,0,
1631,0,
1632,0,
1633,0,
1634,0,
1635,0,
1636,0,
1637,0,
1638,0,
1639,0,
1640,0,
1673,1,FINGER
1674,1,FINGER
1675,2,FINGER
1675,2,UNCERTAIN
1676,1,BUNCH
1677,1,BUNCH
1678,1,BUNCH
1679,1,BUNCH
1680,1,BUNCH
1681,1,BUNCH
1682,1,BUNCH
1683,1,BUNCH
1684,1,BUNCH
1685,1,BUNCH
1686,1,BUNCH
1687,1,BUNCH
1688,1,BUNCH
1689,1,BUNCH
1690,1,BUNCH
1691,1,BUNCH
1692,1,BUNCH
1693,1,BUNCH
1694,1,BUNCH
1695,1,BUNCH
1696,1,BUNCH
1697,1,BUNCH
1698,1,BUNCH
1699,1,BUNCH
1700,1,BUNCH
1701,1,BUNCH
1702,1,BUNCH
1703,1,BUNCH
1704,1,BUNCH
1705,1,BUNCH
1706,1,BUNCH
1707,1,BUNCH
1708,2,FINGER
1708,2,FINGER
1709,1,BUNCH
1710,1,BUNCH
1711,1,BUNCH
1712,2,FINGER
1712,2,FINGER
1713,1,BUNCH
1714,1,BUNCH
1715,1,BUNCH
1716,2,FINGER
1716,2,FINGER
1717,1,BUNCH
1718,1,BUNCH
1719,1,BUNCH
1720,1,BUNCH
1721,2,FINGER
1721,2,FINGER
1722,2,FINGER
1722,2,FINGER
1723,2,FINGER
1723,2,FINGER
1724,2,FINGER
1724,2,FINGER
1725,2,FINGER
1725,2,FINGER
1726,2,FINGER
1726,2,FINGER
1727,1,FINGER
1728,0,
1729,0,
1730,0,
1731,0,
1732,0,
1733,0,
1734,0,
1735,0,
1736,0,
1737,0,
1738,0,
1739,0,
1740,0,
1741,0,
1768,1,FINGER
1769,1,FINGER
1770,2,FINGER
1770,2,FINGER
1771,1,BUNCH
1772,1,BUNCH
1773,1,BUNCH
1774,1,BUNCH
1775,1,BUNCH
1776,1,BUNCH
1777,1,BUNCH
1778,1,BUNCH
1779,1,BUNCH
1780,1,BUNCH
1781,1,BUNCH
1782,1,BUNCH
1783,1,BUNCH
1784,1,BUNCH
1785,1,BUNCH
1786,1,BUNCH
1787,2,FINGER
1787,2,FINGER
1788,1,BUNCH
1789,1,BUNCH
1790,1,BUNCH
1791,1,BUNCH
1792,1,BUNCH
1793,1,BUNCH
1794,1,BUNCH
1795,1,BUNCH
1796,1,BUNCH
1797,1,BUNCH
1798,1,BUNCH
1799,1,BUNCH
1800,1,BUNCH
1801,1,BUNCH
1802,1,BUNCH
1803,1,BUNCH
1804,1,BUNCH
1805,1,BUNCH
1806,2,FINGER
1806,2,FINGER
1807,1,BUNCH
1808,1,BUNCH
1809,1,BUNCH
1810,2,FINGER
1810,2,FINGER
1811,1,BUNCH
1812,1,BUNCH
1813,1,BUNCH
1814,2,FINGER
1814,2,FINGER
1815,1,BUNCH
1816,1,BUNCH
1817,1,BUNCH
1818,2,BUNCH
1818,2,FINGER
1819,2,FINGER
1819,2,FINGER
1820,2,FINGER
1820,2,FINGER
1821,2,FINGER
1821,2,FINGER
1822,1,BUNCH
1823,1,BUNCH
1824,2,BUNCH
1824,2,FINGER
1825,2,BUNCH
1825,2,FINGER
1826,0,
1827,0,
1828,0,
1829,0,
1830,0,
1831,0,
1832,0,
1833,0,
1834,0,
1835,0,
1836,0,
1837,0,
1838,0,
1839,0,
1840,0,
1874,2,UNCERTAIN
1874,2,UNCERTAIN
1875,2,FINGER
1875,2,FINGER
1876,2,FINGER
1876,2,FINGER
1877,2,FINGER
1877,2,FINGER
1878,2,FINGER
1878,2,FINGER
1879,2,FINGER
1879,2,FINGER
1880,2,FINGER
1880,2,FINGER
1881,2,FINGER
1881,2,FINGER
1882,2,FINGER
1882,2,FINGER
1883,2,FINGER
1883,2,FINGER
1884,1,BUNCH
1885,1,BUNCH
1886,1,BUNCH
1887,1,BUNCH
1888,1,BUNCH
1889,1,BUNCH
1890,1,BUNCH
1891,1,BUNCH
1892,1,BUNCH
1893,2,FINGER
1893,2,FINGER
1894,2,FINGER
1894,2,FINGER
1895,1,BUNCH
1896,1,BUNCH
1897,1,BUNCH
1898,1,BUNCH
1899,1,BUNCH
1900,2,FINGER
1900,2,FINGER
1901,2,FINGER
1901,2,FINGER
1902,1,BUNCH
1903,1,BUNCH
1904,1,BUNCH
1905,2,FINGER
1905,2,FINGER
1906,2,FINGER
1906,2,FINGER
1907,1,BUNCH
1908,1,BUNCH
1909,1,BUNCH
1910,2,FINGER
1910,2,FINGER
1911,1,BUNCH
1912,1,BUNCH
1913,1,BUNCH
1914,2,FINGER
1914,2,UNCERTAIN
1915,1,BUNCH
1916,1,BUNCH
1917,1,BUNCH
1918,2,FINGER
1918,2,FINGER
1919,2,FINGER
1919,2,FINGER
1920,1,BUNCH
1921,1,BUNCH
1922,1,BUNCH
1923,2,FINGER
1923,2,FINGER
1924,2,FINGER
1924,2,FINGER
1925,2,FINGER
1925,2,FINGER
1926,1,BUNCH
1927,1,BUNCH
1928,1,BUNCH
1929,2,FINGER
1929,2,FINGER
1930,2,FINGER
1930,2,FINGER
1931,2,FINGER
1931,2,FINGER
1932,1,BUNCH
1933,1,BUNCH
1934,1,BUNCH
1935,2,FINGER
1935,2,FINGER
1936,2,FINGER
1936,2,FINGER
1937,2,FINGER
1937,2,FINGER
1938,2,FINGER
1938,2,FINGER
1939,1,FINGER
1940,0,
1941,0,
1942,0,
1943,0,
1944,0,
1945,0,
1946,0,
1947,0,
1948,0,
1949,0,
1950,0,
1951,0,
1952,0,
1953,0,
1982,2,FINGER
1982,2,FINGER
1983,1,BUNCH
1984,1,BUNCH
1985,1,BUNCH
1986,1,BUNCH
1987,1,BUNCH
1988,1,BUNCH
1989,1,BUNCH
1990,1,BUNCH
1991,1,BUNCH
1992,1,BUNCH
1993,1,BUNCH
1994,1,BUNCH
1995,1,BUNCH
1996,1,BUNCH
1997,1,BUNCH
1998,1,BUNCH
1999,1,BUNCH
2000,1,BUNCH
2001,1,BUNCH
2002,1,BUNCH
2003,1,BUNCH
2004,1,BUNCH
2005,1,BUNCH
2006,1,BUNCH
2007,1,BUNCH
2008,1,BUNCH
2009,1,BUNCH
2010,1,BUNCH
2011,2,FINGER
2011,2,FINGER
2012,1,BUNCH
2013,1,BUNCH
2014,2,FINGER
2014,2,FINGER
2015,1,BUNCH
2016,1,BUNCH
2017,1,BUNCH
2018,2,FINGER
2018,2,FINGER
2019,1,BUNCH
2020,1,BUNCH
2021,1,BUNCH
2022,2,FINGER
2022,2,FINGER
2023,1,BUNCH
2024,1,BUNCH
2025,1,BUNCH
2026,2,FINGER
2026,2,FINGER
2027,2,FINGER
2027,2,FINGER
2028,2,FINGER
2028,2,FINGER
2029,2,FINGER
2029,2,FINGER
2030,2,FINGER
2030,2,FINGER
2031,2,FINGER
2031,2,FINGER
2032,2,FINGER
2032,2,FINGER
2033,2,FINGER
2033,2,FINGER
2034,1,FINGER
2035,0,
2036,0,
2037,0,
2038,0,
2039,0,
2040,0,
2041,0,
2042,0,
2043,0,
2044,0,
2045,0,
2046,0,
2047,0,
2048,0,
2049,0,
2076,2,FINGER
2076,2,FINGER
2077,1,BUNCH
2078,1,BUNCH
2079,1,BUNCH
2080,1,BUNCH
2081,1,BUNCH
2082,1,BUNCH
2083,1,BUNCH
2084,1,BUNCH
2085,1,BUNCH
2086,1,BUNCH
2087,1,BUNCH
2088,1,BUNCH
2089,1,BUNCH
2090,1,BUNCH
2091,1,BUNCH
2092,1,BUNCH
2093,2,FINGER
2093,2,FINGER
2094,1,BUNCH
2095,1,BUNCH
2096,1,BUNCH
2097,1,BUNCH
2098,1,BUNCH
2099,1,BUNCH
2100,1,BUNCH
2101,1,BUNCH
2102,2,FINGER
2102,2,FINGER
2103,1,BUNCH
2104,1,BUNCH
2105,1,BUNCH
2106,1,BUNCH
2107,1,BUNCH
2108,1,BUNCH
2109,1,BUNCH
2110,1,BUNCH
2111,1,BUNCH
2112,1,BUNCH
2113,1,BUNCH
2114,1,BUNCH
2115,1,BUNCH
2116,1,BUNCH
2117,2,FINGER
2117,2,BUNCH
2118,1,BUNCH
2119,1,BUNCH
2120,1,BUNCH
2121,2,FINGER
2121,2,FINGER
2122,2,FINGER
2122,2,FINGER
2123,2,FINGER
2123,2,FINGER
2124,2,FINGER
2124,2,FINGER
2125,1,BUNCH
2126,2,BUNCH
2126,2,FINGER
2127,2,BUNCH
2127,2,FINGER
2128,2,BUNCH
2128,2,FINGER
2129,0,
2130,0,
2131,0,
2132,0,
2133,0,
2134,0,
2135,0,
2136,0,
2137,0,
2138,0,
2139,0,
2140,0,
2141,0,
2142,0,
2143,0,
2183,1,FINGER
2184,1,FINGER
2185,1,FINGER
2186,2,FINGER
2186,2,FINGER
2187,2,FINGER
2187,2,FINGER
2188,2,FINGER
2188,2,FINGER
2189,2,FINGER
2189,2,FINGER
2190,2,FINGER
2190,2,FINGER
2191,2,FINGER
2191,2,FINGER
2192,2,FINGER
2192,2,FINGER
2193,2,FINGER
2193,2,FINGER
2194,2,FINGER
2194,2,FINGER
2195,2,FINGER
2195,2,FINGER
2196,1,BUNCH
2197,2,FINGER
2197,2,FINGER
2198,2,FINGER
2198,2,FINGER
2199,2,FINGER
2199,2,FINGER
2200,2,FINGER
2200,2,FINGER
2201,2,FINGER
2201,2,FINGER
2202,2,FINGER
2202,2,FINGER
2203,2,FINGER
2203,2,FINGER
2204,2,FINGER
2204,2,FINGER
2205,2,FINGER
2205,2,FINGER
2206,2,FINGER
2206,2,FINGER
2207,2,FINGER
2207,2,FINGER
2208,2,FINGER
2208,2,FINGER
2209,2,FINGER
2209,2,FINGER
2210,2,FINGER
2210,2,FINGER
2211,2,FINGER
2211,2,FINGER
2212,2,FINGER
2212,2,FINGER
2213,2,FINGER
2213,2,FINGER
2214,2,FINGER
2214,2,FINGER
2215,2,FINGER
2215,2,FINGER
2216,2,FINGER
2216,2,FINGER
2217,1,FINGER
2218,1,FINGER
2219,1,FINGER
2220,1,FINGER
2221,0,
2222,0,
2223,0,
2224,0,
2225,0,
2226,0,
2227,0,
2228,0,
2229,0,
2230,0,
2231,0,
2232,0,
2233,0,
2234,0,
2235,0,
2251,2,FINGER
2251,2,FINGER
2252,2,FINGER
2252,2,FINGER
2253,2,FINGER
2253,2,FINGER
2254,2,FINGER
2254,2,FINGER
2255,2,FINGER
2255,2,FINGER
2256,1,BUNCH
2257,2,FINGER
2257,2,FINGER
2258,2,FINGER
2258,2,FINGER
2259,2,FINGER
2259,2,FINGER
2260,2,FINGER
2260,2,FINGER
2261,2,FINGER
2261,2,FINGER
2262,2,FINGER
2262,2,FINGER
2263,1,BUNCH
2264,2,FINGER
2264,2,FINGER
2265,2,FINGER
2265,2,FINGER
2266,1,BUNCH
2267,2,FINGER
2267,2,FINGER
2268,2,FINGER
2268,2,FINGER
2269,1,BUNCH
2270,2,FINGER
2270,2,FINGER
2271,2,FINGER
2271,2,FINGER
2272,2,FINGER
2272,2,FINGER
2273,2,FINGER
2273,2,FINGER
2274,2,FINGER
2274,2,FINGER
2275,2,FINGER
2275,2,FINGER
2276,2,FINGER
2276,2,FINGER
2277,2,FINGER
2277,2,FINGER
2278,2,FINGER
2278,2,FINGER
2279,2,FINGER
2279,2,FINGER
2280,2,FINGER
2280,2,FINGER
2281,2,FINGER
2281,2,FINGER
2282,1,FINGER
2283,1,FINGER
2284,1,FINGER
2285,1,FINGER
2286,0,
2287,0,
2288,0,
2289,0,
2290,0,
2291,0,
2292,0,
2293,0,
2294,0,
2295,0,
2296,0,
2297,0,
2298,0,
2299,0,
2314,2,FINGER
2314,2,FINGER
2315,2,FINGER
2315,2,FINGER
2316,2,FINGER
2316,2,FINGER
2317,2,FINGER
2317,2,FINGER
2318,2,FINGER
2318,2,FINGER
2319,2,FINGER
2319,2,FINGER
2320,2,FINGER
2320,2,FINGER
2321,2,FINGER
2321,2,FINGER
2322,1,BUNCH
2323,2,FINGER
2323,2,FINGER
2324,2,FINGER
2324,2,FINGER
2325,2,FINGER
2325,2,FINGER
2326,2,FINGER
2326,2,FINGER
2327,2,FINGER
2327,2,FINGER
2328,2,FINGER
2328,2,FINGER
2329,2,FINGER
2329,2,FINGER
2330,2,FINGER
2330,2,FINGER
2331,1,BUNCH
2332,2,FINGER
2332,2,FINGER
2333,2,FINGER
2333,2,FINGER
2334,2,FINGER
2334,2,FINGER
2335,2,FINGER
2335,2,FINGER
2336,2,FINGER
2336,2,FINGER
2337,2,FINGER
2337,2,FINGER
2338,2,FINGER
2338,2,FINGER
2339,2,FINGER
2339,2,FINGER
2340,2,FINGER
2340,2,FINGER
2341,2,FINGER
2341,2,FINGER
2342,2,FINGER
2342,2,FINGER
2343,2,FINGER
2343,2,FINGER
2344,2,FINGER
2344,2,FINGER
2345,2,FINGER
2345,2,FINGER
2346,2,FINGER
2346,2,FINGER
2347,1,FINGER
2348,1,FINGER
2349,1,FINGER
2350,0,
2351,0,
2352,0,
2353,0,
2354,0,
2355,0,
2356,0,
2357,0,
2358,0,
2359,0,
2360,0,
2361,0,
2362,0,
2363,0,
2364,0,
2385,2,UNCERTAIN
2385,2,UNCERTAIN
2386,2,FINGER
2386,2,FINGER
2387,2,BUNCH
2387,2,FINGER
2388,1,BUNCH
2389,1,BUNCH
2390,1,BUNCH
2391,2,FINGER
2391,2,FINGER
2392,2,FINGER
2392,2,FINGER
2393,2,FINGER
2393,2,FINGER
2394,2,FINGER
2394,2,FINGER
2395,1,BUNCH
2396,1,BUNCH
2397,1,BUNCH
2398,2,FINGER
2398,2,FINGER
2399,1,BUNCH
2400,1,BUNCH
2401,2,FINGER
2401,2,BUNCH
2402,1,BUNCH
2403,1,BUNCH
2404,2,BUNCH
2404,2,FINGER
2405,1,BUNCH
2406,2,FINGER
2406,2,FINGER
2407,1,BUNCH
2408,2,FINGER
2408,2,FINGER
2409,2,FINGER
2409,2,FINGER
2410,2,FINGER
2410,2,FINGER
2411,2,FINGER
2411,2,FINGER
2412,1,BUNCH
2413,2,FINGER
2413,2,FINGER
2414,2,FINGER
2414,2,FINGER
2415,1,BUNCH
2416,2,FINGER
2416,2,FINGER
2417,2,FINGER
2417,2,FINGER
2418,2,FINGER
2418,2,FINGER
2419,2,FINGER
2419,2,FINGER
2420,2,FINGER
2420,2,FINGER
2421,2,FINGER
2421,2,FINGER
2422,1,FINGER
2423,1,FINGER
2424,0,
2425,0,
2426,0,
2427,0,
2428,0,
2429,0,
2430,0,
2431,0,
2432,0,
2433,0,
2434,0,
2435,0,
2436,0,
2437,0,
2456,2,UNCERTAIN
2456,2,FINGER
2457,1,BUNCH
2458,1,BUNCH
2459,1,BUNCH
2460,1,BUNCH
2461,1,BUNCH
2462,2,FINGER
2462,2,BUNCH
2463,2,FINGER
2463,2,FINGER
2464,1,BUNCH
2465,1,BUNCH
2466,1,BUNCH
2467,2,FINGER
2467,2,FINGER
2468,1,BUNCH
2469,1,BUNCH
2470,2,FINGER
2470,2,BUNCH
2471,1,BUNCH
2472,1,BUNCH
2473,2,FINGER
2473,2,FINGER
2474,1,BUNCH
2475,2,FINGER
2475,2,BUNCH
2476,1,BUNCH
2477,1,BUNCH
2478,2,FINGER
2478,2,FINGER
2479,1,BUNCH
2480,2,FINGER
2480,2,FINGER
2481,2,FINGER
2481,2,FINGER
2482,1,BUNCH
2483,2,FINGER
2483,2,FINGER
2484,2,FINGER
2484,2,FINGER
2485,2,FINGER
2485,2,FINGER
2486,2,FINGER
2486,2,FINGER
2487,2,FINGER
2487,2,FINGER
2488,2,FINGER
2488,2,FINGER
2489,2,FINGER
2489,2,FINGER
2490,2,FINGER
2490,2,FINGER
2491,2,FINGER
2491,2,FINGER
2492,1,FINGER
2493,1,FINGER
2494,0,
2495,0,
2496,0,
2497,0,
2498,0,
2499,0,
2500,0,
2501,0,
2502,0,
2503,0,
2504,0,
2505,0,
2506,0,
2507,0,
2508,0,
2527,2,FINGER
2527,2,FINGER
2528,1,BUNCH
2529,1,BUNCH
2530,1,BUNCH
2531,1,BUNCH
2532,2,FINGER
2532,2,BUNCH
2533,2,FINGER
2533,2,BUNCH
2534,2,FINGER
2534,2,FINGER
2535,1,BUNCH
2536,2,FINGER
2536,2,FINGER
2537,2,FINGER
2537,2,FINGER
2538,1,BUNCH
2539,2,FINGER
2539,2,FINGER
2540,2,FINGER
2540,2,FINGER
2541,1,BUNCH
2542,2,FINGER
2542,2,FINGER
2543,1,BUNCH
2544,2,FINGER
2544,2,FINGER
2545,1,BUNCH
2546,2,FINGER
2546,2,FINGER
2547,1,BUNCH
2548,2,FINGER
2548,2,BUNCH
2549,1,BUNCH
2550,2,FINGER
2550,2,FINGER
2551,2,FINGER
2551,2,FINGER
2552,2,FINGER
2552,2,FINGER
2553,2,FINGER
2553,2,FINGER
2554,2,FINGER
2554,2,FINGER
2555,2,FINGER
2555,2,FINGER
2556,2,FINGER
2556,2,FINGER
2557,2,FINGER
2557,2,FINGER
2558,2,FINGER
2558,2,FINGER
2559,1,FINGER
2560,1,FINGER
2561,0,
2562,0,
2563,0,
2564,0,
2565,0,
2566,0,
2567,0,
2568,0,
2569,0,
2570,0,
2571,0,
2572,0,
2573,0,
2574,0,
2575,0,
2594,2,UNCERTAIN
2594,2,FINGER
2595,1,BUNCH
2596,2,FINGER
2596,2,FINGER
2597,2,FINGER
2597,2,FINGER
2598,2,FINGER
2598,2,FINGER
2599,1,BUNCH
2600,1,BUNCH
2601,1,BUNCH
2602,1,BUNCH
2603,1,BUNCH
2604,1,BUNCH
2605,1,BUNCH
2606,1,BUNCH
2607,2,BUNCH
2607,2,FINGER
2608,1,BUNCH
2609,2,FINGER
2609,2,FINGER
2610,1,BUNCH
2611,2,FINGER
2611,2,FINGER
2612,1,BUNCH
2613,2,FINGER
2613,2,FINGER
2614,2,FINGER
2614,2,FINGER
2615,2,FINGER
2615,2,FINGER
2616,2,FINGER
2616,2,FINGER
2617,2,FINGER
2617,2,FINGER
2618,2,FINGER
2618,2,FINGER
2619,2,FINGER
2619,2,FINGER
2620,1,FINGER
2621,0,
2622,0,
2623,0,
2624,0,
2625,0,
2626,0,
2627,0,
2628,0,
2629,0,
2630,0,
2631,0,
2632,0,
2633,0,
2634,0,
2635,0,
2653,1,FINGER
2654,2,FINGER
2654,2,FINGER
2655,2,FINGER
2655,2,FINGER
2656,2,FINGER
2656,2,FINGER
2657,2,FINGER
2657,2,FINGER
2658,2,FINGER
2658,2,FINGER
2659,2,FINGER
2659,2,FINGER
2660,2,FINGER
2660,2,FINGER
2661,1,BUNCH
2662,1,BUNCH
2663,1,BUNCH
2664,1,BUNCH
2665,1,BUNCH
2666,1,BUNCH
2667,1,BUNCH
2668,1,BUNCH
2669,1,BUNCH
2670,1,BUNCH
2671,1,BUNCH
2672,2,FINGER
2672,2,FINGER
2673,2,FINGER
2673,2,FINGER
2674,2,FINGER
2674,2,FINGER
2675,2,FINGER
2675,2,FINGER
2676,2,FINGER
2676,2,FINGER
2677,2,FINGER
2677,2,FINGER
2678,2,FINGER
2678,2,FINGER
2679,2,FINGER
2679,2,FINGER
2680,2,FINGER
2680,2,FINGER
2681,2,FINGER
2681,2,FINGER
2682,2,FINGER
2682,2,FINGER
2683,2,FINGER
2683,2,FINGER
2684,2,FINGER
2684,2,FINGER
2685,2,FINGER
2685,2,FINGER
2686,2,FINGER
2686,2,FINGER
2687,2,FINGER
2687,2,FINGER
2688,2,FINGER
2688,2,FINGER
2689,2,FINGER
2689,2,FINGER
2690,2,FINGER
2690,2,FINGER
2691,2,FINGER
2691,2,FINGER
2692,2,FINGER
2692,2,FINGER
2693,0,
2694,0,
2695,0,
2696,0,
2697,0,
2698,0,
2699,0,
2700,0,
2701,0,
2702,0,
2703,0,
2704,0,
2705,0,
2706,0,
2707,0,
2721,2,FINGER
2721,2,FINGER
2722,2,FINGER
2722,2,FINGER
2723,2,FINGER
2723,2,FINGER
2724,2,FINGER
2724,2,FINGER
2725,2,FINGER
2725,2,FINGER
2726,2,FINGER
2726,2,FINGER
2727,2,FINGER
2727,2,FINGER
2728,2,FINGER
2728,2,FINGER
2729,2,FINGER
2729,2,FINGER
2730,2,FINGER
2730,2,FINGER
2731,2,FINGER
2731,2,FINGER
2732,2,FINGER
2732,2,FINGER
2733,2,FINGER
2733,2,FINGER
2734,2,FINGER
2734,2,FINGER
2735,2,FINGER
2735,2,FINGER
2736,2,FINGER
2736,2,FINGER
2737,2,FINGER
2737,2,FINGER
2738,2,FINGER
2738,2,FINGER
2739,2,FINGER
2739,2,FINGER
2740,2,FINGER
2740,2,FINGER
2741,2,FINGER
2741,2,FINGER
2742,2,FINGER
2742,2,FINGER
2743,2,FINGER
2743,2,FINGER
2744,2,FINGER
2744,2,FINGER
2745,2,FINGER
2745,2,FINGER
2746,2,FINGER
2746,2,FINGER
2747,2,FINGER
2747,2,FINGER
2748,2,FINGER
2748,2,FINGER
2749,2,FINGER
2749,2,FINGER
2750,2,FINGER
2750,2,FINGER
2751,2,FINGER
2751,2,FINGER
2752,2,FINGER
2752,2,FINGER
2753,2,FINGER
2753,2,FINGER
2754,2,FINGER
2754,2,FINGER
2755,2,FINGER
2755,2,FINGER
2756,2,FINGER
2756,2,FINGER
2757,2,FINGER
2757,2,FINGER
2758,2,FINGER
2758,2,FINGER
2759,2,FINGER
2759,2,FINGER
2760,1,FINGER
2761,1,FINGER
2762,0,
2763,0,
2764,0,
2765,0,
2766,0,
2767,0,
2768,0,
2769,0,
2770,0,
2771,0,
2772,0,
2773,0,
2774,0,
2775,0,
2789,1,FINGER
2790,1,FINGER
2791,2,FINGER
2791,2,UNCERTAIN
2792,2,FINGER
2792,2,FINGER
2793,2,FINGER
2793,2,FINGER
2794,2,FINGER
2794,2,FINGER
2795,2,FINGER
2795,2,FINGER
2796,2,FINGER
2796,2,FINGER
2797,1,BUNCH
2798,1,BUNCH
2799,1,BUNCH
2800,1,BUNCH
2801,1,BUNCH
2802,1,BUNCH
2803,2,BUNCH
2803,2,FINGER
2804,2,BUNCH
2804,2,FINGER
2805,2,FINGER
2805,2,FINGER
2806,2,FINGER
2806,2,FINGER
2807,2,FINGER
2807,2,FINGER
2808,2,FINGER
2808,2,FINGER
2809,2,FINGER
2809,2,FINGER
2810,2,FINGER
2810,2,FINGER
2811,2,FINGER
2811,2,FINGER
2812,2,FINGER
2812,2,FINGER
2813,2,FINGER
2813,2,FINGER
2814,2,FINGER
2814,2,FINGER
2815,2,FINGER
2815,2,FINGER
2816,2,FINGER
2816,2,FINGER
2817,2,FINGER
2817,2,FINGER
2818,2,FINGER
2818,2,FINGER
2819,2,FINGER
2819,2,FINGER
2820,2,FINGER
2820,2,FINGER
2821,2,FINGER
2821,2,FINGER
2822,2,FINGER
2822,2,FINGER
2823,2,FINGER
2823,2,FINGER
2824,2,FINGER
2824,2,FINGER
2825,2,FINGER
2825,2,FINGER
2826,2,FINGER
2826,2,FINGER
2827,2,FINGER
2827,2,FINGER
2828,2,FINGER
2828,2,FINGER
2829,1,FINGER
2830,1,FINGER
2831,1,FINGER
2832,1,FINGER
2833,1,FINGER
2834,0,
2835,0,
2836,0,
2837,0,
2838,0,
2839,0,
2840,0,
2841,0,
2842,0,
2843,0,
2844,0,
2845,0,
2846,0,
2847,0,
2861,2,UNCERTAIN
2861,2,UNCERTAIN
2862,2,FINGER
2862,2,FINGER
2863,2,FINGER
2863,2,FINGER
2864,2,FINGER
2864,2,FINGER
2865,2,FINGER
2865,2,FINGER
2866,2,FINGER
2866,2,FINGER
2867,2,FINGER
2867,2,FINGER
2868,2,FINGER
2868,2,FINGER
2869,2,FINGER
2869,2,FINGER
2870,2,FINGER
2870,2,FINGER
2871,2,FINGER
2871,2,FINGER
2872,2,FINGER
2872,2,FINGER
2873,2,FINGER
2873,2,FINGER
2874,2,FINGER
2874,2,FINGER
2875,2,FINGER
2875,2,FINGER
2876,2,FINGER
2876,2,FINGER
2877,2,FINGER
2877,2,FINGER
2878,1,BUNCH
2879,1,BUNCH
2880,1,BUNCH
2881,1,BUNCH
2882,1,BUNCH
2883,1,BUNCH
2884,1,BUNCH
2885,1,BUNCH
2886,2,FINGER
2886,2,BUNCH
2887,2,FINGER
2887,2,FINGER
2888,2,FINGER
2888,2,FINGER
2889,2,FINGER
2889,2,FINGER
2890,2,FINGER
2890,2,FINGER
2891,2,FINGER
2891,2,FINGER
2892,2,FINGER
2892,2,FINGER
2893,2,FINGER
2893,2,FINGER
2894,2,FINGER
2894,2,FINGER
2895,2,FINGER
2895,2,FINGER
2896,2,FINGER
2896,2,FINGER
2897,2,FINGER
2897,2,FINGER
2898,2,FINGER
2898,2,FINGER
2899,2,FINGER
2899,2,FINGER
2900,2,FINGER
2900,2,FINGER
2901,2,FINGER
2901,2,FINGER
2902,1,FINGER
2903,1,FINGER
2904,0,
2905,0,
2906,0,
2907,0,
2908,0,
2909,0,
2910,0,
2911,0,
2912,0,
2913,0,
2914,0,
2915,0,
2916,0,
2917,0,
2931,1,FINGER
2932,2,FINGER
2932,2,UNCERTAIN
2933,2,FINGER
2933,2,FINGER
2934,2,FINGER
2934,2,FINGER
2935,2,FINGER
2935,2,FINGER
2936,2,FINGER
2936,2,FINGER
2937,2,FINGER
2937,2,FINGER
2938,2,FINGER
2938,2,FINGER
2939,2,FINGER
2939,2,FINGER
2940,2,FINGER
2940,2,FINGER
2941,2,FINGER
2941,2,FINGER
2942,2,FINGER
2942,2,FINGER
2943,2,FINGER
2943,2,FINGER
2944,2,FINGER
2944,2,FINGER
2945,2,FINGER
2945,2,FINGER
2946,2,FINGER
2946,2,FINGER
2947,2,FINGER
2947,2,FINGER
2948,2,FINGER
2948,2,FINGER
2949,2,FINGER
2949,2,FINGER
2950,2,FINGER
2950,2,FINGER
2951,2,FINGER
2951,2,FINGER
2952,2,FINGER
2952,2,FINGER
2953,2,FINGER
2953,2,FINGER
2954,2,FINGER
2954,2,FINGER
2955,2,FINGER
2955,2,FINGER
2956,2,FINGER
2956,2,FINGER
2957,2,FINGER
2957,2,FINGER
2958,2,FINGER
2958,2,FINGER
2959,2,FINGER
2959,2,FINGER
2960,2,FINGER
2960,2,FINGER
2961,2,FINGER
2961,2,FINGER
2962,2,FINGER
2962,2,FINGER
2963,2,FINGER
2963,2,FINGER
2964,2,FINGER
2964,2,FINGER
2965,2,FINGER
2965,2,FINGER
2966,2,FINGER
2966,2,FINGER
2967,2,FINGER
2967,2,FINGER
2968,2,FINGER
2968,2,FINGER
2969,2,FINGER
2969,2,FINGER
2970,2,FINGER
2970,2,FINGER
2971,2,FINGER
2971,2,FINGER
2972,2,FINGER
2972,2,FINGER
2973,2,FINGER
2973,2,FINGER
2974,2,FINGER
2974,2,FINGER
2975,1,FINGER
2976,1,FINGER
2977,0,
2978,0,
2979,0,
2980,0,
2981,0,
2982,0,
2983,0,
2984,0,
2985,0,
2986,0,
2987,0,
2988,0,
2989,0,
2990,0,
3008,2,UNCERTAIN
3008,2,FINGER
3009,2,FINGER
3009,2,FINGER
3010,2,FINGER
3010,2,FINGER
3011,2,FINGER
3011,2,FINGER
3012,2,FINGER
3012,2,FINGER
3013,2,FINGER
3013,2,FINGER
3014,1,BUNCH
3015,1,BUNCH
3016,1,BUNCH
3017,1,BUNCH
3018,2,FINGER
3018,2,FINGER
3019,2,FINGER
3019,2,FINGER
3020,2,FINGER
3020,2,FINGER
3021,2,FINGER
3021,2,FINGER
3022,2,FINGER
3022,2,FINGER
3023,2,FINGER
3023,2,FINGER
3024,2,FINGER
3024,2,FINGER
3025,2,FINGER
3025,2,FINGER
3026,2,FINGER
3026,2,FINGER
3027,2,FINGER
3027,2,FINGER
3028,2,FINGER
3028,2,FINGER
3029,2,FINGER
3029,2,FINGER
3030,2,FINGER
3030,2,FINGER
3031,2,FINGER
3031,2,FINGER
3032,2,FINGER
3032,2,FINGER
3033,2,FINGER
3033,2,FINGER
3034,2,FINGER
3034,2,FINGER
3035,2,FINGER
3035,2,FINGER
3036,2,FINGER
3036,2,FINGER
3037,2,FINGER
3037,2,FINGER
3038,2,FINGER
3038,2,FINGER
3039,2,FINGER
3039,2,FINGER
3040,2,FINGER
3040,2,FINGER
3041,2,FINGER
3041,2,FINGER
3042,2,FINGER
3042,2,FINGER
3043,2,FINGER
3043,2,FINGER
3044,2,FINGER
3044,2,FINGER
3045,2,FINGER
3045,2,FINGER
3046,2,FINGER
3046,2,FINGER
3047,2,FINGER
3047,2,FINGER
3048,2,FINGER
3048,2,FINGER
3049,2,FINGER
3049,2,FINGER
3050,2,FINGER
3050,2,FINGER
3051,0,
3052,0,
3053,0,
3054,0,
3055,0,
3056,0,
3057,0,
3058,0,
3059,0,
3060,0,
3061,0,
3062,0,
3063,0,
3064,0,
3080,1,FINGER
3081,2,FINGER
3081,2,FINGER
3082,2,FINGER
3082,2,FINGER
3083,2,FINGER
3083,2,FINGER
3084,2,FINGER
3084,2,FINGER
3085,2,FINGER
3085,2,FINGER
3086,2,FINGER
3086,2,FINGER
3087,2,FINGER
3087,2,FINGER
3088,2,FINGER
3088,2,FINGER
3089,2,FINGER
3089,2,FINGER
3090,2,FINGER
3090,2,FINGER
3091,2,FINGER
3091,2,FINGER
3092,2,FINGER
3092,2,FINGER
3093,2,FINGER
3093,2,FINGER
3094,2,FINGER
3094,2,FINGER
3095,2,FINGER
3095,2,FINGER
3096,2,FINGER
3096,2,FINGER
3097,2,FINGER
3097,2,FINGER
3098,2,FINGER
3098,2,FINGER
3099,2,FINGER
3099,2,FINGER
3100,2,FINGER
3100,2,FINGER
3101,2,FINGER
3101,2,FINGER
3102,2,FINGER
3102,2,FINGER
3103,2,FINGER
3103,2,FINGER
3104,2,FINGER
3104,2,FINGER
3105,2,FINGER
3105,2,FINGER
3106,2,FINGER
3106,2,FINGER
3107,2,FINGER
3107,2,FINGER
3108,2,FINGER
3108,2,FINGER
3109,2,FINGER
3109,2,FINGER
3110,2,FINGER
3110,2,FINGER
3111,2,FINGER
3111,2,FINGER
3112,2,FINGER
3112,2,FINGER
3113,2,FINGER
3113,2,FINGER
3114,2,FINGER
3114,2,FINGER
3115,2,FINGER
3115,2,FINGER
3116,0,
3117,0,
3118,0,
3119,0,
3120,0,
3121,0,
3122,0,
3123,0,
3124,0,
3125,0,
3126,0,
3127,0,
3128,0,
3129,0,
3130,0,
3172,2,FINGER
3172,2,FINGER
3173,2,FINGER
3173,2,FINGER
3174,2,FINGER
3174,2,FINGER
3175,2,FINGER
3175,2,FINGER
3176,2,FINGER
3176,2,FINGER
3177,2,FINGER
3177,2,FINGER
3178,2,FINGER
3178,2,FINGER
3179,2,FINGER
3179,2,FINGER
3180,2,FINGER
3180,2,FINGER
3181,1,BUNCH
3182,1,BUNCH
3183,1,BUNCH
3184,1,BUNCH
3185,2,FINGER
3185,2,FINGER
3186,2,FINGER
3186,2,FINGER
3187,2,FINGER
3187,2,FINGER
3188,1,BUNCH
3189,2,FINGER
3189,2,FINGER
3190,2,FINGER
3190,2,FINGER
3191,2,FINGER
3191,2,FINGER
3192,1,BUNCH
3193,1,BUNCH
3194,2,FINGER
3194,2,FINGER
3195,1,BUNCH
3196,1,BUNCH
3197,1,BUNCH
3198,1,BUNCH
3199,1,BUNCH
3200,1,BUNCH
3201,1,BUNCH
3202,1,BUNCH
3203,1,BUNCH
3204,1,BUNCH
3205,1,BUNCH
3206,1,BUNCH
3207,1,BUNCH
3208,1,BUNCH
3209,1,BUNCH
3210,1,BUNCH
3211,1,BUNCH
3212,1,BUNCH
3213,2,FINGER
3213,2,FINGER
3214,2,FINGER
3214,2,FINGER
3215,2,FINGER
3215,2,FINGER
3216,2,FINGER
3216,2,FINGER
3217,2,FINGER
3217,2,FINGER
3218,1,FINGER
3219,0,
3220,0,
3221,0,
3222,0,
3223,0,
3224,0,
3225,0,
3226,0,
3227,0,
3228,0,
3229,0,
3230,0,
3231,0,
3232,0,
3233,0,
3251,2,FINGER
3251,2,FINGER
3252,2,FINGER
3252,2,FINGER
3253,2,FINGER
3253,2,FINGER
3254,2,FINGER
3254,2,FINGER
3255,2,FINGER
3255,2,FINGER
3256,2,FINGER
3256,2,FINGER
3257,2,FINGER
3257,2,FINGER
3258,2,FINGER
3258,2,FINGER
3259,2,FINGER
3259,2,FINGER
3260,2,FINGER
3260,2,FINGER
3261,2,FINGER
3261,2,FINGER
3262,2,FINGER
3262,2,FINGER
3263,2,FINGER
3263,2,FINGER
3264,2,FINGER
3264,2,FINGER
3265,2,FINGER
3265,2,FINGER
3266,2,FINGER
3266,2,FINGER
3267,2,FINGER
3267,2,FINGER
3268,1,BUNCH
3269,2,FINGER
3269,2,FINGER
3270,1,BUNCH
3271,1,BUNCH
3272,2,FINGER
3272,2,FINGER
3273,1,BUNCH
3274,2,FINGER
3274,2,FINGER
3275,1,BUNCH
3276,1,BUNCH
3277,2,FINGER
3277,2,FINGER
3278,1,BUNCH
3279,1,BUNCH
3280,1,BUNCH
3281,2,FINGER
3281,2,FINGER
3282,2,FINGER
3282,2,FINGER
3283,2,FINGER
3283,2,FINGER
3284,2,FINGER
3284,2,FINGER
3285,2,FINGER
3285,2,FINGER
3286,2,FINGER
3286,2,FINGER
3287,2,FINGER
3287,2,FINGER
3288,2,FINGER
3288,2,FINGER
3289,2,FINGER
3289,2,FINGER
3290,0,
3291,0,
3292,0,
3293,0,
3294,0,
3295,0,
3296,0,
3297,0,
3298,0,
3299,0,
3300,0,
3301,0,
3302,0,
3303,0,
3304,0,
3323,1,UNCERTAIN
3324,1,FINGER
3325,1,FINGER
3326,2,FINGER
3326,2,FINGER
3327,2,FINGER
3327,2,FINGER
3328,2,FINGER
3328,2,FINGER
3329,2,FINGER
3329,2,FINGER
3330,2,FINGER
3330,2,FINGER
3331,2,FINGER
3331,2,FINGER
3332,2,FINGER
3332,2,FINGER
3333,2,FINGER
3333,2,FINGER
3334,2,FINGER
3334,2,FINGER
3335,2,FINGER
3335,2,FINGER
3336,2,FINGER
3336,2,FINGER
3337,1,BUNCH
3338,1,BUNCH
3339,2,FINGER
3339,2,FINGER
3340,2,FINGER
3340,2,FINGER
3341,2,FINGER
3341,2,FINGER
3342,1,BUNCH
3343,2,FINGER
3343,2,FINGER
3344,2,FINGER
3344,2,FINGER
3345,2,FINGER
3345,2,FINGER
3346,1,BUNCH
3347,2,BUNCH
3347,2,FINGER
3348,2,FINGER
3348,2,FINGER
3349,1,BUNCH
3350,1,BUNCH
3351,2,FINGER
3351,2,FINGER
3352,1,BUNCH
3353,1,BUNCH
3354,2,FINGER
3354,2,FINGER
3355,1,BUNCH
3356,1,BUNCH
3357,2,FINGER
3357,2,FINGER
3358,2,FINGER
3358,2,FINGER
3359,1,BUNCH
3360,1,BUNCH
3361,1,BUNCH
3362,1,BUNCH
3363,1,BUNCH
3364,2,FINGER
3364,2,FINGER
3365,2,FINGER
3365,2,FINGER
3366,2,FINGER
3366,2,FINGER
3367,1,FINGER
3368,1,FINGER
3369,1,FINGER
3370,0,
3371,0,
3372,0,
3373,0,
3374,0,
3375,0,
3376,0,
3377,0,
3378,0,
3379,0,
3380,0,
3381,0,
3382,0,
3383,0,
3384,0,
3406,1,FINGER
3407,2,FINGER
3407,2,UNCERTAIN
3408,2,FINGER
3408,2,FINGER
3409,2,FINGER
3409,2,FINGER
3410,2,FINGER
3410,2,FINGER
3411,2,FINGER
3411,2,FINGER
3412,2,FINGER
3412,2,FINGER
3413,2,FINGER
3413,2,FINGER
3414,2,FINGER
3414,2,FINGER
3415,2,FINGER
3415,2,FINGER
3416,2,FINGER
3416,2,FINGER
3417,1,BUNCH
3418,2,BUNCH
3418,2,FINGER
3419,2,FINGER
3419,2,FINGER
3420,1,BUNCH
3421,2,FINGER
3421,2,FINGER
3422,1,BUNCH
3423,2,FINGER
3423,2,FINGER
3424,1,BUNCH
3425,1,BUNCH
3426,2,FINGER
3426,2,FINGER
3427,1,BUNCH
3428,1,BUNCH
3429,2,BUNCH
3429,2,FINGER
3430,1,BUNCH
3431,1,BUNCH
3432,1,BUNCH
3433,1,BUNCH
3434,1,BUNCH
3435,1,BUNCH
3436,2,FINGER
3436,2,FINGER
3437,2,FINGER
3437,2,FINGER
3438,2,FINGER
3438,2,FINGER
3439,2,FINGER
3439,2,FINGER
3440,2,FINGER
3440,2,FINGER
3441,2,FINGER
3441,2,FINGER
3442,2,FINGER
3442,2,FINGER
3443,1,FINGER
3444,0,
3445,0,
3446,0,
3447,0,
3448,0,
3449,0,
3450,0,
3451,0,
3452,0,
3453,0,
3454,0,
3455,0,
3456,0,
3457,0,
3482,1,FINGER
3483,2,FINGER
3483,2,UNCERTAIN
3484,2,FINGER
3484,2,FINGER
3485,2,FINGER
3485,2,FINGER
3486,2,FINGER
3486,2,FINGER
3487,2,FINGER
3487,2,FINGER
3488,2,FINGER
3488,2,FINGER
3489,2,FINGER
3489,2,FINGER
3490,2,FINGER
3490,2,FINGER
3491,2,FINGER
3491,2,FINGER
3492,2,FINGER
3492,2,FINGER
3493,2,FINGER
3493,2,FINGER
3494,2,FINGER
3494,2,FINGER
3495,2,FINGER
3495,2,FINGER
3496,2,FINGER
3496,2,FINGER
3497,1,BUNCH
3498,2,FINGER
3498,2,FINGER
3499,2,FINGER
3499,2,FINGER
3500,2,FINGER
3500,2,FINGER
3501,1,BUNCH
3502,2,FINGER
3502,2,FINGER
3503,2,FINGER
3503,2,FINGER
3504,1,BUNCH
3505,2,FINGER
3505,2,FINGER
3506,2,FINGER
3506,2,FINGER
3507,1,BUNCH
3508,2,FINGER
3508,2,FINGER
3509,1,BUNCH
3510,1,BUNCH
3511,2,FINGER
3511,2,FINGER
3512,1,BUNCH
3513,1,BUNCH
3514,2,FINGER
3514,2,FINGER
3515,1,BUNCH
3516,1,BUNCH
3517,2,FINGER
3517,2,FINGER
3518,1,BUNCH
3519,1,BUNCH
3520,2,FINGER
3520,2,FINGER
3521,2,FINGER
3521,2,FINGER
3522,2,FINGER
3522,2,FINGER
3523,2,FINGER
3523,2,FINGER
3524,2,FINGER
3524,2,FINGER
3525,2,FINGER
3525,2,FINGER
3526,2,FINGER
3526,2,FINGER
3527,2,FINGER
3527,2,FINGER
3528,1,FINGER
3529,0,
3530,0,
3531,0,
3532,0,
3533,0,
3534,0,
3535,0,
3536,0,
3537,0,
3538,0,
3539,0,
3540,0,
3541,0,
3542,0,
3565,2,FINGER
3565,2,FINGER
3566,2,FINGER
3566,2,FINGER
3567,2,FINGER
3567,2,FINGER
3568,2,FINGER
3568,2,FINGER
3569,2,FINGER
3569,2,FINGER
3570,2,FINGER
3570,2,FINGER
3571,2,FINGER
3571,2,FINGER
3572,2,FINGER
3572,2,FINGER
3573,2,FINGER
3573,2,FINGER
3574,2,FINGER
3574,2,FINGER
3575,2,FINGER
3575,2,FINGER
3576,2,FINGER
3576,2,FINGER
3577,2,FINGER
3577,2,FINGER
3578,1,BUNCH
3579,2,FINGER
3579,2,FINGER
3580,2,FINGER
3580,2,FINGER
3581,2,FINGER
3581,2,FINGER
3582,1,BUNCH
3583,2,FINGER
3583,2,FINGER
3584,1,BUNCH
3585,1,BUNCH
3586,2,FINGER
3586,2,FINGER
3587,1,BUNCH
3588,2,FINGER
3588,2,FINGER
3589,1,BUNCH
3590,1,BUNCH
3591,2,FINGER
3591,2,FINGER
3592,1,BUNCH
3593,2,FINGER
3593,2,BUNCH
3594,1,BUNCH
3595,1,BUNCH
3596,2,FINGER
3596,2,FINGER
3597,1,BUNCH
3598,1,BUNCH
3599,1,BUNCH
3600,2,FINGER
3600,2,FINGER
3601,2,FINGER
3601,2,FINGER
3602,1,BUNCH
3603,1,BUNCH
3604,2,FINGER
3604,2,FINGER
3605,2,FINGER
3605,2,FINGER
3606,2,FINGER
3606,2,FINGER
3607,1,FINGER
3608,1,FINGER
3609,0,
3610,0,
3611,0,
3612,0,
3613,0,
3614,0,
3615,0,
3616,0,
3617,0,
3618,0,
3619,0,
3620,0,
3621,0,
3622,0,
3645,2,FINGER
3645,2,FINGER
3646,2,FINGER
3646,2,FINGER
3647,2,FINGER
3647,2,FINGER
3648,2,FINGER
3648,2,FINGER
3649,2,FINGER
3649,2,FINGER
3650,2,FINGER
3650,2,FINGER
3651,2,FINGER
3651,2,FINGER
3652,2,FINGER
3652,2,FINGER
3653,2,FINGER
3653,2,FINGER
3654,1,BUNCH
3655,2,FINGER
3655,2,FINGER
3656,2,FINGER
3656,2,FINGER
3657,2,FINGER
3657,2,FINGER
3658,1,BUNCH
3659,2,FINGER
3659,2,FINGER
3660,2,FINGER
3660,2,FINGER
3661,1,BUNCH
3662,2,FINGER
3662,2,FINGER
3663,1,BUNCH
3664,1,BUNCH
3665,2,FINGER
3665,2,BUNCH
3666,1,BUNCH
3667,2,FINGER
3667,2,FINGER
3668,1,BUNCH
3669,1,BUNCH
3670,1,BUNCH
3671,2,FINGER
3671,2,FINGER
3672,1,BUNCH
3673,1,BUNCH
3674,1,BUNCH
3675,1,BUNCH
3676,1,BUNCH
3677,1,BUNCH
3678,1,BUNCH
3679,1,BUNCH
3680,1,BUNCH
3681,1,BUNCH
3682,1,BUNCH
3683,1,BUNCH
3684,2,BUNCH
3684,2,FINGER
3685,2,BUNCH
3685,2,FINGER
3686,1,FINGER
3687,0,
3688,0,
3689,0,
3690,0,
3691,0,
3692,0,
3693,0,
3694,0,
3695,0,
3696,0,
3697,0,
3698,0,
3699,0,
3700,0,
3701,0,
3722,2,FINGER
3722,2,UNCERTAIN
3723,2,FINGER
3723,2,FINGER
3724,2,FINGER
3724,2,FINGER
3725,2,FINGER
3725,2,FINGER
3726,2,FINGER
3726,2,FINGER
3727,2,FINGER
3727,2,FINGER
3728,2,FINGER
3728,2,FINGER
3729,2,FINGER
3729,2,FINGER
3730,2,FINGER
3730,2,FINGER
3731,2,FINGER
3731,2,FINGER
3732,1,BUNCH
3733,2,FINGER
3733,2,FINGER
3734,2,FINGER
3734,2,FINGER
3735,2,FINGER
3735,2,FINGER
3736,2,FINGER
3736,2,FINGER
3737,2,FINGER
3737,2,FINGER
3738,1,BUNCH
3739,1,BUNCH
3740,2,FINGER
3740,2,FINGER
3741,1,BUNCH
3742,2,FINGER
3742,2,FINGER
3743,1,BUNCH
3744,1,BUNCH
3745,1,BUNCH
3746,1,BUNCH
3747,2,FINGER
3747,2,FINGER
3748,1,BUNCH
3749,2,FINGER
3749,2,FINGER
3750,1,BUNCH
3751,2,FINGER
3751,2,FINGER
3752,1,BUNCH
3753,1,BUNCH
3754,1,BUNCH
3755,1,BUNCH
3756,1,BUNCH
3757,1,BUNCH
3758,1,BUNCH
3759,2,FINGER
3759,2,BUNCH
3760,2,FINGER
3760,2,FINGER
3761,2,FINGER
3761,2,FINGER
3762,1,FINGER
3763,1,FINGER
3764,1,FINGER
3765,1,FINGER
3766,1,FINGER
3767,0,
3768,0,
3769,0,
3770,0,
3771,0,
3772,0,
3773,0,
3774,0,
3775,0,
3776,0,
3777,0,
3778,0,
3779,0,
3780,0,
3781,0,
3795,1,FINGER
3796,1,FINGER
3797,1,FINGER
3798,2,FINGER
3798,2,FINGER
3799,2,FINGER
3799,2,FINGER
3800,2,FINGER
3800,2,FINGER
3801,2,FINGER
3801,2,FINGER
3802,2,FINGER
3802,2,FINGER
3803,2,FINGER
3803,2,FINGER
3804,2,FINGER
3804,2,FINGER
3805,2,FINGER
3805,2,FINGER
3806,2,FINGER
3806,2,FINGER
3807,2,FINGER
3807,2,FINGER
3808,2,FINGER
3808,2,FINGER
3809,2,FINGER
3809,2,FINGER
3810,1,BUNCH
3811,1,BUNCH
3812,2,FINGER
3812,2,FINGER
3813,2,FINGER
3813,2,FINGER
3814,2,FINGER
3814,2,FINGER
3815,1,BUNCH
3816,2,FINGER
3816,2,FINGER
3817,2,FINGER
3817,2,FINGER
3818,1,BUNCH
3819,1,BUNCH
3820,2,FINGER
3820,2,FINGER
3821,1,BUNCH
3822,1,BUNCH
3823,2,FINGER
3823,2,FINGER
3824,1,BUNCH
3825,1,BUNCH
3826,1,BUNCH
3827,1,BUNCH
3828,2,BUNCH
3828,2,FINGER
3829,1,BUNCH
3830,2,FINGER
3830,2,FINGER
3831,1,BUNCH
3832,1,BUNCH
3833,1,BUNCH
3834,1,BUNCH
3835,2,BUNCH
3835,2,FINGER
3836,1,BUNCH
3837,1,BUNCH
3838,1,BUNCH
3839,1,BUNCH
3840,1,BUNCH
3841,1,BUNCH
3842,1,BUNCH
3843,1,BUNCH
3844,1,BUNCH
3845,1,FINGER
3846,0,
3847,0,
3848,0,
3849,0,
3850,0,
3851,0,
3852,0,
3853,0,
3854,0,
3855,0,
3856,0,
3857,0,
3858,0,
3859,0,
3883,2,FINGER
3883,2,FINGER
3884,2,FINGER
3884,2,FINGER
3885,2,FINGER
3885,2,FINGER
3886,2,FINGER
3886,2,FINGER
3887,2,FINGER
3887,2,FINGER
3888,2,FINGER
3888,2,FINGER
3889,2,FINGER
3889,2,FINGER
3890,2,FINGER
3890,2,FINGER
3891,2,FINGER
3891,2,FINGER
3892,2,FINGER
3892,2,FINGER
3893,2,FINGER
3893,2,FINGER
3894,2,FINGER
3894,2,FINGER
3895,1,BUNCH
3896,2,FINGER
3896,2,BUNCH
3897,1,BUNCH
3898,2,FINGER
3898,2,FINGER
3899,2,FINGER
3899,2,FINGER
3900,1,BUNCH
3901,2,FINGER
3901,2,FINGER
3902,1,BUNCH
3903,2,FINGER
3903,2,FINGER
3904,1,BUNCH
3905,2,FINGER
3905,2,FINGER
3906,1,BUNCH
3907,2,FINGER
3907,2,FINGER
3908,1,BUNCH
3909,1,BUNCH
3910,1,BUNCH
3911,2,FINGER
3911,2,FINGER
3912,1,BUNCH
3913,1,BUNCH
3914,2,FINGER
3914,2,FINGER
3915,1,BUNCH
3916,1,BUNCH
3917,1,BUNCH
3918,1,BUNCH
3919,1,BUNCH
3920,1,BUNCH
3921,1,FINGER
3922,1,FINGER
3923,1,FINGER
3924,0,
3925,0,
3926,0,
3927,0,
3928,0,
3929,0,
3930,0,
3931,0,
3932,0,
3933,0,
3934,0,
3935,0,
3936,0,
3937,0,
3953,1,UNCERTAIN
3954,2,FINGER
3954,2,FINGER
3955,2,FINGER
3955,2,FINGER
3956,2,FINGER
3956,2,FINGER
3957,2,FINGER
3957,2,FINGER
3958,2,FINGER
3958,2,FINGER
3959,2,FINGER
3959,2,FINGER
3960,2,FINGER
3960,2,FINGER
3961,2,FINGER
3961,2,FINGER
3962,2,FINGER
3962,2,FINGER
3963,2,FINGER
3963,2,FINGER
3964,2,FINGER
3964,2,FINGER
3965,2,FINGER
3965,2,FINGER
3966,2,FINGER
3966,2,FINGER
3967,1,BUNCH
3968,2,FINGER
3968,2,FINGER
3969,2,FINGER
3969,2,FINGER
3970,1,BUNCH
3971,2,FINGER
3971,2,FINGER
3972,2,FINGER
3972,2,FINGER
3973,1,BUNCH
3974,2,BUNCH
3974,2,FINGER
3975,1,BUNCH
3976,2,FINGER
3976,2,BUNCH
3977,1,BUNCH
3978,2,FINGER
3978,2,FINGER
3979,1,BUNCH
3980,1,BUNCH
3981,1,BUNCH
3982,2,FINGER
3982,2,FINGER
3983,1,BUNCH
3984,1,BUNCH
3985,1,BUNCH
3986,1,BUNCH
3987,1,BUNCH
3988,1,BUNCH
3989,1,BUNCH
3990,1,BUNCH
3991,2,FINGER
3991,2,FINGER
3992,2,FINGER
3992,2,FINGER
3993,1,FINGER
3994,1,FINGER
3995,0,
3996,0,
3997,0,
3998,0,
3999,0,
4000,0,
4001,0,
4002,0,
4003,0,
4004,0,
4005,0,
4006,0,
4007,0,
4008,0,
4033,2,FINGER
4033,2,FINGER
4034,2,FINGER
4034,2,FINGER
4035,2,FINGER
4035,2,FINGER
4036,2,FINGER
4036,2,FINGER
4037,2,FINGER
4037,2,FINGER
4038,2,FINGER
4038,2,FINGER
4039,2,FINGER
4039,2,FINGER
4040,2,FINGER
4040,2,FINGER
4041,2,FINGER
4041,2,FINGER
4042,2,FINGER
4042,2,FINGER
4043,2,FINGER
4043,2,FINGER
4044,2,FINGER
4044,2,FINGER
4045,2,FINGER
4045,2,FINGER
4046,1,BUNCH
4047,1,BUNCH
4048,1,BUNCH
4049,1,BUNCH
4050,2,FINGER
4050,2,FINGER
4051,1,BUNCH
4052,1,BUNCH
4053,1,BUNCH
4054,1,BUNCH
4055,1,BUNCH
4056,1,BUNCH
4057,2,FINGER
4057,2,FINGER
4058,1,BUNCH
4059,1,BUNCH
4060,2,BUNCH
4060,2,FINGER
4061,1,BUNCH
4062,1,BUNCH
4063,2,FINGER
4063,2,FINGER
4064,1,BUNCH
4065,1,BUNCH
4066,1,BUNCH
4067,2,FINGER
4067,2,FINGER
4068,2,FINGER
4068,2,FINGER
4069,2,FINGER
4069,2,FINGER
4070,2,FINGER
4070,2,FINGER
4071,2,FINGER
4071,2,FINGER
4072,2,FINGER
4072,2,FINGER
4073,2,FINGER
4073,2,FINGER
4074,1,FINGER
4075,0,
4076,0,
4077,0,
4078,0,
4079,0,
4080,0,
4081,0,
4082,0,
4083,0,
4084,0,
4085,0,
4086,0,
4087,0,
4088,0,
4104,1,FINGER
4105,1,FINGER
4106,1,FINGER
4107,2,FINGER
4107,2,FINGER
4108,2,FINGER
4108,2,FINGER
4109,2,FINGER
4109,2,FINGER
4110,1,BUNCH
4111,1,BUNCH
4112,1,BUNCH
4113,1,BUNCH
4114,1,BUNCH
4115,1,BUNCH
4116,1,BUNCH
4117,1,BUNCH
4118,1,BUNCH
4119,1,BUNCH
4120,1,BUNCH
4121,1,BUNCH
4122,2,FINGER
4122,2,FINGER
4123,1,BUNCH
4124,1,BUNCH
4125,1,BUNCH
4126,1,BUNCH
4127,1,BUNCH
4128,1,BUNCH
4129,1,BUNCH
4130,1,BUNCH
4131,1,BUNCH
4132,1,BUNCH
4133,1,BUNCH
4134,1,BUNCH
4135,2,FINGER
4135,2,FINGER
4136,1,BUNCH
4137,2,FINGER
4137,2,FINGER
4138,2,FINGER
4138,2,FINGER
4139,2,FINGER
4139,2,FINGER
4140,2,FINGER
4140,2,FINGER
4141,2,FINGER
4141,2,FINGER
4142,2,FINGER
4142,2,FINGER
4143,2,FINGER
4143,2,FINGER
4144,2,FINGER
4144,2,FINGER
4145,2,FINGER
4145,2,FINGER
4146,1,FINGER
4147,0,
4148,0,
4149,0,
4150,0,
4151,0,
4152,0,
4153,0,
4154,0,
4155,0,
4156,0,
4157,0,
4158,0,
4159,0,
4160,0,
4161,0,
4177,1,FINGER
4178,1,FINGER
4179,2,FINGER
4179,2,UNCERTAIN
4180,2,FINGER
4180,2,UNCERTAIN
4181,2,FINGER
4181,2,FINGER
4182,2,FINGER
4182,2,FINGER
4183,2,FINGER
4183,2,FINGER
4184,2,FINGER
4184,2,FINGER
4185,2,FINGER
4185,2,FINGER
4186,2,FINGER
4186,2,FINGER
4187,2,FINGER
4187,2,FINGER
4188,2,FINGER
4188,2,FINGER
4189,1,BUNCH
4190,1,BUNCH
4191,1,BUNCH
4192,2,FINGER
4192,2,FINGER
4193,2,FINGER
4193,2,FINGER
4194,1,BUNCH
4195,1,BUNCH
4196,2,FINGER
4196,2,FINGER
4197,1,BUNCH
4198,1,BUNCH
4199,2,FINGER
4199,2,FINGER
4200,1,BUNCH
4201,1,BUNCH
4202,2,FINGER
4202,2,BUNCH
4203,1,BUNCH
4204,2,FINGER
4204,2,FINGER
4205,1,BUNCH
4206,1,BUNCH
4207,2,FINGER
4207,2,FINGER
4208,2,FINGER
4208,2,FINGER
4209,2,FINGER
4209,2,FINGER
4210,2,FINGER
4210,2,FINGER
4211,2,FINGER
4211,2,FINGER
4212,2,FINGER
4212,2,FINGER
4213,2,FINGER
4213,2,FINGER
4214,2,FINGER
4214,2,FINGER
4215,2,FINGER
4215,2,FINGER
4216,2,FINGER
4216,2,FINGER
4217,2,FINGER
4217,2,FINGER
4218,2,FINGER
4218,2,FINGER
4219,2,FINGER
4219,2,FINGER
4220,1,FINGER
4221,0,
4222,0,
4223,0,
4224,0,
4225,0,
4226,0,
4227,0,
4228,0,
4229,0,
4230,0,
4231,0,
4232,0,
4233,0,
4234,0,
4253,1,FINGER
4254,1,FINGER
4255,2,FINGER
4255,2,FINGER
4256,2,FINGER
4256,2,FINGER
4257,2,FINGER
4257,2,FINGER
4258,2,FINGER
4258,2,FINGER
4259,2,FINGER
4259,2,FINGER
4260,2,FINGER
4260,2,FINGER
4261,2,FINGER
4261,2,FINGER
4262,2,FINGER
4262,2,FINGER
4263,2,FINGER
4263,2,FINGER
4264,2,FINGER
4264,2,FINGER
4265,2,FINGER
4265,2,FINGER
4266,2,FINGER
4266,2,FINGER
4267,2,FINGER
4267,2,FINGER
4268,2,FINGER
4268,2,FINGER
4269,2,FINGER
4269,2,FINGER
4270,2,FINGER
4270,2,FINGER
4271,2,FINGER
4271,2,FINGER
4272,2,FINGER
4272,2,FINGER
4273,2,FINGER
4273,2,FINGER
4274,2,FINGER
4274,2,FINGER
4275,2,FINGER
4275,2,FINGER
4276,2,FINGER
4276,2,FINGER
4277,2,FINGER
4277,2,FINGER
4278,2,FINGER
4278,2,FINGER
4279,1,BUNCH
4280,2,FINGER
4280,2,FINGER
4281,1,BUNCH
4282,1,BUNCH
4283,2,FINGER
4283,2,FINGER
4284,1,BUNCH
4285,1,BUNCH
4286,1,BUNCH
4287,1,BUNCH
4288,1,BUNCH
4289,1,BUNCH
4290,1,BUNCH
4291,1,BUNCH
4292,1,BUNCH
4293,1,BUNCH
4294,2,BUNCH
4294,2,FINGER
4295,2,BUNCH
4295,2,FINGER
4296,2,FINGER
4296,2,FINGER
4297,1,FINGER
4298,0,
4299,0,
4300,0,
4301,0,
4302,0,
4303,0,
4304,0,
4305,0,
4306,0,
4307,0,
4308,0,
4309,0,
4310,0,
4311,0,
4330,1,UNCERTAIN
4331,2,FINGER
4331,2,FINGER
4332,2,FINGER
4332,2,FINGER
4333,2,FINGER
4333,2,FINGER
4334,2,FINGER
4334,2,FINGER
4335,2,FINGER
4335,2,FINGER
4336,2,FINGER
4336,2,FINGER
4337,2,FINGER
4337,2,FINGER
4338,2,FINGER
4338,2,FINGER
4339,2,FINGER
4339,2,FINGER
4340,2,FINGER
4340,2,FINGER
4341,2,FINGER
4341,2,FINGER
4342,2,FINGER
4342,2,FINGER
4343,1,BUNCH
4344,2,FINGER
4344,2,FINGER
4345,2,FINGER
4345,2,FINGER
4346,1,BUNCH
4347,1,BUNCH
4348,1,BUNCH
4349,2,FINGER
4349,2,FINGER
4350,1,BUNCH
4351,1,BUNCH
4352,1,BUNCH
4353,1,BUNCH
4354,1,BUNCH
4355,1,BUNCH
4356,1,BUNCH
4357,1,BUNCH
4358,1,BUNCH
4359,1,BUNCH
4360,1,BUNCH
4361,1,BUNCH
4362,1,BUNCH
4363,1,BUNCH
4364,1,BUNCH
4365,1,BUNCH
4366,1,BUNCH
4367,1,BUNCH
4368,1,BUNCH
4369,1,BUNCH
4370,1,BUNCH
4371,1,BUNCH
4372,1,BUNCH
4373,1,BUNCH
4374,1,BUNCH
4375,2,FINGER
4375,2,FINGER
4376,1,FINGER
4377,1,FINGER
4378,0,
4379,0,
4380,0,
4381,0,
4382,0,
4383,0,
4384,0,
4385,0,
4386,0,
4387,0,
4388,0,
4389,0,
4390,0,
4391,0,
4407,1,FINGER
4408,1,FINGER
4409,2,FINGER
4409,2,FINGER
4410,2,FINGER
4410,2,FINGER
4411,2,FINGER
4411,2,FINGER
4412,2,FINGER
4412,2,FINGER
4413,1,BUNCH
4414,1,BUNCH
4415,1,BUNCH
4416,1,BUNCH
4417,1,BUNCH
4418,1,BUNCH
4419,1,BUNCH
4420,1,BUNCH
4421,1,BUNCH
4422,1,BUNCH
4423,1,BUNCH
4424,1,BUNCH
4425,1,BUNCH
4426,1,BUNCH
4427,1,BUNCH
4428,1,BUNCH
4429,2,FINGER
4429,2,FINGER
4430,2,FINGER
4430,2,FINGER
4431,2,FINGER
4431,2,FINGER
4432,2,FINGER
4432,2,FINGER
4433,2,FINGER
4433,2,FINGER
4434,2,FINGER
4434,2,FINGER
4435,1,BUNCH
4436,1,BUNCH
4437,1,BUNCH
4438,1,BUNCH
4439,1,BUNCH
4440,1,BUNCH
4441,1,BUNCH
4442,1,BUNCH
4443,1,BUNCH
4444,1,BUNCH
4445,1,BUNCH
4446,1,BUNCH
4447,1,BUNCH
4448,1,BUNCH
4449,2,FINGER
4449,2,BUNCH
4450,1,FINGER
4451,0,
4452,0,
4453,0,
4454,0,
4455,0,
4456,0,
4457,0,
4458,0,
4459,0,
4460,0,
4461,0,
4462,0,
4463,0,
4464,0,
4483,2,UNCERTAIN
4483,2,UNCERTAIN
4484,2,FINGER
4484,2,FINGER
4485,2,FINGER
4485,2,FINGER
4486,2,FINGER
4486,2,FINGER
4487,2,FINGER
4487,2,FINGER
4488,2,FINGER
4488,2,FINGER
4489,2,FINGER
4489,2,FINGER
4490,2,FINGER
4490,2,FINGER
4491,2,FINGER
4491,2,FINGER
4492,2,FINGER
4492,2,FINGER
4493,2,FINGER
4493,2,FINGER
4494,1,BUNCH
4495,2,FINGER
4495,2,FINGER
4496,2,FINGER
4496,2,FINGER
4497,2,FINGER
4497,2,FINGER
4498,2,FINGER
4498,2,FINGER
4499,1,BUNCH
4500,2,FINGER
4500,2,FINGER
4501,2,FINGER
4501,2,FINGER
4502,2,FINGER
4502,2,FINGER
4503,2,FINGER
4503,2,FINGER
4504,2,FINGER
4504,2,FINGER
4505,2,FINGER
4505,2,FINGER
4506,2,FINGER
4506,2,FINGER
4507,2,FINGER
4507,2,FINGER
4508,2,FINGER
4508,2,FINGER
4509,1,BUNCH
4510,1,BUNCH
4511,1,BUNCH
4512,1,BUNCH
4513,1,BUNCH
4514,1,BUNCH
4515,1,BUNCH
4516,1,BUNCH
4517,1,BUNCH
4518,1,BUNCH
4519,2,FINGER
4519,2,FINGER
4520,0,
4521,0,
4522,0,
4523,0,
4524,0,
4525,0,
4526,0,
4527,0,
4528,0,
4529,0,
4530,0,
4531,0,
4532,0,
4533,0,
4534,0,
4549,1,UNCERTAIN
4550,2,FINGER
4550,2,UNCERTAIN
4551,2,FINGER
4551,2,UNCERTAIN
4552,2,FINGER
4552,2,FINGER
4553,2,BUNCH
4553,2,FINGER
4554,1,BUNCH
4555,1,BUNCH
4556,1,BUNCH
4557,1,BUNCH
4558,1,BUNCH
4559,1,BUNCH
4560,1,BUNCH
4561,1,BUNCH
4562,1,BUNCH
4563,1,BUNCH
4564,1,BUNCH
4565,1,BUNCH
4566,1,BUNCH
4567,1,BUNCH
4568,1,BUNCH
4569,1,BUNCH
4570,1,BUNCH
4571,1,BUNCH
4572,1,BUNCH
4573,1,BUNCH
4574,1,BUNCH
4575,1,BUNCH
4576,1,BUNCH
4577,1,BUNCH
4578,1,BUNCH
4579,1,BUNCH
4580,1,BUNCH
4581,1,BUNCH
4582,1,BUNCH
4583,1,BUNCH
4584,1,BUNCH
4585,1,BUNCH
4586,1,BUNCH
4587,2,FINGER
4587,2,FINGER
4588,1,BUNCH
4589,1,BUNCH
4590,2,FINGER
4590,2,BUNCH
4591,1,FINGER
4592,1,FINGER
4593,0,
4594,0,
4595,0,
4596,0,
4597,0,
4598,0,
4599,0,
4600,0,
4601,0,
4602,0,
4603,0,
4604,0,
4605,0,
4606,0,
4625,2,UNCERTAIN
4625,2,UNCERTAIN
4626,2,FINGER
4626,2,UNCERTAIN
4627,2,FINGER
4627,2,FINGER
4628,1,BUNCH
4629,1,BUNCH
4630,1,BUNCH
4631,1,BUNCH
4632,1,BUNCH
4633,1,BUNCH
4634,1,BUNCH
4635,1,BUNCH
4636,1,BUNCH
4637,1,BUNCH
4638,1,BUNCH
4639,1,BUNCH
4640,1,BUNCH
4641,1,BUNCH
4642,1,BUNCH
4643,1,BUNCH
4644,1,BUNCH
4645,1,BUNCH
4646,1,BUNCH
4647,1,BUNCH
4648,1,BUNCH
4649,1,BUNCH
4650,1,BUNCH
4651,1,BUNCH
4652,1,BUNCH
4653,1,BUNCH
4654,1,BUNCH
4655,1,BUNCH
4656,1,BUNCH
4657,1,BUNCH
4658,1,BUNCH
4659,1,BUNCH
4660,2,FINGER
4660,2,FINGER
4661,1,BUNCH
4662,2,FINGER
4662,2,FINGER
4663,2,FINGER
4663,2,FINGER
4664,1,FINGER
4665,1,FINGER
4666,0,
4667,0,
4668,0,
4669,0,
4670,0,
4671,0,
4672,0,
4673,0,
4674,0,
4675,0,
4676,0,
4677,0,
4678,0,
4679,0,
4699,2,FINGER
4699,2,FINGER
4700,1,BUNCH
4701,1,BUNCH
4702,1,BUNCH
4703,1,BUNCH
4704,1,BUNCH
4705,1,BUNCH
4706,1,BUNCH
4707,1,BUNCH
4708,1,BUNCH
4709,1,BUNCH
4710,1,BUNCH
4711,1,BUNCH
4712,1,BUNCH
4713,1,BUNCH
4714,1,BUNCH
4715,1,BUNCH
4716,1,BUNCH
4717,1,BUNCH
4718,1,BUNCH
4719,1,BUNCH
4720,1,BUNCH
4721,1,BUNCH
4722,1,BUNCH
4723,1,BUNCH
4724,1,BUNCH
4725,1,BUNCH
4726,1,BUNCH
4727,1,BUNCH
4728,1,BUNCH
4729,1,BUNCH
4730,1,BUNCH
4731,1,BUNCH
4732,2,FINGER
4732,2,FINGER
4733,1,BUNCH
4734,2,FINGER
4734,2,FINGER
4735,2,FINGER
4735,2,FINGER
4736,1,FINGER
4737,1,FINGER
4738,0,
4739,0,
4740,0,
4741,0,
4742,0,
4743,0,
4744,0,
4745,0,
4746,0,
4747,0,
4748,0,
4749,0,
4750,0,
4751,0,
4752,0,
4770,2,FINGER
4770,2,UNCERTAIN
4771,1,BUNCH
4772,1,BUNCH
4773,1,BUNCH
4774,1,BUNCH
4775,1,BUNCH
4776,1,BUNCH
4777,1,BUNCH
4778,1,BUNCH
4779,1,BUNCH
4780,1,BUNCH
4781,1,BUNCH
4782,1,BUNCH
4783,1,BUNCH
4784,1,BUNCH
4785,1,BUNCH
4786,1,BUNCH
4787,1,BUNCH
4788,1,BUNCH
4789,1,BUNCH
4790,1,BUNCH
4791,1,BUNCH
4792,1,BUNCH
4793,1,BUNCH
4794,1,BUNCH
4795,1,BUNCH
4796,1,BUNCH
4797,1,BUNCH
4798,1,BUNCH
4799,1,BUNCH
4800,2,FINGER
4800,2,FINGER
4801,1,BUNCH
4802,2,FINGER
4802,2,FINGER
4803,2,FINGER
4803,2,FINGER
4804,2,FINGER
4804,2,FINGER
4805,2,FINGER
4805,2,FINGER
4806,2,FINGER
4806,2,FINGER
4807,2,FINGER
4807,2,FINGER
4808,2,FINGER
4808,2,FINGER
4809,1,FINGER
4810,1,FINGER
4811,0,
4812,0,
4813,0,
4814,0,
4815,0,
4816,0,
4817,0,
4818,0,
4819,0,
4820,0,
4821,0,
4822,0,
4823,0,
4824,0,
4841,2,FINGER
4841,2,UNCERTAIN
4842,2,FINGER
4842,2,FINGER
4843,2,FINGER
4843,2,FINGER
4844,2,FINGER
4844,2,FINGER
4845,1,BUNCH
4846,1,BUNCH
4847,1,BUNCH
4848,1,BUNCH
4849,1,BUNCH
4850,1,BUNCH
4851,1,BUNCH
4852,1,BUNCH
4853,1,BUNCH
4854,1,BUNCH
4855,1,BUNCH
4856,1,BUNCH
4857,1,BUNCH
4858,1,BUNCH
4859,1,BUNCH
4860,1,BUNCH
4861,1,BUNCH
4862,1,BUNCH
4863,1,BUNCH
4864,1,BUNCH
4865,1,BUNCH
4866,1,BUNCH
4867,1,BUNCH
4868,1,BUNCH
4869,1,BUNCH
4870,2,FINGER
4870,2,FINGER
4871,1,BUNCH
4872,2,FINGER
4872,2,FINGER
4873,2,FINGER
4873,2,FINGER
4874,1,BUNCH
4875,2,FINGER
4875,2,FINGER
4876,2,FINGER
4876,2,FINGER
4877,1,FINGER
4878,0,
4879,0,
4880,0,
4881,0,
4882,0,
4883,0,
4884,0,
4885,0,
4886,0,
4887,0,
4888,0,
4889,0,
4890,0,
4891,0,
4892,0,
4930,2,FINGER
4930,2,UNCERTAIN
4931,1,BUNCH
4932,1,BUNCH
4933,1,BUNCH
4934,1,BUNCH
4935,1,BUNCH
4936,1,BUNCH
4937,1,BUNCH
4938,1,BUNCH
4939,1,BUNCH
4940,1,BUNCH
4941,1,BUNCH
4942,1,BUNCH
4943,1,BUNCH
4944,1,BUNCH
4945,1,BUNCH
4946,1,BUNCH
4947,1,BUNCH
4948,1,BUNCH
4949,1,BUNCH
4950,1,BUNCH
4951,1,BUNCH
4952,1,BUNCH
4953,1,BUNCH
4954,1,BUNCH
4955,1,BUNCH
4956,1,BUNCH
4957,1,BUNCH
4958,1,BUNCH
4959,1,BUNCH
4960,1,BUNCH
4961,1,BUNCH
4962,1,BUNCH
4963,1,BUNCH
4964,1,BUNCH
4965,1,BUNCH
4966,1,BUNCH
4967,1,BUNCH
4968,1,BUNCH
4969,1,BUNCH
4970,1,BUNCH
4971,2,BUNCH
4971,2,FINGER
4972,1,BUNCH
4973,0,
4974,0,
4975,0,
4976,0,
4977,0,
4978,0,
4979,0,
4980,0,
4981,0,
4982,0,
4983,0,
4984,0,
4985,0,
4986,0,
4987,0,
5014,2,FINGER
5014,2,FINGER
5015,1,BUNCH
5016,1,BUNCH
5017,1,BUNCH
5018,1,BUNCH
5019,1,BUNCH
5020,1,BUNCH
5021,1,BUNCH
5022,1,BUNCH
5023,1,BUNCH
5024,1,BUNCH
5025,1,BUNCH
5026,1,BUNCH
5027,1,BUNCH
5028,1,BUNCH
5029,1,BUNCH
5030,1,BUNCH
5031,1,BUNCH
5032,1,BUNCH
5033,1,BUNCH
5034,1,BUNCH
5035,1,BUNCH
5036,1,BUNCH
5037,1,BUNCH
5038,1,BUNCH
5039,1,BUNCH
5040,1,BUNCH
5041,1,BUNCH
5042,1,BUNCH
5043,1,BUNCH
5044,1,BUNCH
5045,1,BUNCH
5046,1,BUNCH
5047,1,BUNCH
5048,1,BUNCH
5049,2,BUNCH
5049,2,FINGER
5050,2,BUNCH
5050,2,FINGER
5051,0,
5052,0,
5053,0,
5054,0,
5055,0,
5056,0,
5057,0,
5058,0,
5059,0,
5060,0,
5061,0,
5062,0,
5063,0,
5064,0,
5085,1,FINGER
5086,2,FINGER
5086,2,FINGER
5087,1,BUNCH
5088,1,BUNCH
5089,1,BUNCH
5090,1,BUNCH
5091,1,BUNCH
5092,1,BUNCH
5093,1,BUNCH
5094,1,BUNCH
5095,1,BUNCH
5096,1,BUNCH
5097,1,BUNCH
5098,1,BUNCH
5099,1,BUNCH
5100,1,BUNCH
5101,1,BUNCH
5102,1,BUNCH
5103,1,BUNCH
5104,1,BUNCH
5105,1,BUNCH
5106,1,BUNCH
5107,1,BUNCH
5108,1,BUNCH
5109,1,BUNCH
5110,1,BUNCH
5111,1,BUNCH
5112,1,BUNCH
5113,1,BUNCH
5114,1,BUNCH
5115,1,BUNCH
5116,1,BUNCH
5117,1,BUNCH
5118,1,BUNCH
5119,1,BUNCH
5120,1,BUNCH
5121,1,BUNCH
5122,1,BUNCH
5123,1,BUNCH
5124,1,BUNCH
5125,1,BUNCH
5126,1,BUNCH
5127,1,BUNCH
5128,2,BUNCH
5128,2,FINGER
5129,1,BUNCH
5130,0,
5131,0,
5132,0,
5133,0,
5134,0,
5135,0,
5136,0,
5137,0,
5138,0,
5139,0,
5140,0,
5141,0,
5142,0,
5143,0,
5144,0,
5169,2,FINGER
5169,2,UNCERTAIN
5170,1,BUNCH
5171,1,BUNCH
5172,1,BUNCH
5173,1,BUNCH
5174,1,BUNCH
5175,1,BUNCH
5176,1,BUNCH
5177,1,BUNCH
5178,1,BUNCH
5179,1,BUNCH
5180,1,BUNCH
5181,1,BUNCH
5182,1,BUNCH
5183,1,BUNCH
5184,1,BUNCH
5185,1,BUNCH
5186,1,BUNCH
5187,1,BUNCH
5188,1,BUNCH
5189,1,BUNCH
5190,1,BUNCH
5191,1,BUNCH
5192,1,BUNCH
5193,1,BUNCH
5194,1,BUNCH
5195,1,BUNCH
5196,1,BUNCH
5197,1,BUNCH
5198,1,BUNCH
5199,1,BUNCH
5200,1,BUNCH
5201,1,BUNCH
5202,1,BUNCH
5203,1,BUNCH
5204,1,BUNCH
5205,1,BUNCH
5206,2,BUNCH
5206,2,FINGER
5207,0,
5208,0,
5209,0,
5210,0,
5211,0,
5212,0,
5213,0,
5214,0,
5215,0,
5216,0,
5217,0,
5218,0,
5219,0,
5220,0,
5221,0,
5244,1,FINGER
5245,2,FINGER
5245,2,FINGER
5246,1,BUNCH
5247,1,BUNCH
5248,1,BUNCH
5249,1,BUNCH
5250,1,BUNCH
5251,1,BUNCH
5252,1,BUNCH
5253,1,BUNCH
5254,1,BUNCH
5255,1,BUNCH
5256,1,BUNCH
5257,1,BUNCH
5258,1,BUNCH
5259,1,BUNCH
5260,1,BUNCH
5261,1,BUNCH
5262,1,BUNCH
5263,1,BUNCH
5264,1,BUNCH
5265,1,BUNCH
5266,1,BUNCH
5267,1,BUNCH
5268,1,BUNCH
5269,1,BUNCH
5270,1,BUNCH
5271,1,BUNCH
5272,1,BUNCH
5273,1,BUNCH
5274,1,BUNCH
5275,1,BUNCH
5276,1,BUNCH
5277,1,BUNCH
5278,1,BUNCH
5279,1,BUNCH
5280,1,BUNCH
5281,1,BUNCH
5282,1,BUNCH
5283,1,BUNCH
5284,1,BUNCH
5285,2,BUNCH
5285,2,FINGER
5286,1,BUNCH
5287,0,
5288,0,
5289,0,
5290,0,
5291,0,
5292,0,
5293,0,
5294,0,
5295,0,
5296,0,
5297,0,
5298,0,
5299,0,
5300,0,
5301,0,
5328,1,FINGER
5329,2,FINGER
5329,2,FINGER
5330,1,BUNCH
5331,1,BUNCH
5332,1,BUNCH
5333,1,BUNCH
5334,1,BUNCH
5335,1,BUNCH
5336,1,BUNCH
5337,1,BUNCH
5338,1,BUNCH
5339,1,BUNCH
5340,1,BUNCH
5341,1,BUNCH
5342,1,BUNCH
5343,1,BUNCH
5344,1,BUNCH
5345,1,BUNCH
5346,1,BUNCH
5347,1,BUNCH
5348,1,BUNCH
5349,1,BUNCH
5350,1,BUNCH
5351,1,BUNCH
5352,1,BUNCH
5353,1,BUNCH
5354,1,BUNCH
5355,1,BUNCH
5356,1,BUNCH
5357,1,BUNCH
5358,1,BUNCH
5359,1,BUNCH
5360,1,BUNCH
5361,1,BUNCH
5362,2,BUNCH
5362,2,FINGER
5363,2,FINGER
5363,2,FINGER
5364,1,FINGER
5365,1,FINGER
5366,0,
5367,0,
5368,0,
5369,0,
5370,0,
5371,0,
5372,0,
5373,0,
5374,0,
5375,0,
5376,0,
5377,0,
5378,0,
5379,0,
5380,0,
5405,1,FINGER
5406,2,FINGER
5406,2,FINGER
5407,1,BUNCH
5408,1,BUNCH
5409,1,BUNCH
5410,1,BUNCH
5411,1,BUNCH
5412,1,BUNCH
5413,1,BUNCH
5414,1,BUNCH
5415,1,BUNCH
5416,1,BUNCH
5417,1,BUNCH
5418,1,BUNCH
5419,1,BUNCH
5420,1,BUNCH
5421,1,BUNCH
5422,1,BUNCH
5423,1,BUNCH
5424,1,BUNCH
5425,1,BUNCH
5426,1,BUNCH
5427,1,BUNCH
5428,1,BUNCH
5429,1,BUNCH
5430,1,BUNCH
5431,1,BUNCH
5432,1,BUNCH
5433,1,BUNCH
5434,1,BUNCH
5435,1,BUNCH
5436,1,BUNCH
5437,1,BUNCH
5438,1,BUNCH
5439,1,BUNCH
5440,2,FINGER
5440,2,FINGER
5441,1,FINGER
5442,0,
5443,0,
5444,0,
5445,0,
5446,0,
5447,0,
5448,0,
5449,0,
5450,0,
5451,0,
5452,0,
5453,0,
5454,0,
5455,0,
5469,1,UNCERTAIN
5470,1,BUNCH
5471,1,BUNCH
5472,1,BUNCH
5473,1,BUNCH
5474,1,BUNCH
5475,1,BUNCH
5476,1,BUNCH
5477,1,BUNCH
5478,1,BUNCH
5479,1,BUNCH
5480,1,BUNCH
5481,1,BUNCH
5482,1,BUNCH
5483,1,BUNCH
5484,1,BUNCH
5485,1,BUNCH
5486,1,BUNCH
5487,1,BUNCH
5488,1,BUNCH
5489,1,BUNCH
5490,1,BUNCH
5491,1,BUNCH
5492,1,BUNCH
5493,1,BUNCH
5494,1,BUNCH
5495,1,BUNCH
5496,1,BUNCH
5497,1,BUNCH
5498,1,BUNCH
5499,1,BUNCH
5500,1,BUNCH
5501,1,BUNCH
5502,2,FINGER
5502,2,FINGER
5503,2,FINGER
5503,2,FINGER
5504,2,FINGER
5504,2,FINGER
5505,1,FINGER
5506,1,FINGER
5507,0,
5508,0,
5509,0,
5510,0,
5511,0,
5512,0,
5513,0,
5514,0,
5515,0,
5516,0,
5517,0,
5518,0,
5519,0,
5520,0,
5521,0,
5543,1,FINGER
5544,1,FINGER
5545,1,FINGER
5546,1,BUNCH
5547,1,BUNCH
5548,1,BUNCH
5549,1,BUNCH
5550,1,BUNCH
5551,1,BUNCH
5552,1,BUNCH
5553,1,BUNCH
5554,1,BUNCH
5555,1,BUNCH
5556,1,BUNCH
5557,1,BUNCH
5558,1,BUNCH
5559,1,BUNCH
5560,1,BUNCH
5561,1,BUNCH
5562,1,BUNCH
5563,1,BUNCH
5564,1,BUNCH
5565,1,BUNCH
5566,1,BUNCH
5567,1,BUNCH
5568,1,BUNCH
5569,1,BUNCH
5570,1,BUNCH
5571,1,BUNCH
5572,1,BUNCH
5573,1,BUNCH
5574,1,BUNCH
5575,1,BUNCH
5576,1,BUNCH
5577,1,BUNCH
5578,1,BUNCH
5579,1,BUNCH
5580,1,BUNCH
5581,2,BUNCH
5581,2,FINGER
5582,1,FINGER
5583,1,FINGER
5584,0,
5585,0,
5586,0,
5587,0,
5588,0,
5589,0,
5590,0,
5591,0,
5592,0,
5593,0,
5594,0,
5595,0,
5596,0,
5597,0,
5617,1,FINGER
5618,1,BUNCH
5619,1,BUNCH
5620,1,BUNCH
5621,1,BUNCH
5622,1,BUNCH
5623,1,BUNCH
5624,1,BUNCH
5625,1,BUNCH
5626,1,BUNCH
5627,1,BUNCH
5628,1,BUNCH
5629,1,BUNCH
5630,1,BUNCH
5631,1,BUNCH
5632,1,BUNCH
5633,1,BUNCH
5634,1,BUNCH
5635,1,BUNCH
5636,1,BUNCH
5637,1,BUNCH
5638,1,BUNCH
5639,1,BUNCH
5640,1,BUNCH
5641,1,BUNCH
5642,1,BUNCH
5643,1,BUNCH
5644,1,BUNCH
5645,1,BUNCH
5646,1,BUNCH
5647,1,BUNCH
5648,1,BUNCH
5649,1,BUNCH
5650,1,BUNCH
5651,1,BUNCH
5652,1,BUNCH
5653,1,BUNCH
5654,1,BUNCH
5655,1,BUNCH
5656,1,BUNCH
5657,2,FINGER
5657,2,FINGER
5658,2,FINGER
5658,2,FINGER
5659,1,FINGER
5660,1,FINGER
5661,0,
5662,0,
5663,0,
5664,0,
5665,0,
5666,0,
5667,0,
5668,0,
5669,0,
5670,0,
5671,0,
5672,0,
5673,0,
5674,0,
5689,1,BUNCH
5690,1,BUNCH
5691,1,BUNCH
5692,1,BUNCH
5693,1,BUNCH
5694,1,BUNCH
5695,1,BUNCH
5696,1,BUNCH
5697,1,BUNCH
5698,1,BUNCH
5699,1,BUNCH
5700,1,BUNCH
5701,1,BUNCH
5702,1,BUNCH
5703,1,BUNCH
5704,1,BUNCH
5705,1,BUNCH
5706,1,BUNCH
5707,1,BUNCH
5708,1,BUNCH
5709,1,BUNCH
5710,1,BUNCH
5711,1,BUNCH
5712,1,BUNCH
5713,1,BUNCH
5714,1,BUNCH
5715,1,BUNCH
5716,1,BUNCH
5717,1,BUNCH
5718,1,BUNCH
5719,1,BUNCH
5720,1,BUNCH
5721,1,BUNCH
5722,1,BUNCH
5723,2,BUNCH
5723,2,FINGER
5724,1,BUNCH
5725,1,BUNCH
5726,2,FINGER
5726,2,FINGER
5727,2,FINGER
5727,2,FINGER
5728,1,FINGER
5729,0,
5730,0,
5731,0,
5732,0,
5733,0,
5734,0,
5735,0,
5736,0,
5737,0,
5738,0,
5739,0,
5740,0,
5741,0,
5742,0,
5760,2,FINGER
5760,2,FINGER
5761,1,BUNCH
5762,1,BUNCH
5763,2,FINGER
5763,2,FINGER
5764,1,BUNCH
5765,1,BUNCH
5766,1,BUNCH
5767,1,BUNCH
5768,1,BUNCH
5769,1,BUNCH
5770,1,BUNCH
5771,1,BUNCH
5772,1,BUNCH
5773,1,BUNCH
5774,1,BUNCH
5775,1,BUNCH
5776,1,BUNCH
5777,1,BUNCH
5778,1,BUNCH
5779,1,BUNCH
5780,1,BUNCH
5781,1,BUNCH
5782,1,BUNCH
5783,1,BUNCH
5784,1,BUNCH
5785,1,BUNCH
5786,1,BUNCH
5787,1,BUNCH
5788,1,BUNCH
5789,1,BUNCH
5790,1,BUNCH
5791,1,BUNCH
5792,2,FINGER
5792,2,FINGER
5793,1,BUNCH
5794,1,BUNCH
5795,2,BUNCH
5795,2,FINGER
5796,2,BUNCH
5796,2,FINGER
5797,1,BUNCH
5798,0,
5799,0,
5800,0,
5801,0,
5802,0,
5803,0,
5804,0,
5805,0,
5806,0,
5807,0,
5808,0,
5809,0,
5810,0,
5811,0,
5812,0,
5833,2,FINGER
5833,2,UNCERTAIN
5834,2,FINGER
5834,2,FINGER
5835,2,FINGER
5835,2,FINGER
5836,2,FINGER
5836,2,FINGER
5837,1,BUNCH
5838,1,BUNCH
5839,1,BUNCH
5840,1,BUNCH
5841,1,BUNCH
5842,1,BUNCH
5843,1,BUNCH
5844,1,BUNCH
5845,1,BUNCH
5846,1,BUNCH
5847,1,BUNCH
5848,1,BUNCH
5849,1,BUNCH
5850,1,BUNCH
5851,1,BUNCH
5852,1,BUNCH
5853,1,BUNCH
5854,1,BUNCH
5855,1,BUNCH
5856,1,BUNCH
5857,1,BUNCH
5858,1,BUNCH
5859,1,BUNCH
5860,1,BUNCH
5861,1,BUNCH
5862,2,FINGER
5862,2,BUNCH
5863,1,BUNCH
5864,2,FINGER
5864,2,FINGER
5865,2,FINGER
5865,2,FINGER
5866,2,FINGER
5866,2,FINGER
5867,1,FINGER
5868,0,
5869,0,
5870,0,
5871,0,
5872,0,
5873,0,
5874,0,
5875,0,
5876,0,
5877,0,
5878,0,
5879,0,
5880,0,
5881,0,
5910,2,UNCERTAIN
5910,2,FINGER
5911,1,BUNCH
5912,1,BUNCH
5913,1,BUNCH
5914,1,BUNCH
5915,1,BUNCH
5916,1,BUNCH
5917,1,BUNCH
5918,1,BUNCH
5919,1,BUNCH
5920,1,BUNCH
5921,1,BUNCH
5922,1,BUNCH
5923,1,BUNCH
5924,1,BUNCH
5925,1,BUNCH
5926,1,BUNCH
5927,1,BUNCH
5928,1,BUNCH
5929,1,BUNCH
5930,1,BUNCH
5931,1,BUNCH
5932,1,BUNCH
5933,1,BUNCH
5934,1,BUNCH
5935,1,BUNCH
5936,1,BUNCH
5937,1,BUNCH
5938,1,BUNCH
5939,1,BUNCH
5940,1,BUNCH
5941,1,BUNCH
5942,1,BUNCH
5943,1,BUNCH
5944,2,FINGER
5944,2,FINGER
5945,1,BUNCH
5946,1,BUNCH
5947,1,BUNCH
5948,2,FINGER
5948,2,FINGER
5949,1,BUNCH
5950,1,BUNCH
5951,2,BUNCH
5951,2,FINGER
5952,2,FINGER
5952,2,FINGER
5953,1,FINGER
5954,1,FINGER
5955,0,
5956,0,
5957,0,
5958,0,
5959,0,
5960,0,
5961,0,
5962,0,
5963,0,
5964,0,
5965,0,
5966,0,
5967,0,
5968,0,
5969,0,
5989,2,FINGER
5989,2,FINGER
5990,1,BUNCH
5991,1,BUNCH
5992,1,BUNCH
5993,1,BUNCH
5994,1,BUNCH
5995,1,BUNCH
5996,1,BUNCH
5997,1,BUNCH
5998,1,BUNCH
5999,1,BUNCH
6000,1,BUNCH
6001,1,BUNCH
6002,1,BUNCH
6003,1,BUNCH
6004,1,BUNCH
6005,1,BUNCH
6006,1,BUNCH
6007,1,BUNCH
6008,1,BUNCH
6009,1,BUNCH
6010,1,BUNCH
6011,1,BUNCH
6012,1,BUNCH
6013,1,BUNCH
6014,1,BUNCH
6015,1,BUNCH
6016,1,BUNCH
6017,1,BUNCH
6018,1,BUNCH
6019,1,BUNCH
6020,1,BUNCH
6021,1,BUNCH
6022,1,BUNCH
6023,1,BUNCH
6024,1,BUNCH
6025,1,BUNCH
6026,1,BUNCH
6027,1,BUNCH
6028,2,FINGER
6028,2,FINGER
6029,2,FINGER
6029,2,FINGER
6030,2,FINGER
6030,2,FINGER
6031,1,FINGER
6032,1,FINGER
6033,0,
6034,0,
6035,0,
6036,0,
6037,0,
6038,0,
6039,0,
6040,0,
6041,0,
6042,0,
6043,0,
6044,0,
6045,0,
6046,0,
6066,1,BUNCH
6067,1,BUNCH
6068,1,BUNCH
6069,1,BUNCH
6070,1,BUNCH
6071,1,BUNCH
6072,1,BUNCH
6073,1,BUNCH
6074,1,BUNCH
6075,1,BUNCH
6076,1,BUNCH
6077,1,BUNCH
6078,1,BUNCH
6079,1,BUNCH
6080,1,BUNCH
6081,1,BUNCH
6082,1,BUNCH
6083,1,BUNCH
6084,1,BUNCH
6085,1,BUNCH
6086,1,BUNCH
6087,1,BUNCH
6088,1,BUNCH
6089,1,BUNCH
6090,1,BUNCH
6091,1,BUNCH
6092,1,BUNCH
6093,1,BUNCH
6094,1,BUNCH
6095,1,BUNCH
6096,1,BUNCH
6097,1,BUNCH
6098,1,BUNCH
6099,1,BUNCH
6100,1,BUNCH
6101,1,BUNCH
6102,1,BUNCH
6103,1,BUNCH
6104,1,BUNCH
6105,0,
6106,0,
6107,0,
6108,0,
6109,0,
6110,0,
6111,0,
6112,0,
6113,0,
6114,0,
6115,0,
6116,0,
6117,0,
6118,0,
6119,0,
6141,1,FINGER
6142,1,BUNCH
6143,1,BUNCH
6144,1,BUNCH
6145,1,BUNCH
6146,1,BUNCH
6147,1,BUNCH
6148,1,BUNCH
6149,1,BUNCH
6150,1,BUNCH
6151,1,BUNCH
6152,1,BUNCH
6153,1,BUNCH
6154,1,BUNCH
6155,1,BUNCH
6156,1,BUNCH
6157,1,BUNCH
6158,1,BUNCH
6159,1,BUNCH
6160,1,BUNCH
6161,1,BUNCH
6162,1,BUNCH
6163,1,BUNCH
6164,1,BUNCH
6165,1,BUNCH
6166,1,BUNCH
6167,1,BUNCH
6168,1,BUNCH
6169,1,BUNCH
6170,1,BUNCH
6171,1,BUNCH
6172,1,BUNCH
6173,1,BUNCH
6174,1,BUNCH
6175,1,BUNCH
6176,1,BUNCH
6177,2,BUNCH
6177,2,FINGER
6178,1,BUNCH
6179,0,
6180,0,
6181,0,
6182,0,
6183,0,
6184,0,
6185,0,
6186,0,
6187,0,
6188,0,
6189,0,
6190,0,
6191,0,
6192,0,
6193,0,
6215,1,BUNCH
6216,1,BUNCH
6217,1,BUNCH
6218,1,BUNCH
6219,1,BUNCH
6220,1,BUNCH
6221,1,BUNCH
6222,1,BUNCH
6223,1,BUNCH
6224,1,BUNCH
6225,1,BUNCH
6226,1,BUNCH
6227,1,BUNCH
6228,1,BUNCH
6229,1,BUNCH
6230,1,BUNCH
6231,1,BUNCH
6232,1,BUNCH
6233,1,BUNCH
6234,1,BUNCH
6235,1,BUNCH
6236,1,BUNCH
6237,1,BUNCH
6238,1,BUNCH
6239,1,BUNCH
6240,1,BUNCH
6241,1,BUNCH
6242,1,BUNCH
6243,1,BUNCH
6244,1,BUNCH
6245,1,BUNCH
6246,1,BUNCH
6247,1,BUNCH
6248,1,BUNCH
6249,2,FINGER
6249,2,FINGER
6250,2,FINGER
6250,2,FINGER
6251,0,
6252,0,
6253,0,
6254,0,
6255,0,
6256,0,
6257,0,
6258,0,
6259,0,
6260,0,
6261,0,
6262,0,
6263,0,
6264,0,
6265,0,
