FrameNumber,NumberOfTracks,TrackType
287,1,UNCERTAIN
288,1,UNCERTAIN
289,1,UNCERTAIN
290,1,UNCERTAIN
291,1,UNCERTAIN
292,1,SMEAR
293,1,SMEAR
294,1,SMEAR
295,1,SMEAR
296,1,SMEAR
297,1,SMEAR
298,1,SMEAR
299,1,SMEAR
300,1,SMEAR
301,1,SMEAR
302,1,SMEAR
303,1,SMEAR
304,1,SMEAR
305,1,SMEAR
306,1,SMEAR
307,1,SMEAR
308,1,SMEAR
309,1,SMEAR
310,1,SMEAR
311,1,SMEAR
312,1,SMEAR
313,1,SMEAR
314,1,SMEAR
315,1,SMEAR
316,1,SMEAR
317,1,SMEAR
318,1,SMEAR
319,1,SMEAR
320,1,SMEAR
321,1,SMEAR
322,1,SMEAR
323,1,SMEAR
324,1,SMEAR
325,1,SMEAR
326,1,SMEAR
327,1,SMEAR
328,1,SMEAR
329,1,SMEAR
330,1,SMEAR
331,1,SMEAR
332,1,SMEAR
333,1,SMEAR
334,1,SMEAR
335,1,SMEAR
336,1,SMEAR
337,1,SMEAR
338,1,SMEAR
339,1,SMEAR
340,1,SMEAR
341,1,SMEAR
342,1,SMEAR
343,1,SMEAR
344,1,SMEAR
345,1,SMEAR
346,1,SMEAR
347,1,SMEAR
348,1,SMEAR
349,1,SMEAR
350,1,SMEAR
351,1,SMEAR
352,1,SMEAR
353,1,SMEAR
354,1,SMEAR
355,1,SMEAR
356,1,SMEAR
357,1,SMEAR
358,1,SMEAR
359,1,SMEAR
360,1,SMEAR
361,1,SMEAR
362,1,SMEAR
363,1,SMEAR
364,1,SMEAR
365,1,SMEAR
366,1,SMEAR
367,1,SMEAR
368,1,SMEAR
369,1,SMEAR
370,1,SMEAR
371,1,SMEAR
372,1,SMEAR
373,1,SMEAR
374,1,SMEAR
375,1,SMEAR
376,1,SMEAR
377,1,SMEAR
378,1,SMEAR
379,1,SMEAR
380,1,SMEAR
381,1,SMEAR
382,1,SMEAR
383,1,SMEAR
384,1,SMEAR
385,1,SMEAR
386,1,SMEAR
387,1,SMEAR
388,1,SMEAR
389,1,SMEAR
390,1,SMEAR
391,1,SMEAR
392,1,SMEAR
393,1,SMEAR
394,1,SMEAR
395,1,SMEAR
396,1,SMEAR
397,1,SMEAR
398,1,SMEAR
399,1,SMEAR
400,1,SMEAR
401,1,SMEAR
402,1,SMEAR
403,1,SMEAR
404,1,SMEAR
405,1,SMEAR
406,1,SMEAR
407,1,SMEAR
408,1,SMEAR
409,1,SMEAR
410,1,SMEAR
411,1,SMEAR
412,1,SMEAR
413,1,SMEAR
414,1,SMEAR
415,1,SMEAR
416,1,SMEAR
417,1,SMEAR
418,1,SMEAR
419,1,SMEAR
420,1,SMEAR
421,1,SMEAR
422,1,SMEAR
423,1,SMEAR
424,1,SMEAR
425,1,SMEAR
426,1,SMEAR
427,1,SMEAR
428,1,SMEAR
429,1,SMEAR
430,1,SMEAR
431,1,SMEAR
432,1,SMEAR
433,1,SMEAR
434,1,SMEAR
435,1,SMEAR
436,1,SMEAR
437,1,SMEAR
438,1,SMEAR
439,1,SMEAR
440,1,SMEAR
441,1,SMEAR
442,1,SMEAR
443,1,SMEAR
444,1,SMEAR
445,1,SMEAR
446,1,SMEAR
447,1,SMEAR
448,1,SMEAR
449,1,SMEAR
450,2,SMEAR
450,2,UNCERTAIN
451,2,SMEAR
451,2,PALM
452,2,SMEAR
452,2,PALM
453,2,SMEAR
453,2,PALM
454,2,SMEAR
454,2,PALM
455,2,SMEAR
455,2,PALM
456,2,SMEAR
456,2,PALM
457,2,SMEAR
457,2,PALM
458,2,SMEAR
458,2,PALM
459,2,SMEAR
459,2,PALM
460,2,SMEAR
460,2,PALM
461,2,SMEAR
461,2,PALM
462,2,SMEAR
462,2,PALM
463,2,SMEAR
463,2,PALM
464,2,SMEAR
464,2,PALM
465,2,SMEAR
465,2,PALM
466,2,SMEAR
466,2,PALM
467,2,SMEAR
467,2,PALM
468,2,SMEAR
468,2,PALM
469,2,SMEAR
469,2,PALM
470,2,SMEAR
470,2,PALM
471,2,SMEAR
471,2,PALM
472,2,SMEAR
472,2,PALM
473,2,SMEAR
473,2,PALM
474,2,SMEAR
474,2,PALM
475,2,SMEAR
475,2,PALM
476,2,SMEAR
476,2,PALM
477,2,SMEAR
477,2,PALM
478,2,SMEAR
478,2,PALM
479,2,SMEAR
479,2,PALM
480,2,SMEAR
480,2,PALM
481,2,SMEAR
481,2,PALM
482,2,SMEAR
482,2,PALM
483,2,SMEAR
483,2,PALM
484,2,SMEAR
484,2,PALM
485,2,SMEAR
485,2,PALM
486,2,SMEAR
486,2,PALM
487,2,SMEAR
487,2,PALM
488,2,SMEAR
488,2,PALM
489,2,SMEAR
489,2,PALM
490,2,SMEAR
490,2,PALM
491,2,SMEAR
491,2,PALM
492,2,SMEAR
492,2,PALM
493,2,SMEAR
493,2,PALM
494,2,SMEAR
494,2,PALM
495,2,SMEAR
495,2,PALM
496,2,SMEAR
496,2,PALM
497,2,SMEAR
497,2,PALM
498,2,SMEAR
498,2,PALM
499,2,SMEAR
499,2,PALM
500,2,SMEAR
500,2,PALM
501,2,SMEAR
501,2,PALM
502,2,SMEAR
502,2,PALM
503,2,SMEAR
503,2,PALM
504,1,SMEAR
505,1,SMEAR
506,1,SMEAR
507,1,SMEAR
508,1,SMEAR
509,1,SMEAR
510,1,SMEAR
511,1,SMEAR
512,1,SMEAR
513,1,SMEAR
514,1,SMEAR
515,1,SMEAR
516,1,SMEAR
517,1,SMEAR
518,1,SMEAR
519,1,SMEAR
520,1,SMEAR
521,1,SMEAR
522,1,SMEAR
523,1,SMEAR
524,1,SMEAR
525,1,SMEAR
526,1,SMEAR
527,1,SMEAR
528,1,SMEAR
529,1,SMEAR
530,1,SMEAR
531,1,SMEAR
532,1,SMEAR
533,1,SMEAR
534,1,SMEAR
535,1,SMEAR
536,1,SMEAR
537,1,SMEAR
538,1,SMEAR
539,1,SMEAR
540,1,SMEAR
541,1,SMEAR
542,1,SMEAR
543,1,SMEAR
544,1,SMEAR
545,1,SMEAR
546,1,SMEAR
547,1,SMEAR
548,1,SMEAR
549,1,SMEAR
550,1,SMEAR
551,1,SMEAR
552,1,SMEAR
553,1,SMEAR
554,1,SMEAR
555,1,SMEAR
556,1,SMEAR
557,1,SMEAR
558,1,SMEAR
559,1,SMEAR
560,1,SMEAR
561,1,SMEAR
562,1,SMEAR
563,1,SMEAR
564,1,SMEAR
565,1,SMEAR
566,1,SMEAR
567,1,SMEAR
568,1,SMEAR
569,1,SMEAR
570,1,SMEAR
571,1,SMEAR
572,1,SMEAR
573,1,SMEAR
574,1,SMEAR
575,1,SMEAR
576,1,SMEAR
577,1,SMEAR
578,1,SMEAR
579,1,SMEAR
580,1,SMEAR
581,1,SMEAR
582,1,SMEAR
583,1,SMEAR
584,1,SMEAR
585,1,SMEAR
586,1,SMEAR
587,1,SMEAR
588,1,SMEAR
589,1,SMEAR
590,1,SMEAR
591,1,SMEAR
592,1,SMEAR
593,1,SMEAR
594,1,SMEAR
595,1,SMEAR
596,1,SMEAR
597,1,SMEAR
598,1,SMEAR
599,1,SMEAR
600,1,SMEAR
601,1,SMEAR
602,1,SMEAR
603,1,SMEAR
604,1,SMEAR
605,1,SMEAR
606,1,SMEAR
607,1,SMEAR
608,1,SMEAR
609,1,SMEAR
610,1,SMEAR
611,1,SMEAR
612,1,SMEAR
613,1,SMEAR
614,1,SMEAR
615,1,SMEAR
616,1,SMEAR
617,1,SMEAR
618,1,SMEAR
619,1,SMEAR
620,1,SMEAR
621,1,FINGER
622,1,FINGER
623,1,FINGER
624,1,FINGER
625,1,FINGER
626,1,FINGER
627,1,FINGER
628,1,FINGER
629,1,FINGER
630,1,FINGER
631,1,FINGER
632,1,FINGER
633,1,FINGER
634,1,FINGER
635,1,FINGER
636,1,FINGER
637,1,FINGER
638,1,FINGER
639,0,
640,0,
641,0,
642,0,
643,0,
644,0,
645,0,
646,0,
647,0,
648,0,
649,0,
650,0,
651,0,
652,0,
680,1,UNCERTAIN
681,1,UNCERTAIN
682,1,UNCERTAIN
683,1,UNCERTAIN
684,1,UNCERTAIN
685,1,SMEAR
686,1,SMEAR
687,1,SMEAR
688,1,SMEAR
689,1,SMEAR
690,1,SMEAR
691,1,SMEAR
692,1,SMEAR
693,1,SMEAR
694,1,SMEAR
695,1,SMEAR
696,1,SMEAR
697,1,SMEAR
698,1,SMEAR
699,1,SMEAR
700,1,SMEAR
701,1,SMEAR
702,1,SMEAR
703,1,SMEAR
704,1,SMEAR
705,1,SMEAR
706,1,SMEAR
707,1,SMEAR
708,1,SMEAR
709,1,SMEAR
710,1,SMEAR
711,1,SMEAR
712,1,SMEAR
713,1,SMEAR
714,1,SMEAR
715,1,SMEAR
716,1,SMEAR
717,1,SMEAR
718,1,SMEAR
719,1,SMEAR
720,1,SMEAR
721,1,SMEAR
722,1,SMEAR
723,1,SMEAR
724,1,SMEAR
725,1,SMEAR
726,1,SMEAR
727,1,SMEAR
728,1,SMEAR
729,1,SMEAR
730,1,SMEAR
731,1,SMEAR
732,1,SMEAR
733,1,SMEAR
734,1,SMEAR
735,1,SMEAR
736,1,SMEAR
737,1,SMEAR
738,1,SMEAR
739,1,SMEAR
740,1,SMEAR
741,1,SMEAR
742,1,SMEAR
743,1,SMEAR
744,1,SMEAR
745,1,SMEAR
746,1,SMEAR
747,1,SMEAR
748,1,SMEAR
749,1,SMEAR
750,1,SMEAR
751,1,SMEAR
752,1,SMEAR
753,1,SMEAR
754,1,SMEAR
755,1,SMEAR
756,1,SMEAR
757,1,SMEAR
758,1,SMEAR
759,1,SMEAR
760,1,SMEAR
761,1,SMEAR
762,1,SMEAR
763,1,SMEAR
764,1,SMEAR
765,1,SMEAR
766,1,SMEAR
767,1,SMEAR
768,1,SMEAR
769,1,SMEAR
770,1,SMEAR
771,1,SMEAR
772,1,SMEAR
773,1,SMEAR
774,1,SMEAR
775,1,SMEAR
776,1,SMEAR
777,1,SMEAR
778,1,SMEAR
779,1,SMEAR
780,1,SMEAR
781,1,SMEAR
782,1,SMEAR
783,1,SMEAR
784,1,SMEAR
785,1,SMEAR
786,1,SMEAR
787,1,SMEAR
788,1,SMEAR
789,1,SMEAR
790,1,SMEAR
791,1,SMEAR
792,1,SMEAR
793,1,SMEAR
794,1,SMEAR
795,1,SMEAR
796,1,SMEAR
797,1,SMEAR
798,1,SMEAR
799,1,SMEAR
800,1,SMEAR
801,1,SMEAR
802,1,SMEAR
803,1,SMEAR
804,1,SMEAR
805,1,SMEAR
806,1,SMEAR
807,1,SMEAR
808,1,SMEAR
809,1,SMEAR
810,1,SMEAR
811,1,SMEAR
812,1,SMEAR
813,1,SMEAR
814,1,SMEAR
815,1,SMEAR
816,1,SMEAR
817,1,SMEAR
818,1,SMEAR
819,1,SMEAR
820,1,SMEAR
821,1,SMEAR
822,1,SMEAR
823,1,SMEAR
824,1,SMEAR
825,1,SMEAR
826,1,SMEAR
827,1,SMEAR
828,1,SMEAR
829,1,SMEAR
830,1,SMEAR
831,1,SMEAR
832,1,SMEAR
833,1,SMEAR
834,1,SMEAR
835,1,SMEAR
836,1,SMEAR
837,1,SMEAR
838,1,SMEAR
839,1,SMEAR
840,1,SMEAR
841,1,SMEAR
842,1,SMEAR
843,1,SMEAR
844,1,SMEAR
845,1,SMEAR
846,1,SMEAR
847,1,SMEAR
848,1,SMEAR
849,1,SMEAR
850,1,SMEAR
851,1,SMEAR
852,1,SMEAR
853,1,SMEAR
854,1,SMEAR
855,1,SMEAR
856,1,SMEAR
857,1,SMEAR
858,1,SMEAR
859,1,SMEAR
860,1,SMEAR
861,1,SMEAR
862,1,SMEAR
863,1,SMEAR
864,1,SMEAR
865,1,SMEAR
866,1,SMEAR
867,1,SMEAR
868,1,SMEAR
869,1,SMEAR
870,1,SMEAR
871,1,SMEAR
872,1,SMEAR
873,1,SMEAR
874,1,SMEAR
875,1,SMEAR
876,1,SMEAR
877,1,SMEAR
878,1,SMEAR
879,1,SMEAR
880,1,SMEAR
881,1,SMEAR
882,1,SMEAR
883,1,SMEAR
884,1,SMEAR
885,1,SMEAR
886,1,SMEAR
887,1,SMEAR
888,1,SMEAR
889,1,SMEAR
890,1,SMEAR
891,1,SMEAR
892,1,SMEAR
893,1,SMEAR
894,1,SMEAR
895,1,SMEAR
896,1,SMEAR
897,1,SMEAR
898,1,SMEAR
899,1,SMEAR
900,1,SMEAR
901,1,SMEAR
902,1,SMEAR
903,1,SMEAR
904,1,SMEAR
905,1,SMEAR
906,1,SMEAR
907,1,SMEAR
908,1,SMEAR
909,1,SMEAR
910,1,SMEAR
911,1,SMEAR
912,1,SMEAR
913,1,SMEAR
914,1,SMEAR
915,1,SMEAR
916,1,SMEAR
917,1,SMEAR
918,1,SMEAR
919,1,SMEAR
920,1,SMEAR
921,1,SMEAR
922,1,SMEAR
923,1,SMEAR
924,1,SMEAR
925,1,SMEAR
926,1,SMEAR
927,1,SMEAR
928,1,SMEAR
929,1,SMEAR
930,1,SMEAR
931,1,SMEAR
932,1,SMEAR
933,1,SMEAR
934,1,SMEAR
935,1,SMEAR
936,1,SMEAR
937,1,SMEAR
938,1,SMEAR
939,1,SMEAR
940,1,SMEAR
941,1,SMEAR
942,1,SMEAR
943,1,SMEAR
944,1,SMEAR
945,1,SMEAR
946,1,SMEAR
947,1,SMEAR
948,1,SMEAR
949,1,SMEAR
950,1,SMEAR
951,1,SMEAR
952,1,SMEAR
953,1,SMEAR
954,1,SMEAR
955,1,SMEAR
956,1,SMEAR
957,1,SMEAR
958,1,SMEAR
959,1,SMEAR
960,1,SMEAR
961,1,SMEAR
962,1,SMEAR
963,1,SMEAR
964,1,SMEAR
965,1,SMEAR
966,1,SMEAR
967,1,SMEAR
968,1,SMEAR
969,1,SMEAR
970,1,SMEAR
971,1,SMEAR
972,1,SMEAR
973,1,SMEAR
974,1,SMEAR
975,1,SMEAR
976,1,SMEAR
977,1,SMEAR
978,1,SMEAR
979,1,SMEAR
980,1,SMEAR
981,1,SMEAR
982,1,SMEAR
983,1,SMEAR
984,1,SMEAR
985,1,SMEAR
986,1,SMEAR
987,1,SMEAR
988,1,SMEAR
989,1,SMEAR
990,1,SMEAR
991,1,SMEAR
992,1,SMEAR
993,1,SMEAR
994,1,SMEAR
995,1,SMEAR
996,1,SMEAR
997,1,SMEAR
998,1,SMEAR
999,1,SMEAR
1000,1,SMEAR
1001,1,SMEAR
1002,1,SMEAR
1003,1,SMEAR
1004,1,SMEAR
1005,1,SMEAR
1006,1,SMEAR
1007,1,SMEAR
1008,1,SMEAR
1009,1,SMEAR
1010,1,SMEAR
1011,1,SMEAR
1012,1,SMEAR
1013,1,SMEAR
1014,1,SMEAR
1015,1,SMEAR
1016,1,SMEAR
1017,1,SMEAR
1018,1,SMEAR
1019,1,SMEAR
1020,1,SMEAR
1021,1,SMEAR
1022,1,SMEAR
1023,1,SMEAR
1024,1,SMEAR
1025,1,SMEAR
1026,1,SMEAR
1027,1,SMEAR
1028,1,SMEAR
1029,1,SMEAR
1030,1,SMEAR
1031,1,SMEAR
1032,1,SMEAR
1033,1,SMEAR
1034,1,SMEAR
1035,1,SMEAR
1036,1,SMEAR
1037,1,SMEAR
1038,1,SMEAR
1039,1,SMEAR
1040,1,SMEAR
1041,1,SMEAR
1042,1,SMEAR
1043,1,SMEAR
1044,1,SMEAR
1045,1,SMEAR
1046,1,SMEAR
1047,1,SMEAR
1048,1,SMEAR
1049,1,SMEAR
1050,1,SMEAR
1051,1,SMEAR
1052,1,SMEAR
1053,1,SMEAR
1054,1,SMEAR
1055,1,SMEAR
1056,1,SMEAR
1057,1,SMEAR
1058,1,SMEAR
1059,1,SMEAR
1060,1,SMEAR
1061,1,SMEAR
1062,1,SMEAR
1063,1,SMEAR
1064,1,SMEAR
1065,1,SMEAR
1066,1,SMEAR
1067,1,SMEAR
1068,1,SMEAR
1069,1,SMEAR
1070,1,SMEAR
1071,1,SMEAR
1072,1,SMEAR
1073,0,
1074,0,
1075,0,
1076,0,
1077,0,
1078,0,
1079,0,
1080,0,
1081,0,
1082,0,
1083,0,
1084,0,
1085,0,
1086,0,
1087,0,
1183,1,UNCERTAIN
1184,1,UNCERTAIN
1185,1,UNCERTAIN
1186,1,UNCERTAIN
1187,1,UNCERTAIN
1188,1,SMEAR
1189,1,SMEAR
1190,1,SMEAR
1191,1,SMEAR
1192,1,SMEAR
1193,1,SMEAR
1194,1,SMEAR
1195,1,SMEAR
1196,1,SMEAR
1197,1,SMEAR
1198,1,SMEAR
1199,1,SMEAR
1200,1,SMEAR
1201,1,SMEAR
1202,1,SMEAR
1203,1,SMEAR
1204,1,SMEAR
1205,1,SMEAR
1206,1,SMEAR
1207,1,SMEAR
1208,1,SMEAR
1209,1,SMEAR
1210,1,SMEAR
1211,1,SMEAR
1212,1,SMEAR
1213,1,SMEAR
1214,1,SMEAR
1215,1,SMEAR
1216,1,SMEAR
1217,1,SMEAR
1218,1,SMEAR
1219,1,SMEAR
1220,1,SMEAR
1221,1,SMEAR
1222,1,SMEAR
1223,1,SMEAR
1224,1,SMEAR
1225,1,SMEAR
1226,1,SMEAR
1227,1,SMEAR
1228,1,SMEAR
1229,1,SMEAR
1230,1,SMEAR
1231,1,SMEAR
1232,1,SMEAR
1233,1,SMEAR
1234,1,SMEAR
1235,1,SMEAR
1236,1,SMEAR
1237,1,SMEAR
1238,1,SMEAR
1239,1,SMEAR
1240,1,SMEAR
1241,1,SMEAR
1242,1,SMEAR
1243,1,SMEAR
1244,1,SMEAR
1245,1,SMEAR
1246,1,SMEAR
1247,1,SMEAR
1248,1,SMEAR
1249,1,SMEAR
1250,1,SMEAR
1251,1,SMEAR
1252,1,SMEAR
1253,1,SMEAR
1254,1,SMEAR
1255,1,SMEAR
1256,1,SMEAR
1257,1,SMEAR
1258,1,SMEAR
1259,1,SMEAR
1260,1,SMEAR
1261,1,SMEAR
1262,1,SMEAR
1263,1,SMEAR
1264,1,SMEAR
1265,1,SMEAR
1266,1,SMEAR
1267,1,SMEAR
1268,1,SMEAR
1269,1,SMEAR
1270,1,SMEAR
1271,1,SMEAR
1272,1,SMEAR
1273,1,SMEAR
1274,1,SMEAR
1275,1,SMEAR
1276,1,SMEAR
1277,1,SMEAR
1278,1,SMEAR
1279,1,SMEAR
1280,1,SMEAR
1281,1,SMEAR
1282,1,SMEAR
1283,1,SMEAR
1284,1,SMEAR
1285,1,SMEAR
1286,1,SMEAR
1287,1,SMEAR
1288,1,SMEAR
1289,1,SMEAR
1290,1,SMEAR
1291,1,SMEAR
1292,1,SMEAR
1293,1,SMEAR
1294,1,SMEAR
1295,1,SMEAR
1296,1,SMEAR
1297,1,SMEAR
1298,1,SMEAR
1299,1,SMEAR
1300,1,SMEAR
1301,1,SMEAR
1302,1,SMEAR
1303,1,SMEAR
1304,1,SMEAR
1305,1,SMEAR
1306,1,SMEAR
1307,1,SMEAR
1308,1,SMEAR
1309,1,SMEAR
1310,1,SMEAR
1311,1,SMEAR
1312,1,SMEAR
1313,1,SMEAR
1314,1,SMEAR
1315,1,SMEAR
1316,1,SMEAR
1317,1,SMEAR
1318,1,SMEAR
1319,1,SMEAR
1320,1,SMEAR
1321,1,SMEAR
1322,1,SMEAR
1323,1,SMEAR
1324,1,SMEAR
1325,1,SMEAR
1326,1,SMEAR
1327,1,SMEAR
1328,1,SMEAR
1329,1,SMEAR
1330,1,SMEAR
1331,1,SMEAR
1332,1,SMEAR
1333,1,SMEAR
1334,1,SMEAR
1335,1,SMEAR
1336,1,SMEAR
1337,1,SMEAR
1338,1,SMEAR
1339,1,SMEAR
1340,1,SMEAR
1341,1,SMEAR
1342,1,SMEAR
1343,1,SMEAR
1344,1,SMEAR
1345,1,SMEAR
1346,1,SMEAR
1347,1,SMEAR
1348,1,SMEAR
1349,1,SMEAR
1350,1,SMEAR
1351,1,SMEAR
1352,1,SMEAR
1353,1,SMEAR
1354,1,SMEAR
1355,1,SMEAR
1356,1,SMEAR
1357,1,SMEAR
1358,1,SMEAR
1359,1,SMEAR
1360,1,SMEAR
1361,2,SMEAR
1361,2,UNCERTAIN
1362,2,SMEAR
1362,2,UNCERTAIN
1363,2,SMEAR
1363,2,UNCERTAIN
1364,2,SMEAR
1364,2,UNCERTAIN
1365,2,SMEAR
1365,2,UNCERTAIN
1366,2,SMEAR
1366,2,UNCERTAIN
1367,2,SMEAR
1367,2,UNCERTAIN
1368,2,SMEAR
1368,2,UNCERTAIN
1369,2,SMEAR
1369,2,UNCERTAIN
1370,2,SMEAR
1370,2,UNCERTAIN
1371,1,SMEAR
1372,2,SMEAR
1372,2,UNCERTAIN
1373,2,SMEAR
1373,2,UNCERTAIN
1374,2,SMEAR
1374,2,UNCERTAIN
1375,2,SMEAR
1375,2,UNCERTAIN
1376,2,SMEAR
1376,2,UNCERTAIN
1377,2,SMEAR
1377,2,UNCERTAIN
1378,2,SMEAR
1378,2,UNCERTAIN
1379,2,SMEAR
1379,2,UNCERTAIN
1380,2,SMEAR
1380,2,UNCERTAIN
1381,1,SMEAR
1382,1,SMEAR
1383,1,SMEAR
1384,1,SMEAR
1385,1,SMEAR
1386,1,SMEAR
1387,1,SMEAR
1388,1,SMEAR
1389,1,SMEAR
1390,1,SMEAR
1391,1,SMEAR
1392,1,SMEAR
1393,1,SMEAR
1394,1,SMEAR
1395,1,SMEAR
1396,1,SMEAR
1397,1,SMEAR
1398,1,SMEAR
1399,1,SMEAR
1400,1,SMEAR
1401,1,SMEAR
1402,1,SMEAR
1403,1,SMEAR
1404,1,SMEAR
1405,1,SMEAR
1406,1,SMEAR
1407,1,SMEAR
1408,1,SMEAR
1409,1,SMEAR
1410,1,SMEAR
1411,1,SMEAR
1412,1,SMEAR
1413,1,SMEAR
1414,1,SMEAR
1415,1,SMEAR
1416,1,SMEAR
1417,1,SMEAR
1418,1,SMEAR
1419,1,SMEAR
1420,1,SMEAR
1421,1,SMEAR
1422,1,SMEAR
1423,1,SMEAR
1424,1,SMEAR
1425,1,SMEAR
1426,1,SMEAR
1427,1,SMEAR
1428,1,SMEAR
1429,1,SMEAR
1430,1,SMEAR
1431,1,SMEAR
1432,1,SMEAR
1433,1,SMEAR
1434,1,SMEAR
1435,1,SMEAR
1436,1,SMEAR
1437,1,SMEAR
1438,1,SMEAR
1439,1,SMEAR
1440,1,SMEAR
1441,1,SMEAR
1442,1,SMEAR
1443,1,SMEAR
1444,1,SMEAR
1445,1,SMEAR
1446,1,SMEAR
1447,1,SMEAR
1448,1,SMEAR
1449,1,SMEAR
1450,1,SMEAR
1451,1,SMEAR
1452,1,SMEAR
1453,1,SMEAR
1454,1,SMEAR
1455,1,SMEAR
1456,1,SMEAR
1457,1,SMEAR
1458,1,SMEAR
1459,1,SMEAR
1460,1,SMEAR
1461,1,SMEAR
1462,1,SMEAR
1463,1,SMEAR
1464,1,SMEAR
1465,1,SMEAR
1466,1,SMEAR
1467,1,SMEAR
1468,1,SMEAR
1469,1,SMEAR
1470,1,SMEAR
1471,1,SMEAR
1472,1,SMEAR
1473,1,SMEAR
1474,1,SMEAR
1475,1,SMEAR
1476,1,SMEAR
1477,1,SMEAR
1478,1,SMEAR
1479,1,SMEAR
1480,1,SMEAR
1481,1,SMEAR
1482,1,SMEAR
1483,1,SMEAR
1484,1,SMEAR
1485,1,SMEAR
1486,1,SMEAR
1487,1,SMEAR
1488,1,SMEAR
1489,1,SMEAR
1490,1,SMEAR
1491,1,SMEAR
1492,1,SMEAR
1493,1,SMEAR
1494,1,SMEAR
1495,1,SMEAR
1496,1,SMEAR
1497,1,SMEAR
1498,1,SMEAR
1499,1,SMEAR
1500,1,SMEAR
1501,1,SMEAR
1502,1,SMEAR
1503,1,SMEAR
1504,1,SMEAR
1505,1,SMEAR
1506,1,SMEAR
1507,1,SMEAR
1508,1,SMEAR
1509,1,SMEAR
1510,1,SMEAR
1511,1,SMEAR
1512,1,SMEAR
1513,1,SMEAR
1514,1,SMEAR
1515,1,SMEAR
1516,1,SMEAR
1517,1,SMEAR
1518,1,SMEAR
1519,1,SMEAR
1520,1,SMEAR
1521,1,SMEAR
1522,1,SMEAR
1523,1,SMEAR
1524,1,SMEAR
1525,1,SMEAR
1526,1,SMEAR
1527,1,SMEAR
1528,1,SMEAR
1529,1,SMEAR
1530,1,SMEAR
1531,1,SMEAR
1532,1,SMEAR
1533,1,SMEAR
1534,1,SMEAR
1535,1,SMEAR
1536,1,SMEAR
1537,1,SMEAR
1538,1,SMEAR
1539,1,SMEAR
1540,1,SMEAR
1541,1,SMEAR
1542,1,SMEAR
1543,1,SMEAR
1544,1,SMEAR
1545,1,SMEAR
1546,1,SMEAR
1547,1,SMEAR
1548,1,SMEAR
1549,1,SMEAR
1550,1,SMEAR
1551,1,SMEAR
1552,1,SMEAR
1553,1,SMEAR
1554,1,SMEAR
1555,1,SMEAR
1556,1,SMEAR
1557,1,SMEAR
1558,1,SMEAR
1559,1,SMEAR
1560,1,SMEAR
1561,1,SMEAR
1562,1,SMEAR
1563,1,SMEAR
1564,1,SMEAR
1565,1,SMEAR
1566,1,SMEAR
1567,1,SMEAR
1568,1,SMEAR
1569,1,SMEAR
1570,1,SMEAR
1571,1,SMEAR
1572,1,SMEAR
1573,1,SMEAR
1574,1,SMEAR
1575,1,SMEAR
1576,1,SMEAR
1577,1,SMEAR
1578,1,SMEAR
1579,1,SMEAR
1580,1,SMEAR
1581,1,SMEAR
1582,1,SMEAR
1583,1,SMEAR
1584,1,SMEAR
1585,1,SMEAR
1586,1,SMEAR
1587,1,SMEAR
1588,1,SMEAR
1589,1,SMEAR
1590,1,SMEAR
1591,1,SMEAR
1592,1,SMEAR
1593,1,SMEAR
1594,1,SMEAR
1595,1,SMEAR
1596,1,SMEAR
1597,1,SMEAR
1598,1,SMEAR
1599,1,SMEAR
1600,1,SMEAR
1601,1,SMEAR
1602,1,SMEAR
1603,1,SMEAR
1604,1,SMEAR
1605,1,SMEAR
1606,1,SMEAR
1607,1,SMEAR
1608,1,SMEAR
1609,1,SMEAR
1610,1,SMEAR
1611,1,SMEAR
1612,1,SMEAR
1613,1,SMEAR
1614,1,SMEAR
1615,1,SMEAR
1616,1,SMEAR
1617,1,SMEAR
1618,1,SMEAR
1619,1,SMEAR
1620,1,SMEAR
1621,1,SMEAR
1622,1,SMEAR
1623,1,SMEAR
1624,1,SMEAR
1625,1,SMEAR
1626,1,SMEAR
1627,1,SMEAR
1628,1,SMEAR
1629,1,SMEAR
1630,1,SMEAR
1631,1,SMEAR
1632,1,SMEAR
1633,1,SMEAR
1634,1,SMEAR
1635,1,SMEAR
1636,1,SMEAR
1637,1,SMEAR
1638,1,SMEAR
1639,1,SMEAR
1640,1,SMEAR
1641,1,SMEAR
1642,1,SMEAR
1643,0,
1644,0,
1645,0,
1646,0,
1647,0,
1648,0,
1649,0,
1650,0,
1651,0,
1652,0,
1653,0,
1654,0,
1655,0,
1656,0,
1694,1,UNCERTAIN
1695,1,UNCERTAIN
1696,1,UNCERTAIN
1697,1,UNCERTAIN
1698,1,UNCERTAIN
1699,1,SMEAR
1700,1,SMEAR
1701,1,SMEAR
1702,1,SMEAR
1703,1,SMEAR
1704,1,SMEAR
1705,1,SMEAR
1706,1,SMEAR
1707,1,SMEAR
1708,1,SMEAR
1709,1,SMEAR
1710,1,SMEAR
1711,1,SMEAR
1712,1,SMEAR
1713,1,SMEAR
1714,1,SMEAR
1715,1,SMEAR
1716,1,SMEAR
1717,1,SMEAR
1718,1,SMEAR
1719,1,SMEAR
1720,1,SMEAR
1721,1,SMEAR
1722,1,SMEAR
1723,1,SMEAR
1724,1,SMEAR
1725,1,SMEAR
1726,1,SMEAR
1727,1,SMEAR
1728,1,SMEAR
1729,1,SMEAR
1730,1,SMEAR
1731,1,SMEAR
1732,1,SMEAR
1733,1,SMEAR
1734,1,SMEAR
1735,1,SMEAR
1736,1,SMEAR
1737,1,SMEAR
1738,1,SMEAR
1739,1,SMEAR
1740,1,SMEAR
1741,1,SMEAR
1742,1,SMEAR
1743,1,SMEAR
1744,1,SMEAR
1745,1,SMEAR
1746,1,SMEAR
1747,1,SMEAR
1748,1,SMEAR
1749,1,SMEAR
1750,1,SMEAR
1751,1,SMEAR
1752,1,SMEAR
1753,1,SMEAR
1754,1,SMEAR
1755,1,SMEAR
1756,1,SMEAR
1757,1,SMEAR
1758,1,SMEAR
1759,1,SMEAR
1760,1,SMEAR
1761,1,SMEAR
1762,1,SMEAR
1763,1,SMEAR
1764,1,SMEAR
1765,1,SMEAR
1766,1,SMEAR
1767,1,SMEAR
1768,1,SMEAR
1769,1,SMEAR
1770,1,SMEAR
1771,1,SMEAR
1772,1,SMEAR
1773,1,SMEAR
1774,1,SMEAR
1775,1,SMEAR
1776,1,SMEAR
1777,1,SMEAR
1778,1,SMEAR
1779,1,SMEAR
1780,1,SMEAR
1781,1,SMEAR
1782,1,SMEAR
1783,1,SMEAR
1784,1,SMEAR
1785,1,SMEAR
1786,1,SMEAR
1787,1,SMEAR
1788,1,SMEAR
1789,1,SMEAR
1790,1,SMEAR
1791,1,SMEAR
1792,1,SMEAR
1793,1,SMEAR
1794,1,SMEAR
1795,1,SMEAR
1796,1,SMEAR
1797,1,SMEAR
1798,0,
1799,0,
1800,0,
1801,0,
1802,0,
1803,0,
1804,0,
1805,0,
1806,0,
1807,0,
1808,0,
1809,0,
1810,0,
1811,0,
1812,0,
1832,1,UNCERTAIN
1833,1,UNCERTAIN
1834,1,UNCERTAIN
1835,1,UNCERTAIN
1836,1,UNCERTAIN
1837,1,SMEAR
1838,1,SMEAR
1839,1,SMEAR
1840,1,SMEAR
1841,1,SMEAR
1842,1,SMEAR
1843,1,SMEAR
1844,1,SMEAR
1845,1,SMEAR
1846,1,SMEAR
1847,1,SMEAR
1848,1,SMEAR
1849,1,SMEAR
1850,1,SMEAR
1851,1,SMEAR
1852,1,SMEAR
1853,1,SMEAR
1854,1,SMEAR
1855,1,SMEAR
1856,1,SMEAR
1857,1,SMEAR
1858,1,SMEAR
1859,1,SMEAR
1860,1,SMEAR
1861,1,SMEAR
1862,1,SMEAR
1863,1,SMEAR
1864,1,SMEAR
1865,1,SMEAR
1866,1,SMEAR
1867,1,SMEAR
1868,1,SMEAR
1869,1,SMEAR
1870,1,SMEAR
1871,1,SMEAR
1872,1,SMEAR
1873,1,SMEAR
1874,1,SMEAR
1875,1,SMEAR
1876,1,SMEAR
1877,1,SMEAR
1878,1,SMEAR
1879,1,SMEAR
1880,1,SMEAR
1881,1,SMEAR
1882,1,SMEAR
1883,1,SMEAR
1884,1,SMEAR
1885,1,SMEAR
1886,1,SMEAR
1887,1,SMEAR
1888,1,SMEAR
1889,1,SMEAR
1890,1,SMEAR
1891,1,SMEAR
1892,1,SMEAR
1893,1,SMEAR
1894,1,SMEAR
1895,1,SMEAR
1896,1,SMEAR
1897,1,SMEAR
1898,1,SMEAR
1899,1,SMEAR
1900,1,SMEAR
1901,1,SMEAR
1902,1,SMEAR
1903,1,SMEAR
1904,1,SMEAR
1905,1,SMEAR
1906,1,SMEAR
1907,1,SMEAR
1908,1,SMEAR
1909,1,SMEAR
1910,1,SMEAR
1911,1,SMEAR
1912,1,SMEAR
1913,1,SMEAR
1914,1,SMEAR
1915,1,SMEAR
1916,1,SMEAR
1917,1,SMEAR
1918,1,SMEAR
1919,1,SMEAR
1920,1,SMEAR
1921,1,SMEAR
1922,1,SMEAR
1923,1,SMEAR
1924,1,SMEAR
1925,1,SMEAR
1926,1,SMEAR
1927,1,SMEAR
1928,1,SMEAR
1929,0,
1930,0,
1931,0,
1932,0,
1933,0,
1934,0,
1935,0,
1936,0,
1937,0,
1938,0,
1939,0,
1940,0,
1941,0,
1942,0,
1951,1,UNCERTAIN
1952,1,FINGER
1953,1,FINGER
1954,1,FINGER
1955,1,FINGER
1956,1,FINGER
1957,1,FINGER
1958,1,FINGER
1959,1,FINGER
1960,1,FINGER
1961,1,FINGER
1962,1,FINGER
1963,1,FINGER
1964,1,FINGER
1965,1,FINGER
1966,1,FINGER
1967,1,FINGER
1968,1,FINGER
1969,1,FINGER
1970,1,FINGER
1971,1,FINGER
1972,1,FINGER
1973,1,FINGER
1974,1,FINGER
1975,1,FINGER
1976,1,FINGER
1977,1,FINGER
1978,1,FINGER
1979,1,FINGER
1980,1,FINGER
1981,1,FINGER
1982,1,FINGER
1983,1,FINGER
1984,1,FINGER
1985,1,FINGER
1986,1,FINGER
1987,1,FINGER
1988,1,FINGER
1989,1,FINGER
1990,1,FINGER
1991,1,FINGER
1992,1,FINGER
1993,1,FINGER
1994,1,FINGER
1995,1,FINGER
1996,1,FINGER
1997,1,FINGER
1998,1,FINGER
1999,1,FINGER
2000,1,FINGER
2001,1,FINGER
2002,1,FINGER
2003,1,FINGER
2004,1,FINGER
2005,1,FINGER
2006,1,FINGER
2007,1,FINGER
2008,1,FINGER
2009,1,FINGER
2010,1,FINGER
2011,1,FINGER
2012,1,FINGER
2013,1,FINGER
2014,1,FINGER
2015,1,FINGER
2016,1,FINGER
2017,1,FINGER
2018,1,FINGER
2019,1,FINGER
2020,1,FINGER
2021,1,FINGER
2022,2,FINGER
2022,2,UNCERTAIN
2023,2,FINGER
2023,2,UNCERTAIN
2024,1,FINGER
2025,1,FINGER
2026,1,FINGER
2027,1,FINGER
2028,1,FINGER
2029,2,FINGER
2029,2,UNCERTAIN
2030,2,FINGER
2030,2,UNCERTAIN
2031,2,FINGER
2031,2,UNCERTAIN
2032,2,FINGER
2032,2,UNCERTAIN
2033,2,FINGER
2033,2,UNCERTAIN
2034,2,FINGER
2034,2,UNCERTAIN
2035,2,FINGER
2035,2,UNCERTAIN
2036,2,FINGER
2036,2,UNCERTAIN
2037,2,FINGER
2037,2,UNCERTAIN
2038,2,FINGER
2038,2,UNCERTAIN
2039,2,FINGER
2039,2,UNCERTAIN
2040,2,FINGER
2040,2,FINGER
2041,2,FINGER
2041,2,FINGER
2042,2,FINGER
2042,2,FINGER
2043,2,FINGER
2043,2,FINGER
2044,2,FINGER
2044,2,FINGER
2045,2,FINGER
2045,2,FINGER
2046,2,FINGER
2046,2,FINGER
2047,2,FINGER
2047,2,FINGER
2048,2,FINGER
2048,2,FINGER
2049,2,FINGER
2049,2,FINGER
2050,2,FINGER
2050,2,FINGER
2051,2,FINGER
2051,2,FINGER
2052,2,FINGER
2052,2,FINGER
2053,1,FINGER
2054,1,FINGER
2055,1,FINGER
2056,1,FINGER
2057,1,FINGER
2058,1,FINGER
2059,1,FINGER
2060,1,FINGER
2061,1,FINGER
2062,1,FINGER
2063,1,FINGER
2064,1,FINGER
2065,1,FINGER
2066,1,FINGER
2067,1,FINGER
2068,1,FINGER
2069,1,FINGER
2070,1,FINGER
2071,1,FINGER
2072,1,FINGER
2073,1,FINGER
2074,1,FINGER
2075,1,FINGER
2076,1,FINGER
2077,1,FINGER
2078,1,FINGER
2079,1,FINGER
2080,1,FINGER
2081,1,FINGER
2082,1,FINGER
2083,1,FINGER
2084,1,FINGER
2085,1,FINGER
2086,1,FINGER
2087,1,FINGER
2088,1,FINGER
2089,1,FINGER
2090,1,FINGER
2091,1,FINGER
2092,1,FINGER
2093,1,FINGER
2094,1,FINGER
2095,1,FINGER
2096,1,FINGER
2097,1,FINGER
2098,1,FINGER
2099,1,FINGER
2100,1,FINGER
2101,1,FINGER
2102,1,FINGER
2103,1,FINGER
2104,1,FINGER
2105,1,FINGER
2106,1,FINGER
2107,1,FINGER
2108,1,FINGER
2109,1,FINGER
2110,1,FINGER
2111,1,FINGER
2112,1,FINGER
2113,1,FINGER
2114,1,FINGER
2115,1,FINGER
2116,1,FINGER
2117,1,FINGER
2118,1,FINGER
2119,1,FINGER
2120,1,FINGER
2121,1,FINGER
2122,1,FINGER
2123,1,FINGER
2124,1,FINGER
2125,1,FINGER
2126,1,FINGER
2127,1,FINGER
2128,1,FINGER
2129,1,FINGER
2130,1,FINGER
2131,1,FINGER
2132,1,FINGER
2133,1,FINGER
2134,1,FINGER
2135,1,FINGER
2136,1,FINGER
2137,1,FINGER
2138,1,FINGER
2139,1,FINGER
2140,1,FINGER
2141,1,FINGER
2142,1,FINGER
2143,1,FINGER
2144,1,FINGER
2145,1,FINGER
2146,1,FINGER
2147,1,FINGER
2148,1,FINGER
2149,1,FINGER
2150,1,FINGER
2151,1,FINGER
2152,1,FINGER
2153,1,FINGER
2154,1,FINGER
2155,1,FINGER
2156,1,FINGER
2157,1,FINGER
2158,1,FINGER
2159,1,FINGER
2160,1,FINGER
2161,1,FINGER
2162,1,FINGER
2163,1,FINGER
2164,1,FINGER
2165,1,FINGER
2166,1,FINGER
2167,1,FINGER
2168,1,FINGER
2169,1,FINGER
2170,1,FINGER
2171,1,FINGER
2172,1,FINGER
2173,1,FINGER
2174,1,FINGER
2175,0,
2176,0,
2177,0,
2178,0,
2179,0,
2180,0,
2181,0,
2182,0,
2183,0,
2184,0,
2185,0,
2186,0,
2187,0,
2188,0,
2250,1,UNCERTAIN
2251,1,UNCERTAIN
2252,1,UNCERTAIN
2253,1,UNCERTAIN
2254,1,UNCERTAIN
2255,1,SMEAR
2256,1,SMEAR
2257,1,SMEAR
2258,1,SMEAR
2259,1,SMEAR
2260,1,SMEAR
2261,1,SMEAR
2262,1,SMEAR
2263,1,SMEAR
2264,1,SMEAR
2265,1,SMEAR
2266,1,SMEAR
2267,1,SMEAR
2268,1,SMEAR
2269,1,SMEAR
2270,1,SMEAR
2271,1,SMEAR
2272,1,SMEAR
2273,1,SMEAR
2274,1,SMEAR
2275,1,SMEAR
2276,1,SMEAR
2277,1,SMEAR
2278,1,SMEAR
2279,1,SMEAR
2280,1,SMEAR
2281,1,SMEAR
2282,1,SMEAR
2283,1,SMEAR
2284,1,SMEAR
2285,1,SMEAR
2286,1,SMEAR
2287,1,SMEAR
2288,1,SMEAR
2289,1,SMEAR
2290,1,SMEAR
2291,1,SMEAR
2292,1,SMEAR
2293,1,SMEAR
2294,1,SMEAR
2295,1,SMEAR
2296,1,SMEAR
2297,1,SMEAR
2298,1,SMEAR
2299,1,SMEAR
2300,1,SMEAR
2301,1,SMEAR
2302,1,SMEAR
2303,1,SMEAR
2304,1,SMEAR
2305,1,SMEAR
2306,1,SMEAR
2307,1,SMEAR
2308,1,SMEAR
2309,1,SMEAR
2310,1,SMEAR
2311,1,SMEAR
2312,1,SMEAR
2313,1,SMEAR
2314,1,SMEAR
2315,1,SMEAR
2316,1,SMEAR
2317,1,SMEAR
2318,1,SMEAR
2319,1,SMEAR
2320,1,SMEAR
2321,1,SMEAR
2322,1,SMEAR
2323,1,SMEAR
2324,1,SMEAR
2325,1,SMEAR
2326,1,SMEAR
2327,1,SMEAR
2328,1,SMEAR
2329,1,SMEAR
2330,1,SMEAR
2331,1,SMEAR
2332,1,SMEAR
2333,1,SMEAR
2334,1,SMEAR
2335,1,SMEAR
2336,1,SMEAR
2337,1,SMEAR
2338,1,SMEAR
2339,1,SMEAR
2340,1,SMEAR
2341,1,SMEAR
2342,1,SMEAR
2343,1,SMEAR
2344,1,SMEAR
2345,1,SMEAR
2346,1,SMEAR
2347,1,SMEAR
2348,1,SMEAR
2349,1,SMEAR
2350,1,SMEAR
2351,1,SMEAR
2352,1,SMEAR
2353,1,SMEAR
2354,1,SMEAR
2355,1,SMEAR
2356,1,SMEAR
2357,1,SMEAR
2358,1,SMEAR
2359,1,SMEAR
2360,1,SMEAR
2361,1,SMEAR
2362,1,SMEAR
2363,1,SMEAR
2364,1,SMEAR
2365,1,SMEAR
2366,1,SMEAR
2367,1,SMEAR
2368,1,SMEAR
2369,1,SMEAR
2370,1,SMEAR
2371,1,SMEAR
2372,1,SMEAR
2373,1,SMEAR
2374,1,SMEAR
2375,1,SMEAR
2376,1,SMEAR
2377,1,SMEAR
2378,1,SMEAR
2379,1,SMEAR
2380,1,SMEAR
2381,1,SMEAR
2382,1,SMEAR
2383,1,SMEAR
2384,1,SMEAR
2385,1,SMEAR
2386,1,SMEAR
2387,1,SMEAR
2388,1,SMEAR
2389,1,SMEAR
2390,1,SMEAR
2391,1,SMEAR
2392,1,SMEAR
2393,1,SMEAR
2394,1,SMEAR
2395,1,SMEAR
2396,1,SMEAR
2397,1,SMEAR
2398,1,SMEAR
2399,1,SMEAR
2400,1,SMEAR
2401,1,SMEAR
2402,1,SMEAR
2403,1,SMEAR
2404,1,SMEAR
2405,1,SMEAR
2406,1,SMEAR
2407,1,SMEAR
2408,1,SMEAR
2409,1,SMEAR
2410,1,SMEAR
2411,1,SMEAR
2412,0,
2413,0,
2414,0,
2415,0,
2416,0,
2417,0,
2418,0,
2419,0,
2420,0,
2421,0,
2422,0,
2423,0,
2424,0,
2425,0,
2426,0,
2441,1,UNCERTAIN
2442,2,UNCERTAIN
2442,2,UNCERTAIN
2443,2,FINGER
2443,2,UNCERTAIN
2444,2,FINGER
2444,2,UNCERTAIN
2445,2,FINGER
2445,2,UNCERTAIN
2446,2,FINGER
2446,2,UNCERTAIN
2447,2,FINGER
2447,2,SMEAR
2448,2,FINGER
2448,2,SMEAR
2449,2,FINGER
2449,2,SMEAR
2450,2,FINGER
2450,2,SMEAR
2451,2,FINGER
2451,2,SMEAR
2452,2,FINGER
2452,2,SMEAR
2453,2,FINGER
2453,2,SMEAR
2454,2,FINGER
2454,2,SMEAR
2455,2,FINGER
2455,2,SMEAR
2456,2,FINGER
2456,2,SMEAR
2457,2,FINGER
2457,2,SMEAR
2458,2,FINGER
2458,2,SMEAR
2459,2,FINGER
2459,2,SMEAR
2460,1,SMEAR
2461,1,SMEAR
2462,1,SMEAR
2463,1,SMEAR
2464,1,SMEAR
2465,1,SMEAR
2466,1,SMEAR
2467,1,SMEAR
2468,1,SMEAR
2469,1,SMEAR
2470,1,SMEAR
2471,1,SMEAR
2472,1,SMEAR
2473,1,SMEAR
2474,1,SMEAR
2475,1,SMEAR
2476,1,SMEAR
2477,1,SMEAR
2478,1,SMEAR
2479,1,SMEAR
2480,1,SMEAR
2481,1,SMEAR
2482,1,SMEAR
2483,1,SMEAR
2484,1,SMEAR
2485,1,SMEAR
2486,1,SMEAR
2487,1,SMEAR
2488,1,SMEAR
2489,1,SMEAR
2490,1,SMEAR
2491,1,SMEAR
2492,1,SMEAR
2493,1,SMEAR
2494,1,SMEAR
2495,1,SMEAR
2496,1,SMEAR
2497,1,SMEAR
2498,1,SMEAR
2499,1,SMEAR
2500,1,SMEAR
2501,1,SMEAR
2502,1,SMEAR
2503,1,SMEAR
2504,1,SMEAR
2505,1,SMEAR
2506,1,SMEAR
2507,1,SMEAR
2508,1,SMEAR
2509,1,SMEAR
2510,1,SMEAR
2511,1,SMEAR
2512,1,SMEAR
2513,1,SMEAR
2514,1,SMEAR
2515,1,SMEAR
2516,1,SMEAR
2517,1,SMEAR
2518,1,SMEAR
2519,1,SMEAR
2520,1,SMEAR
2521,1,SMEAR
2522,1,SMEAR
2523,1,SMEAR
2524,1,SMEAR
2525,1,SMEAR
2526,1,SMEAR
2527,1,SMEAR
2528,1,SMEAR
2529,1,SMEAR
2530,1,SMEAR
2531,1,SMEAR
2532,1,SMEAR
2533,1,SMEAR
2534,1,SMEAR
2535,1,SMEAR
2536,1,SMEAR
2537,1,SMEAR
2538,1,SMEAR
2539,1,SMEAR
2540,1,SMEAR
2541,1,SMEAR
2542,1,SMEAR
2543,1,SMEAR
2544,1,SMEAR
2545,1,SMEAR
2546,1,SMEAR
2547,1,SMEAR
2548,1,SMEAR
2549,1,SMEAR
2550,1,SMEAR
2551,1,SMEAR
2552,1,SMEAR
2553,1,SMEAR
2554,0,
2555,0,
2556,0,
2557,0,
2558,0,
2559,0,
2560,0,
2561,0,
2562,0,
2563,0,
2564,0,
2565,0,
2566,0,
2567,0,
2568,0,
2592,1,UNCERTAIN
2593,1,UNCERTAIN
2594,1,UNCERTAIN
2595,1,UNCERTAIN
2596,1,UNCERTAIN
2597,1,SMEAR
2598,1,SMEAR
2599,1,SMEAR
2600,1,SMEAR
2601,1,SMEAR
2602,1,SMEAR
2603,1,SMEAR
2604,1,SMEAR
2605,1,SMEAR
2606,1,SMEAR
2607,1,SMEAR
2608,1,SMEAR
2609,1,SMEAR
2610,1,SMEAR
2611,1,SMEAR
2612,1,SMEAR
2613,1,SMEAR
2614,1,SMEAR
2615,1,SMEAR
2616,1,SMEAR
2617,1,SMEAR
2618,1,SMEAR
2619,1,SMEAR
2620,1,SMEAR
2621,1,SMEAR
2622,1,SMEAR
2623,1,SMEAR
2624,1,SMEAR
2625,1,SMEAR
2626,1,SMEAR
2627,1,SMEAR
2628,1,SMEAR
2629,1,SMEAR
2630,1,SMEAR
2631,1,SMEAR
2632,1,SMEAR
2633,1,SMEAR
2634,1,SMEAR
2635,1,SMEAR
2636,1,SMEAR
2637,1,SMEAR
2638,1,SMEAR
2639,1,SMEAR
2640,1,SMEAR
2641,1,SMEAR
2642,1,SMEAR
2643,1,SMEAR
2644,1,SMEAR
2645,1,SMEAR
2646,1,SMEAR
2647,1,SMEAR
2648,1,SMEAR
2649,1,SMEAR
2650,1,SMEAR
2651,1,SMEAR
2652,1,SMEAR
2653,1,SMEAR
2654,1,SMEAR
2655,1,SMEAR
2656,1,SMEAR
2657,1,SMEAR
2658,1,SMEAR
2659,1,SMEAR
2660,1,SMEAR
2661,1,SMEAR
2662,1,SMEAR
2663,1,SMEAR
2664,1,SMEAR
2665,1,SMEAR
2666,1,SMEAR
2667,1,SMEAR
2668,1,SMEAR
2669,1,SMEAR
2670,1,SMEAR
2671,1,SMEAR
2672,1,SMEAR
2673,1,SMEAR
2674,1,SMEAR
2675,1,SMEAR
2676,1,SMEAR
2677,1,SMEAR
2678,1,SMEAR
2679,1,SMEAR
2680,1,SMEAR
2681,1,SMEAR
2682,1,SMEAR
2683,1,SMEAR
2684,1,SMEAR
2685,1,SMEAR
2686,1,SMEAR
2687,1,SMEAR
2688,1,SMEAR
2689,1,SMEAR
2690,1,SMEAR
2691,1,SMEAR
2692,1,SMEAR
2693,1,SMEAR
2694,1,SMEAR
2695,1,SMEAR
2696,1,SMEAR
2697,1,SMEAR
2698,1,SMEAR
2699,1,SMEAR
2700,1,SMEAR
2701,1,SMEAR
2702,1,SMEAR
2703,1,SMEAR
2704,1,SMEAR
2705,1,SMEAR
2706,1,SMEAR
2707,1,SMEAR
2708,1,SMEAR
2709,1,SMEAR
2710,1,SMEAR
2711,1,SMEAR
2712,1,SMEAR
2713,1,SMEAR
2714,1,SMEAR
2715,1,SMEAR
2716,0,
2717,0,
2718,0,
2719,0,
2720,0,
2721,0,
2722,0,
2723,0,
2724,0,
2725,0,
2726,0,
2727,0,
2728,0,
2729,0,
2730,0,
2740,1,UNCERTAIN
2741,1,UNCERTAIN
2742,1,UNCERTAIN
2743,1,UNCERTAIN
2744,1,UNCERTAIN
2745,1,SMEAR
2746,1,SMEAR
2747,1,SMEAR
2748,1,SMEAR
2749,1,SMEAR
2750,1,SMEAR
2751,1,SMEAR
2752,1,SMEAR
2753,1,SMEAR
2754,1,SMEAR
2755,1,SMEAR
2756,1,SMEAR
2757,1,SMEAR
2758,1,SMEAR
2759,1,SMEAR
2760,1,SMEAR
2761,1,SMEAR
2762,1,SMEAR
2763,1,SMEAR
2764,1,SMEAR
2765,1,SMEAR
2766,1,SMEAR
2767,1,SMEAR
2768,1,SMEAR
2769,1,SMEAR
2770,1,SMEAR
2771,1,SMEAR
2772,1,SMEAR
2773,1,SMEAR
2774,1,SMEAR
2775,1,SMEAR
2776,1,SMEAR
2777,1,SMEAR
2778,1,SMEAR
2779,1,SMEAR
2780,1,SMEAR
2781,1,SMEAR
2782,1,SMEAR
2783,1,SMEAR
2784,1,SMEAR
2785,1,SMEAR
2786,1,SMEAR
2787,1,SMEAR
2788,1,SMEAR
2789,1,SMEAR
2790,1,SMEAR
2791,1,SMEAR
2792,1,SMEAR
2793,1,SMEAR
2794,1,SMEAR
2795,1,SMEAR
2796,1,SMEAR
2797,1,SMEAR
2798,1,SMEAR
2799,1,SMEAR
2800,1,SMEAR
2801,1,SMEAR
2802,1,SMEAR
2803,1,SMEAR
2804,1,SMEAR
2805,1,SMEAR
2806,1,SMEAR
2807,1,SMEAR
2808,1,SMEAR
2809,1,SMEAR
2810,1,SMEAR
2811,1,SMEAR
2812,1,SMEAR
2813,1,SMEAR
2814,1,SMEAR
2815,1,SMEAR
2816,1,SMEAR
2817,1,SMEAR
2818,1,SMEAR
2819,1,SMEAR
2820,1,SMEAR
2821,1,SMEAR
2822,1,SMEAR
2823,1,SMEAR
2824,1,SMEAR
2825,1,SMEAR
2826,1,SMEAR
2827,1,SMEAR
2828,1,SMEAR
2829,1,SMEAR
2830,1,SMEAR
2831,1,SMEAR
2832,1,SMEAR
2833,1,SMEAR
2834,1,SMEAR
2835,1,SMEAR
2836,1,SMEAR
2837,1,SMEAR
2838,1,SMEAR
2839,1,SMEAR
2840,1,SMEAR
2841,1,SMEAR
2842,1,SMEAR
2843,1,SMEAR
2844,1,SMEAR
2845,1,SMEAR
2846,1,SMEAR
2847,1,SMEAR
2848,1,SMEAR
2849,1,SMEAR
2850,1,SMEAR
2851,1,SMEAR
2852,1,SMEAR
2853,1,SMEAR
2854,1,SMEAR
2855,1,SMEAR
2856,1,SMEAR
2857,1,SMEAR
2858,1,SMEAR
2859,1,SMEAR
2860,1,SMEAR
2861,1,SMEAR
2862,1,SMEAR
2863,1,SMEAR
2864,1,SMEAR
2865,1,SMEAR
2866,1,SMEAR
2867,1,SMEAR
2868,1,SMEAR
2869,1,SMEAR
2870,1,SMEAR
2871,1,SMEAR
2872,1,SMEAR
2873,1,SMEAR
2874,1,SMEAR
2875,1,SMEAR
2876,1,SMEAR
2877,1,SMEAR
2878,1,SMEAR
2879,1,SMEAR
2880,1,SMEAR
2881,1,SMEAR
2882,1,SMEAR
2883,1,SMEAR
2884,1,SMEAR
2885,1,SMEAR
2886,1,SMEAR
2887,1,SMEAR
2888,1,SMEAR
2889,1,SMEAR
2890,1,SMEAR
2891,1,SMEAR
2892,1,SMEAR
2893,1,SMEAR
2894,1,SMEAR
2895,1,SMEAR
2896,1,SMEAR
2897,1,SMEAR
2898,1,SMEAR
2899,1,SMEAR
2900,1,SMEAR
2901,1,SMEAR
2902,1,SMEAR
2903,1,SMEAR
2904,1,SMEAR
2905,1,SMEAR
2906,1,SMEAR
2907,1,SMEAR
2908,1,SMEAR
2909,1,SMEAR
2910,1,SMEAR
2911,1,SMEAR
2912,1,SMEAR
2913,1,SMEAR
2914,1,SMEAR
2915,1,SMEAR
2916,1,SMEAR
2917,1,SMEAR
2918,1,SMEAR
2919,1,SMEAR
2920,1,SMEAR
2921,1,SMEAR
2922,1,SMEAR
2923,1,SMEAR
2924,0,
2925,0,
2926,0,
2927,0,
2928,0,
2929,0,
2930,0,
2931,0,
2932,0,
2933,0,
2934,0,
2935,0,
2936,0,
2937,0,
2938,0,
