FrameNumber,NumberOfTracks,TrackType
224,1,FINGER
225,1,FINGER
226,1,FINGER
227,1,FINGER
228,1,FINGER
229,2,FINGER
229,2,UNCERTAIN
230,2,FINGER
230,2,UNCERTAIN
231,2,FINGER
231,2,FINGER
232,2,FINGER
232,2,FINGER
233,2,FINGER
233,2,FINGER
234,2,FINGER
234,2,FINGER
235,2,FINGER
235,2,FINGER
236,2,FINGER
236,2,FINGER
237,2,FINGER
237,2,FINGER
238,2,FINGER
238,2,FINGER
239,2,FINGER
239,2,FINGER
240,2,FINGER
240,2,FINGER
241,2,FINGER
241,2,FINGER
242,2,FINGER
242,2,FINGER
243,2,FINGER
243,2,FINGER
244,2,FINGER
244,2,FINGER
245,2,FINGER
245,2,FINGER
246,2,FINGER
246,2,FINGER
247,2,FINGER
247,2,FINGER
248,2,FINGER
248,2,FINGER
249,2,FINGER
249,2,FINGER
250,2,FINGER
250,2,FINGER
251,2,FINGER
251,2,FINGER
252,2,FINGER
252,2,FINGER
253,2,FINGER
253,2,FINGER
254,2,FINGER
254,2,FINGER
255,2,FINGER
255,2,FINGER
256,2,FINGER
256,2,FINGER
257,2,FINGER
257,2,FINGER
258,2,FINGER
258,2,FINGER
259,2,FINGER
259,2,FINGER
260,2,FINGER
260,2,FINGER
261,2,FINGER
261,2,FINGER
262,2,FINGER
262,2,FINGER
263,2,FINGER
263,2,FINGER
264,2,FINGER
264,2,FINGER
265,2,FINGER
265,2,FINGER
266,2,FINGER
266,2,FINGER
267,2,FINGER
267,2,FINGER
268,2,FINGER
268,2,FINGER
269,2,FINGER
269,2,FINGER
270,2,FINGER
270,2,FINGER
271,2,FINGER
271,2,FINGER
272,2,FINGER
272,2,FINGER
273,2,FINGER
273,2,FINGER
274,2,FINGER
274,2,FINGER
275,2,FINGER
275,2,FINGER
276,2,FINGER
276,2,FINGER
277,2,FINGER
277,2,FINGER
278,2,FINGER
278,2,FINGER
279,2,FINGER
279,2,FINGER
280,1,BUNCH
281,1,BUNCH
282,1,BUNCH
283,1,BUNCH
284,1,BUNCH
285,1,BUNCH
286,1,BUNCH
287,1,BUNCH
288,1,BUNCH
289,1,BUNCH
290,1,BUNCH
291,2,FINGER
291,2,FINGER
292,2,FINGER
292,2,FINGER
293,2,FINGER
293,2,FINGER
294,2,FINGER
294,2,FINGER
295,2,FINGER
295,2,FINGER
296,2,FINGER
296,2,FINGER
297,2,FINGER
297,2,FINGER
298,2,FINGER
298,2,FINGER
299,2,FINGER
299,2,FINGER
300,2,FINGER
300,2,FINGER
301,2,FINGER
301,2,FINGER
302,2,FINGER
302,2,FINGER
303,2,FINGER
303,2,FINGER
304,2,FINGER
304,2,FINGER
305,2,FINGER
305,2,FINGER
306,2,FINGER
306,2,FINGER
307,2,FINGER
307,2,FINGER
308,2,FINGER
308,2,FINGER
309,2,FINGER
309,2,FINGER
310,2,FINGER
310,2,FINGER
311,2,FINGER
311,2,FINGER
312,2,FINGER
312,2,FINGER
313,2,FINGER
313,2,FINGER
314,2,FINGER
314,2,FINGER
315,2,FINGER
315,2,FINGER
316,2,FINGER
316,2,FINGER
317,2,FINGER
317,2,FINGER
318,2,FINGER
318,2,FINGER
319,2,FINGER
319,2,FINGER
320,2,FINGER
320,2,FINGER
321,2,FINGER
321,2,FINGER
322,2,FINGER
322,2,FINGER
323,2,FINGER
323,2,FINGER
324,2,FINGER
324,2,FINGER
325,2,FINGER
325,2,FINGER
326,2,FINGER
326,2,FINGER
327,2,FINGER
327,2,FINGER
328,2,FINGER
328,2,FINGER
329,2,FINGER
329,2,FINGER
330,2,FINGER
330,2,FINGER
331,2,FINGER
331,2,FINGER
332,2,FINGER
332,2,FINGER
333,2,FINGER
333,2,FINGER
334,2,FINGER
334,2,FINGER
335,2,FINGER
335,2,FINGER
336,2,FINGER
336,2,FINGER
337,2,FINGER
337,2,FINGER
338,2,FINGER
338,2,FINGER
339,2,FINGER
339,2,FINGER
340,2,FINGER
340,2,FINGER
341,2,FINGER
341,2,FINGER
342,2,FINGER
342,2,FINGER
343,2,FINGER
343,2,FINGER
344,1,BUNCH
345,2,FINGER
345,2,FINGER
346,2,FINGER
346,2,FINGER
347,1,BUNCH
348,1,BUNCH
349,1,BUNCH
350,2,FINGER
350,2,FINGER
351,2,FINGER
351,2,FINGER
352,1,BUNCH
353,1,BUNCH
354,2,FINGER
354,2,FINGER
355,2,FINGER
355,2,FINGER
356,1,BUNCH
357,1,BUNCH
358,2,FINGER
358,2,FINGER
359,1,BUNCH
360,1,BUNCH
361,1,BUNCH
362,2,FINGER
362,2,FINGER
363,2,FINGER
363,2,FINGER
364,1,BUNCH
365,1,BUNCH
366,2,BUNCH
366,2,FINGER
367,2,FINGER
367,2,FINGER
368,2,FINGER
368,2,FINGER
369,2,FINGER
369,2,FINGER
370,2,FINGER
370,2,FINGER
371,2,FINGER
371,2,FINGER
372,2,FINGER
372,2,FINGER
373,2,FINGER
373,2,FINGER
374,0,
375,0,
376,0,
377,0,
378,0,
379,0,
380,0,
381,0,
382,0,
383,0,
384,0,
385,0,
386,0,
387,0,
388,0,
431,2,UNCERTAIN
431,2,FINGER
432,2,FINGER
432,2,FINGER
433,2,FINGER
433,2,FINGER
434,2,FINGER
434,2,FINGER
435,2,FINGER
435,2,FINGER
436,2,FINGER
436,2,FINGER
437,2,FINGER
437,2,FINGER
438,2,FINGER
438,2,FINGER
439,2,FINGER
439,2,FINGER
440,2,FINGER
440,2,FINGER
441,2,FINGER
441,2,FINGER
442,2,FINGER
442,2,FINGER
443,2,FINGER
443,2,FINGER
444,2,FINGER
444,2,FINGER
445,2,FINGER
445,2,FINGER
446,2,FINGER
446,2,FINGER
447,2,FINGER
447,2,FINGER
448,2,FINGER
448,2,FINGER
449,2,FINGER
449,2,FINGER
450,2,FINGER
450,2,FINGER
451,2,FINGER
451,2,FINGER
452,2,FINGER
452,2,FINGER
453,2,FINGER
453,2,FINGER
454,2,FINGER
454,2,FINGER
455,2,FINGER
455,2,FINGER
456,2,FINGER
456,2,FINGER
457,2,FINGER
457,2,FINGER
458,2,FINGER
458,2,FINGER
459,2,FINGER
459,2,FINGER
460,2,FINGER
460,2,FINGER
461,2,FINGER
461,2,FINGER
462,2,FINGER
462,2,FINGER
463,2,FINGER
463,2,FINGER
464,2,FINGER
464,2,FINGER
465,2,FINGER
465,2,FINGER
466,2,FINGER
466,2,FINGER
467,2,FINGER
467,2,FINGER
468,2,FINGER
468,2,FINGER
469,2,FINGER
469,2,FINGER
470,2,FINGER
470,2,FINGER
471,2,FINGER
471,2,FINGER
472,2,FINGER
472,2,FINGER
473,2,FINGER
473,2,FINGER
474,2,FINGER
474,2,FINGER
475,2,FINGER
475,2,FINGER
476,1,BUNCH
477,1,BUNCH
478,1,BUNCH
479,1,BUNCH
480,1,BUNCH
481,1,BUNCH
482,1,BUNCH
483,1,BUNCH
484,1,BUNCH
485,1,BUNCH
486,1,BUNCH
487,1,BUNCH
488,1,BUNCH
489,1,BUNCH
490,1,BUNCH
491,2,FINGER
491,2,BUNCH
492,2,FINGER
492,2,BUNCH
493,2,FINGER
493,2,BUNCH
494,2,FINGER
494,2,FINGER
495,2,FINGER
495,2,FINGER
496,2,FINGER
496,2,FINGER
497,2,FINGER
497,2,FINGER
498,2,FINGER
498,2,FINGER
499,2,FINGER
499,2,FINGER
500,2,FINGER
500,2,FINGER
501,2,FINGER
501,2,FINGER
502,2,FINGER
502,2,FINGER
503,2,FINGER
503,2,FINGER
504,2,FINGER
504,2,FINGER
505,2,FINGER
505,2,FINGER
506,2,FINGER
506,2,FINGER
507,2,FINGER
507,2,FINGER
508,2,FINGER
508,2,FINGER
509,2,FINGER
509,2,FINGER
510,2,FINGER
510,2,FINGER
511,2,FINGER
511,2,FINGER
512,2,FINGER
512,2,FINGER
513,2,FINGER
513,2,FINGER
514,2,FINGER
514,2,FINGER
515,2,FINGER
515,2,FINGER
516,2,FINGER
516,2,FINGER
517,2,FINGER
517,2,FINGER
518,2,FINGER
518,2,FINGER
519,2,FINGER
519,2,FINGER
520,2,FINGER
520,2,FINGER
521,2,FINGER
521,2,FINGER
522,2,FINGER
522,2,FINGER
523,2,FINGER
523,2,FINGER
524,2,FINGER
524,2,FINGER
525,2,FINGER
525,2,FINGER
526,2,FINGER
526,2,FINGER
527,2,FINGER
527,2,FINGER
528,2,FINGER
528,2,FINGER
529,2,FINGER
529,2,FINGER
530,2,FINGER
530,2,FINGER
531,2,FINGER
531,2,FINGER
532,2,FINGER
532,2,FINGER
533,2,FINGER
533,2,FINGER
534,2,FINGER
534,2,FINGER
535,2,FINGER
535,2,FINGER
536,2,FINGER
536,2,FINGER
537,2,FINGER
537,2,FINGER
538,2,FINGER
538,2,FINGER
539,2,FINGER
539,2,FINGER
540,2,FINGER
540,2,FINGER
541,2,FINGER
541,2,FINGER
542,1,BUNCH
543,2,FINGER
543,2,BUNCH
544,2,FINGER
544,2,BUNCH
545,2,FINGER
545,2,BUNCH
546,1,BUNCH
547,1,BUNCH
548,1,BUNCH
549,1,BUNCH
550,1,BUNCH
551,1,BUNCH
552,1,BUNCH
553,1,BUNCH
554,1,BUNCH
555,1,BUNCH
556,1,BUNCH
557,1,BUNCH
558,1,BUNCH
559,1,BUNCH
560,1,BUNCH
561,1,BUNCH
562,1,BUNCH
563,1,BUNCH
564,1,BUNCH
565,1,BUNCH
566,1,BUNCH
567,1,BUNCH
568,1,BUNCH
569,1,BUNCH
570,1,BUNCH
571,1,BUNCH
572,1,BUNCH
573,1,BUNCH
574,1,BUNCH
575,1,BUNCH
576,1,BUNCH
577,2,BUNCH
577,2,FINGER
578,2,BUNCH
578,2,FINGER
579,2,FINGER
579,2,FINGER
580,2,FINGER
580,2,FINGER
581,2,FINGER
581,2,FINGER
582,2,FINGER
582,2,FINGER
583,2,FINGER
583,2,FINGER
584,2,FINGER
584,2,FINGER
585,2,FINGER
585,2,FINGER
586,2,FINGER
586,2,FINGER
587,2,FINGER
587,2,FINGER
588,2,FINGER
588,2,FINGER
589,2,FINGER
589,2,FINGER
590,2,FINGER
590,2,FINGER
591,2,FINGER
591,2,FINGER
592,2,FINGER
592,2,FINGER
593,2,FINGER
593,2,FINGER
594,2,FINGER
594,2,FINGER
595,2,FINGER
595,2,FINGER
596,2,FINGER
596,2,FINGER
597,2,FINGER
597,2,FINGER
598,2,FINGER
598,2,FINGER
599,2,FINGER
599,2,FINGER
600,1,FINGER
601,0,
602,0,
603,0,
604,0,
605,0,
606,0,
607,0,
608,0,
609,0,
610,0,
611,0,
612,0,
613,0,
614,0,
615,0,
647,2,FINGER
647,2,FINGER
648,2,FINGER
648,2,FINGER
649,2,FINGER
649,2,FINGER
650,2,FINGER
650,2,FINGER
651,2,FINGER
651,2,FINGER
652,2,FINGER
652,2,FINGER
653,2,FINGER
653,2,FINGER
654,2,FINGER
654,2,FINGER
655,2,FINGER
655,2,FINGER
656,2,FINGER
656,2,FINGER
657,2,FINGER
657,2,FINGER
658,2,FINGER
658,2,FINGER
659,2,FINGER
659,2,FINGER
660,2,FINGER
660,2,FINGER
661,2,FINGER
661,2,FINGER
662,2,FINGER
662,2,FINGER
663,2,FINGER
663,2,FINGER
664,2,FINGER
664,2,FINGER
665,2,FINGER
665,2,FINGER
666,2,FINGER
666,2,FINGER
667,2,FINGER
667,2,FINGER
668,2,FINGER
668,2,FINGER
669,2,FINGER
669,2,FINGER
670,2,FINGER
670,2,FINGER
671,2,FINGER
671,2,FINGER
672,2,FINGER
672,2,FINGER
673,2,FINGER
673,2,FINGER
674,2,FINGER
674,2,FINGER
675,2,FINGER
675,2,FINGER
676,2,FINGER
676,2,FINGER
677,2,FINGER
677,2,FINGER
678,2,FINGER
678,2,FINGER
679,2,FINGER
679,2,FINGER
680,2,FINGER
680,2,FINGER
681,2,FINGER
681,2,FINGER
682,2,FINGER
682,2,FINGER
683,2,FINGER
683,2,FINGER
684,2,FINGER
684,2,FINGER
685,2,FINGER
685,2,FINGER
686,2,FINGER
686,2,FINGER
687,2,FINGER
687,2,FINGER
688,2,FINGER
688,2,FINGER
689,2,FINGER
689,2,FINGER
690,2,FINGER
690,2,FINGER
691,2,FINGER
691,2,FINGER
692,2,FINGER
692,2,FINGER
693,2,FINGER
693,2,FINGER
694,2,FINGER
694,2,FINGER
695,1,BUNCH
696,1,BUNCH
697,1,BUNCH
698,1,BUNCH
699,1,BUNCH
700,1,BUNCH
701,1,BUNCH
702,1,BUNCH
703,1,BUNCH
704,1,BUNCH
705,1,BUNCH
706,1,BUNCH
707,1,BUNCH
708,1,BUNCH
709,1,BUNCH
710,1,BUNCH
711,1,BUNCH
712,1,BUNCH
713,1,BUNCH
714,1,BUNCH
715,1,BUNCH
716,1,BUNCH
717,1,BUNCH
718,1,BUNCH
719,1,BUNCH
720,1,BUNCH
721,1,BUNCH
722,1,BUNCH
723,1,BUNCH
724,1,BUNCH
725,1,BUNCH
726,1,BUNCH
727,1,BUNCH
728,1,BUNCH
729,1,BUNCH
730,1,BUNCH
731,1,BUNCH
732,2,FINGER
732,2,FINGER
733,1,BUNCH
734,1,BUNCH
735,1,BUNCH
736,1,BUNCH
737,1,BUNCH
738,1,BUNCH
739,1,BUNCH
740,1,BUNCH
741,1,BUNCH
742,1,BUNCH
743,2,BUNCH
743,2,FINGER
744,2,FINGER
744,2,FINGER
745,1,BUNCH
746,2,FINGER
746,2,FINGER
747,1,BUNCH
748,1,BUNCH
749,2,FINGER
749,2,FINGER
750,1,BUNCH
751,2,BUNCH
751,2,FINGER
752,2,FINGER
752,2,FINGER
753,2,FINGER
753,2,FINGER
754,2,FINGER
754,2,FINGER
755,2,FINGER
755,2,FINGER
756,2,FINGER
756,2,FINGER
757,2,FINGER
757,2,FINGER
758,2,FINGER
758,2,FINGER
759,2,FINGER
759,2,FINGER
760,2,FINGER
760,2,FINGER
761,2,FINGER
761,2,FINGER
762,2,FINGER
762,2,FINGER
763,2,FINGER
763,2,FINGER
764,2,FINGER
764,2,FINGER
765,2,FINGER
765,2,FINGER
766,2,FINGER
766,2,FINGER
767,2,FINGER
767,2,FINGER
768,2,FINGER
768,2,FINGER
769,2,FINGER
769,2,FINGER
770,2,FINGER
770,2,FINGER
771,2,FINGER
771,2,FINGER
772,2,FINGER
772,2,FINGER
773,2,FINGER
773,2,FINGER
774,2,FINGER
774,2,FINGER
775,2,FINGER
775,2,FINGER
776,2,FINGER
776,2,FINGER
777,2,FINGER
777,2,FINGER
778,2,FINGER
778,2,FINGER
779,2,FINGER
779,2,FINGER
780,2,FINGER
780,2,FINGER
781,2,FINGER
781,2,FINGER
782,2,FINGER
782,2,FINGER
783,2,FINGER
783,2,FINGER
784,2,FINGER
784,2,FINGER
785,2,FINGER
785,2,FINGER
786,2,FINGER
786,2,FINGER
787,2,FINGER
787,2,FINGER
788,2,FINGER
788,2,FINGER
789,2,FINGER
789,2,FINGER
790,2,FINGER
790,2,FINGER
791,2,FINGER
791,2,FINGER
792,2,FINGER
792,2,FINGER
793,1,FINGER
794,0,
795,0,
796,0,
797,0,
798,0,
799,0,
800,0,
801,0,
802,0,
803,0,
804,0,
805,0,
806,0,
807,0,
835,2,UNCERTAIN
835,2,UNCERTAIN
836,2,FINGER
836,2,FINGER
837,2,FINGER
837,2,FINGER
838,2,FINGER
838,2,FINGER
839,2,FINGER
839,2,FINGER
840,2,FINGER
840,2,FINGER
841,2,FINGER
841,2,FINGER
842,2,FINGER
842,2,FINGER
843,2,FINGER
843,2,FINGER
844,2,FINGER
844,2,FINGER
845,2,FINGER
845,2,FINGER
846,2,FINGER
846,2,FINGER
847,2,FINGER
847,2,FINGER
848,2,FINGER
848,2,FINGER
849,2,FINGER
849,2,FINGER
850,2,FINGER
850,2,FINGER
851,2,FINGER
851,2,FINGER
852,2,FINGER
852,2,FINGER
853,2,FINGER
853,2,FINGER
854,2,FINGER
854,2,FINGER
855,2,FINGER
855,2,FINGER
856,2,FINGER
856,2,FINGER
857,2,FINGER
857,2,FINGER
858,2,FINGER
858,2,FINGER
859,2,FINGER
859,2,FINGER
860,2,FINGER
860,2,FINGER
861,2,FINGER
861,2,FINGER
862,2,FINGER
862,2,FINGER
863,2,FINGER
863,2,FINGER
864,2,FINGER
864,2,FINGER
865,2,FINGER
865,2,FINGER
866,2,FINGER
866,2,FINGER
867,2,FINGER
867,2,FINGER
868,2,FINGER
868,2,FINGER
869,2,FINGER
869,2,FINGER
870,2,FINGER
870,2,FINGER
871,2,FINGER
871,2,FINGER
872,2,FINGER
872,2,FINGER
873,2,FINGER
873,2,FINGER
874,2,FINGER
874,2,FINGER
875,2,FINGER
875,2,FINGER
876,2,FINGER
876,2,FINGER
877,2,FINGER
877,2,FINGER
878,2,FINGER
878,2,FINGER
879,2,FINGER
879,2,FINGER
880,2,FINGER
880,2,FINGER
881,2,FINGER
881,2,FINGER
882,2,FINGER
882,2,FINGER
883,2,FINGER
883,2,FINGER
884,2,FINGER
884,2,FINGER
885,2,FINGER
885,2,FINGER
886,2,FINGER
886,2,FINGER
887,2,FINGER
887,2,FINGER
888,2,FINGER
888,2,FINGER
889,2,FINGER
889,2,FINGER
890,2,FINGER
890,2,FINGER
891,2,FINGER
891,2,FINGER
892,2,FINGER
892,2,FINGER
893,2,FINGER
893,2,FINGER
894,2,FINGER
894,2,FINGER
895,2,FINGER
895,2,FINGER
896,2,FINGER
896,2,FINGER
897,2,FINGER
897,2,FINGER
898,2,FINGER
898,2,FINGER
899,2,FINGER
899,2,FINGER
900,2,FINGER
900,2,FINGER
901,2,FINGER
901,2,FINGER
902,2,FINGER
902,2,FINGER
903,2,FINGER
903,2,FINGER
904,2,FINGER
904,2,FINGER
905,2,FINGER
905,2,FINGER
906,2,FINGER
906,2,FINGER
907,2,FINGER
907,2,FINGER
908,2,FINGER
908,2,FINGER
909,2,FINGER
909,2,FINGER
910,2,FINGER
910,2,FINGER
911,2,FINGER
911,2,FINGER
912,2,FINGER
912,2,FINGER
913,2,FINGER
913,2,FINGER
914,2,FINGER
914,2,FINGER
915,2,FINGER
915,2,FINGER
916,2,FINGER
916,2,FINGER
917,2,FINGER
917,2,FINGER
918,2,FINGER
918,2,FINGER
919,2,FINGER
919,2,FINGER
920,2,FINGER
920,2,FINGER
921,2,FINGER
921,2,FINGER
922,2,FINGER
922,2,FINGER
923,2,FINGER
923,2,FINGER
924,2,FINGER
924,2,FINGER
925,2,FINGER
925,2,FINGER
926,2,FINGER
926,2,FINGER
927,2,FINGER
927,2,FINGER
928,2,FINGER
928,2,FINGER
929,2,FINGER
929,2,FINGER
930,2,FINGER
930,2,FINGER
931,2,FINGER
931,2,FINGER
932,2,FINGER
932,2,FINGER
933,2,FINGER
933,2,FINGER
934,2,FINGER
934,2,FINGER
935,2,FINGER
935,2,FINGER
936,2,FINGER
936,2,FINGER
937,2,FINGER
937,2,FINGER
938,2,FINGER
938,2,FINGER
939,2,FINGER
939,2,FINGER
940,2,FINGER
940,2,FINGER
941,2,FINGER
941,2,FINGER
942,1,FINGER
943,0,
944,0,
945,0,
946,0,
947,0,
948,0,
949,0,
950,0,
951,0,
952,0,
953,0,
954,0,
955,0,
956,0,
957,0,
