FrameNumber,NumberOfTracks,TrackType
183,1,UNCERTAIN
184,2,UNCERTAIN
184,2,UNCERTAIN
185,2,UNCERTAIN
185,2,UNCERTAIN
186,2,UNCERTAIN
186,2,UNCERTAIN
187,2,UNCERTAIN
187,2,UNCERTAIN
188,2,SMEAR
188,2,UNCERTAIN
189,2,SMEAR
189,2,UNCERTAIN
190,2,SMEAR
190,2,UNCERTAIN
191,2,SMEAR
191,2,UNCERTAIN
192,2,SMEAR
192,2,UNCERTAIN
193,2,SMEAR
193,2,UNCERTAIN
194,2,SMEAR
194,2,UNCERTAIN
195,2,SMEAR
195,2,UNCERTAIN
196,2,SMEAR
196,2,UNCERTAIN
197,2,SMEAR
197,2,UNCERTAIN
198,2,SMEAR
198,2,UNCERTAIN
199,2,SMEAR
199,2,UNCERTAIN
200,2,SMEAR
200,2,UNCERTAIN
201,2,SMEAR
201,2,UNCERTAIN
202,2,SMEAR
202,2,UNCERTAIN
203,2,SMEAR
203,2,UNCERTAIN
204,2,SMEAR
204,2,UNCERTAIN
205,2,SMEAR
205,2,UNCERTAIN
206,2,SMEAR
206,2,UNCERTAIN
207,2,SMEAR
207,2,UNCERTAIN
208,2,SMEAR
208,2,UNCERTAIN
209,1,PALM
210,1,PALM
211,1,PALM
212,1,PALM
213,1,PALM
214,1,PALM
215,1,PALM
216,1,PALM
217,1,PALM
218,1,PALM
219,1,PALM
220,1,PALM
221,1,PALM
222,1,PALM
223,1,PALM
224,1,PALM
225,1,PALM
226,1,PALM
227,1,PALM
228,1,PALM
229,1,PALM
230,1,PALM
231,1,PALM
232,1,PALM
233,1,PALM
234,1,PALM
235,1,PALM
236,1,PALM
237,1,PALM
238,1,PALM
239,1,PALM
240,1,PALM
241,1,PALM
242,1,PALM
243,1,PALM
244,1,PALM
245,1,PALM
246,1,PALM
247,1,PALM
248,1,PALM
249,1,PALM
250,1,PALM
251,1,PALM
252,1,PALM
253,1,PALM
254,1,PALM
255,1,PALM
256,1,PALM
257,1,PALM
258,1,PALM
259,1,PALM
260,1,PALM
261,1,PALM
262,1,PALM
263,1,PALM
264,1,PALM
265,1,PALM
266,1,PALM
267,1,PALM
268,1,PALM
269,1,PALM
270,1,PALM
271,1,PALM
272,1,PALM
273,1,PALM
274,1,PALM
275,1,PALM
276,1,PALM
277,1,PALM
278,1,PALM
279,1,PALM
280,1,PALM
281,1,PALM
282,1,PALM
283,1,PALM
284,1,PALM
285,1,PALM
286,1,PALM
287,1,PALM
288,1,PALM
289,1,PALM
290,1,PALM
291,1,PALM
292,1,PALM
293,1,PALM
294,1,PALM
295,1,PALM
296,1,PALM
297,1,PALM
298,1,PALM
299,1,PALM
300,1,PALM
301,1,PALM
302,1,PALM
303,1,PALM
304,1,PALM
305,1,PALM
306,1,PALM
307,1,PALM
308,1,PALM
309,1,PALM
310,1,PALM
311,1,PALM
312,1,PALM
313,1,PALM
314,1,PALM
315,1,PALM
316,1,PALM
317,1,PALM
318,1,PALM
319,1,PALM
320,1,PALM
321,1,PALM
322,1,PALM
323,1,PALM
324,1,PALM
325,1,PALM
326,1,PALM
327,1,PALM
328,1,PALM
329,1,PALM
330,1,PALM
331,1,PALM
332,1,PALM
333,1,PALM
334,1,PALM
335,2,UNCERTAIN
335,2,PALM
336,2,PALM_BY_PROXIMITY
336,2,PALM
337,2,PALM_BY_PROXIMITY
337,2,PALM
338,2,PALM_BY_PROXIMITY
338,2,PALM
339,1,PALM_BY_PROXIMITY
340,1,PALM_BY_PROXIMITY
341,0,
342,0,
343,0,
344,0,
345,0,
346,0,
347,0,
348,0,
349,0,
350,0,
351,0,
352,0,
353,0,
354,0,
355,0,
439,1,UNCERTAIN
440,1,UNCERTAIN
441,1,UNCERTAIN
442,1,UNCERTAIN
443,2,UNCERTAIN
443,2,UNCERTAIN
444,2,SMEAR
444,2,UNCERTAIN
445,2,SMEAR
445,2,PALM
446,2,PALM_BY_PROXIMITY
446,2,PALM
447,2,PALM_BY_PROXIMITY
447,2,PALM
448,2,PALM
448,2,PALM
449,2,PALM
449,2,PALM
450,1,PALM
451,1,PALM
452,1,PALM
453,1,PALM
454,1,PALM
455,1,PALM
456,1,PALM
457,1,PALM
458,1,PALM
459,1,PALM
460,1,PALM
461,1,PALM
462,1,PALM
463,1,PALM
464,1,PALM
465,1,PALM
466,1,PALM
467,1,PALM
468,1,PALM
469,1,PALM
470,1,PALM
471,1,PALM
472,1,PALM
473,1,PALM
474,1,PALM
475,1,PALM
476,1,PALM
477,1,PALM
478,1,PALM
479,1,PALM
480,1,PALM
481,1,PALM
482,1,PALM
483,1,PALM
484,1,PALM
485,1,PALM
486,1,PALM
487,1,PALM
488,1,PALM
489,1,PALM
490,1,PALM
491,1,PALM
492,1,PALM
493,1,PALM
494,1,PALM
495,1,PALM
496,1,PALM
497,1,PALM
498,1,PALM
499,1,PALM
500,1,PALM
501,1,PALM
502,1,PALM
503,1,PALM
504,1,PALM
505,1,PALM
506,1,PALM
507,1,PALM
508,1,PALM
509,1,PALM
510,1,PALM
511,1,PALM
512,1,PALM
513,1,PALM
514,1,PALM
515,1,PALM
516,1,PALM
517,1,PALM
518,1,PALM
519,1,PALM
520,1,PALM
521,1,PALM
522,1,PALM
523,1,PALM
524,1,PALM
525,1,PALM
526,1,PALM
527,1,PALM
528,1,PALM
529,2,PALM
529,2,UNCERTAIN
530,2,PALM
530,2,PALM_BY_PROXIMITY
531,2,PALM
531,2,PALM_BY_PROXIMITY
532,2,PALM
532,2,PALM_BY_PROXIMITY
533,2,PALM
533,2,PALM_BY_PROXIMITY
534,0,
535,0,
536,0,
537,0,
538,0,
539,0,
540,0,
541,0,
542,0,
543,0,
544,0,
545,0,
546,0,
547,0,
548,0,
610,1,PALM
611,1,PALM
612,2,PALM
612,2,UNCERTAIN
613,2,PALM
613,2,PALM_BY_PROXIMITY
614,2,PALM
614,2,PALM
615,2,PALM
615,2,PALM
616,1,PALM
617,2,PALM
617,2,FINGER
618,2,PALM
618,2,FINGER
619,2,PALM
619,2,FINGER
620,2,PALM
620,2,FINGER
621,2,PALM
621,2,FINGER
622,2,PALM
622,2,FINGER
623,2,PALM
623,2,FINGER
624,2,PALM
624,2,FINGER
625,2,PALM
625,2,FINGER
626,2,PALM
626,2,FINGER
627,2,PALM
627,2,FINGER
628,2,PALM
628,2,FINGER
629,2,PALM
629,2,FINGER
630,2,PALM
630,2,FINGER
631,2,PALM
631,2,FINGER
632,2,PALM
632,2,FINGER
633,2,PALM
633,2,FINGER
634,2,PALM
634,2,FINGER
635,2,PALM
635,2,FINGER
636,2,PALM
636,2,FINGER
637,2,PALM
637,2,FINGER
638,2,PALM
638,2,FINGER
639,2,PALM
639,2,FINGER
640,2,PALM
640,2,FINGER
641,2,PALM
641,2,FINGER
642,2,PALM
642,2,FINGER
643,2,PALM
643,2,FINGER
644,2,PALM
644,2,FINGER
645,2,PALM
645,2,FINGER
646,2,PALM
646,2,FINGER
647,2,PALM
647,2,FINGER
648,2,PALM
648,2,FINGER
649,2,PALM
649,2,FINGER
650,2,PALM
650,2,FINGER
651,2,PALM
651,2,FINGER
652,2,PALM
652,2,FINGER
653,2,PALM
653,2,FINGER
654,2,PALM
654,2,FINGER
655,2,PALM
655,2,FINGER
656,2,PALM
656,2,FINGER
657,2,PALM
657,2,FINGER
658,2,PALM
658,2,FINGER
659,2,PALM
659,2,FINGER
660,2,PALM
660,2,FINGER
661,2,PALM
661,2,FINGER
662,2,PALM
662,2,FINGER
663,2,PALM
663,2,FINGER
664,2,PALM
664,2,FINGER
665,2,PALM
665,2,FINGER
666,2,PALM
666,2,FINGER
667,2,PALM
667,2,FINGER
668,2,PALM
668,2,FINGER
669,2,PALM
669,2,FINGER
670,2,PALM
670,2,FINGER
671,2,PALM
671,2,FINGER
672,2,PALM
672,2,FINGER
673,2,PALM
673,2,FINGER
674,2,PALM
674,2,FINGER
675,2,PALM
675,2,FINGER
676,2,PALM
676,2,FINGER
677,2,PALM
677,2,FINGER
678,2,PALM
678,2,FINGER
679,2,PALM
679,2,FINGER
680,2,PALM
680,2,FINGER
681,2,PALM
681,2,FINGER
682,2,PALM
682,2,FINGER
683,2,PALM
683,2,FINGER
684,2,PALM
684,2,FINGER
685,2,PALM
685,2,FINGER
686,2,PALM
686,2,FINGER
687,2,PALM
687,2,FINGER
688,2,PALM
688,2,FINGER
689,2,PALM
689,2,FINGER
690,2,PALM
690,2,FINGER
691,2,PALM
691,2,FINGER
692,2,PALM
692,2,FINGER
693,2,PALM
693,2,FINGER
694,2,PALM
694,2,FINGER
695,2,PALM
695,2,FINGER
696,2,PALM
696,2,FINGER
697,2,PALM
697,2,FINGER
698,2,PALM
698,2,FINGER
699,2,PALM
699,2,FINGER
700,2,PALM
700,2,FINGER
701,2,PALM
701,2,FINGER
702,2,PALM
702,2,FINGER
703,2,PALM
703,2,FINGER
704,2,PALM
704,2,FINGER
705,1,PALM
706,1,PALM
707,2,PALM
707,2,PALM
708,2,PALM
708,2,PALM
709,2,PALM
709,2,PALM
710,1,PALM
711,1,PALM
712,0,
713,0,
714,0,
715,0,
716,0,
717,0,
718,0,
719,0,
720,0,
721,0,
722,0,
723,0,
724,0,
725,0,
726,0,
779,2,UNCERTAIN
779,2,PALM
780,2,PALM_BY_PROXIMITY
780,2,PALM
781,2,PALM
781,2,PALM
782,1,PALM
783,1,PALM
784,1,PALM
785,1,PALM
786,1,PALM
787,1,PALM
788,1,PALM
789,1,PALM
790,1,PALM
791,1,PALM
792,1,PALM
793,1,PALM
794,1,PALM
795,1,PALM
796,1,PALM
797,1,PALM
798,1,PALM
799,1,PALM
800,1,PALM
801,1,PALM
802,1,PALM
803,1,PALM
804,1,PALM
805,1,PALM
806,1,PALM
807,1,PALM
808,1,PALM
809,1,PALM
810,1,PALM
811,1,PALM
812,1,PALM
813,1,PALM
814,1,PALM
815,1,PALM
816,1,PALM
817,1,PALM
818,1,PALM
819,1,PALM
820,1,PALM
821,1,PALM
822,1,PALM
823,1,PALM
824,1,PALM
825,1,PALM
826,1,PALM
827,1,PALM
828,1,PALM
829,1,PALM
830,1,PALM
831,1,PALM
832,1,PALM
833,1,PALM
834,1,PALM
835,1,PALM
836,1,PALM
837,1,PALM
838,1,PALM
839,1,PALM
840,1,PALM
841,1,PALM
842,1,PALM
843,1,PALM
844,1,PALM
845,1,PALM
846,1,PALM
847,1,PALM
848,1,PALM
849,1,PALM
850,1,PALM
851,1,PALM
852,1,PALM
853,1,PALM
854,1,PALM
855,1,PALM
856,1,PALM
857,1,PALM
858,1,PALM
859,1,PALM
860,1,PALM
861,1,PALM
862,1,PALM
863,1,PALM
864,1,PALM
865,1,PALM
866,1,PALM
867,1,PALM
868,1,PALM
869,1,PALM
870,1,PALM
871,1,PALM
872,1,PALM
873,1,PALM
874,1,PALM
875,1,PALM
876,1,PALM
877,1,PALM
878,1,PALM
879,1,PALM
880,1,PALM
881,1,PALM
882,1,PALM
883,1,PALM
884,1,PALM
885,1,PALM
886,1,PALM
887,1,PALM
888,1,PALM
889,1,PALM
890,1,PALM
891,1,PALM
892,1,PALM
893,1,PALM
894,1,PALM
895,1,PALM
896,1,PALM
897,1,PALM
898,1,PALM
899,1,PALM
900,1,PALM
901,2,PALM
901,2,PALM
902,2,PALM
902,2,PALM
903,2,PALM
903,2,PALM
904,1,PALM
905,1,PALM
906,1,PALM
907,1,PALM
908,0,
909,0,
910,0,
911,0,
912,0,
913,0,
914,0,
915,0,
916,0,
917,0,
918,0,
919,0,
920,0,
921,0,
922,0,
962,2,UNCERTAIN
962,2,UNCERTAIN
963,2,UNCERTAIN
963,2,UNCERTAIN
964,2,UNCERTAIN
964,2,UNCERTAIN
965,1,PALM
966,1,PALM
967,1,PALM
968,1,PALM
969,1,PALM
970,1,PALM
971,1,PALM
972,1,PALM
973,1,PALM
974,1,PALM
975,1,PALM
976,1,PALM
977,1,PALM
978,1,PALM
979,1,PALM
980,1,PALM
981,1,PALM
982,1,PALM
983,1,PALM
984,1,PALM
985,1,PALM
986,1,PALM
987,1,PALM
988,1,PALM
989,1,PALM
990,1,PALM
991,1,PALM
992,1,PALM
993,1,PALM
994,1,PALM
995,1,PALM
996,1,PALM
997,1,PALM
998,1,PALM
999,1,PALM
1000,1,PALM
1001,1,PALM
1002,1,PALM
1003,1,PALM
1004,1,PALM
1005,1,PALM
1006,1,PALM
1007,1,PALM
1008,1,PALM
1009,1,PALM
1010,1,PALM
1011,1,PALM
1012,1,PALM
1013,1,PALM
1014,1,PALM
1015,1,PALM
1016,1,PALM
1017,1,PALM
1018,1,PALM
1019,1,PALM
1020,1,PALM
1021,1,PALM
1022,1,PALM
1023,1,PALM
1024,1,PALM
1025,1,PALM
1026,1,PALM
1027,1,PALM
1028,1,PALM
1029,1,PALM
1030,1,PALM
1031,1,PALM
1032,1,PALM
1033,1,PALM
1034,1,PALM
1035,1,PALM
1036,1,PALM
1037,1,PALM
1038,1,PALM
1039,1,PALM
1040,1,PALM
1041,1,PALM
1042,1,PALM
1043,1,PALM
1044,1,PALM
1045,1,PALM
1046,1,PALM
1047,1,PALM
1048,1,PALM
1049,1,PALM
1050,1,PALM
1051,1,PALM
1052,1,PALM
1053,1,PALM
1054,1,PALM
1055,1,PALM
1056,1,PALM
1057,1,PALM
1058,1,PALM
1059,1,PALM
1060,1,PALM
1061,1,PALM
1062,1,PALM
1063,1,PALM
1064,1,PALM
1065,1,PALM
1066,1,PALM
1067,1,PALM
1068,1,PALM
1069,2,PALM
1069,2,UNCERTAIN
1070,2,PALM
1070,2,PALM_BY_PROXIMITY
1071,2,PALM
1071,2,PALM_BY_PROXIMITY
1072,2,PALM
1072,2,PALM_BY_PROXIMITY
1073,2,PALM
1073,2,PALM_BY_PROXIMITY
1074,1,PALM
1075,1,PALM
1076,0,
1077,0,
1078,0,
1079,0,
1080,0,
1081,0,
1082,0,
1083,0,
1084,0,
1085,0,
1086,0,
1087,0,
1088,0,
1089,0,
1132,1,PALM
1133,1,PALM
1134,1,PALM
1135,2,PALM
1135,2,FINGER
1136,2,PALM
1136,2,PALM_BY_PROXIMITY
1137,1,PALM
1138,1,PALM
1139,1,PALM
1140,1,PALM
1141,1,PALM
1142,1,PALM
1143,1,PALM
1144,1,PALM
1145,1,PALM
1146,1,PALM
1147,1,PALM
1148,1,PALM
1149,1,PALM
1150,1,PALM
1151,1,PALM
1152,1,PALM
1153,1,PALM
1154,1,PALM
1155,1,PALM
1156,1,PALM
1157,1,PALM
1158,1,PALM
1159,1,PALM
1160,1,PALM
1161,1,PALM
1162,1,PALM
1163,1,PALM
1164,1,PALM
1165,1,PALM
1166,1,PALM
1167,1,PALM
1168,1,PALM
1169,1,PALM
1170,1,PALM
1171,1,PALM
1172,1,PALM
1173,1,PALM
1174,1,PALM
1175,1,PALM
1176,1,PALM
1177,1,PALM
1178,1,PALM
1179,1,PALM
1180,1,PALM
1181,1,PALM
1182,1,PALM
1183,1,PALM
1184,1,PALM
1185,1,PALM
1186,1,PALM
1187,1,PALM
1188,1,PALM
1189,1,PALM
1190,1,PALM
1191,1,PALM
1192,1,PALM
1193,1,PALM
1194,1,PALM
1195,1,PALM
1196,1,PALM
1197,1,PALM
1198,1,PALM
1199,1,PALM
1200,1,PALM
1201,1,PALM
1202,1,PALM
1203,1,PALM
1204,1,PALM
1205,1,PALM
1206,1,PALM
1207,1,PALM
1208,1,PALM
1209,1,PALM
1210,1,PALM
1211,1,PALM
1212,1,PALM
1213,1,PALM
1214,1,PALM
1215,1,PALM
1216,1,PALM
1217,1,PALM
1218,1,PALM
1219,1,PALM
1220,1,PALM
1221,1,PALM
1222,1,PALM
1223,1,PALM
1224,1,PALM
1225,1,PALM
1226,1,PALM
1227,1,PALM
1228,1,PALM
1229,1,PALM
1230,1,PALM
1231,1,PALM
1232,1,PALM
1233,1,PALM
1234,2,PALM
1234,2,FINGER
1235,2,PALM
1235,2,PALM_BY_PROXIMITY
1236,2,PALM
1236,2,PALM_BY_PROXIMITY
1237,1,PALM
1238,0,
1239,0,
1240,0,
1241,0,
1242,0,
1243,0,
1244,0,
1245,0,
1246,0,
1247,0,
1248,0,
1249,0,
1250,0,
1251,0,
1301,1,UNCERTAIN
1302,1,UNCERTAIN
1303,1,UNCERTAIN
1304,1,UNCERTAIN
1305,1,UNCERTAIN
1306,1,SMEAR
1307,1,SMEAR
1308,2,SMEAR
1308,2,UNCERTAIN
1309,2,SMEAR
1309,2,UNCERTAIN
1310,2,SMEAR
1310,2,UNCERTAIN
1311,2,PALM
1311,2,UNCERTAIN
1312,2,PALM
1312,2,PALM_BY_PROXIMITY
1313,1,PALM
1314,1,PALM
1315,1,PALM
1316,1,PALM
1317,1,PALM
1318,1,PALM
1319,1,PALM
1320,1,PALM
1321,1,PALM
1322,1,PALM
1323,1,PALM
1324,1,PALM
1325,1,PALM
1326,1,PALM
1327,1,PALM
1328,1,PALM
1329,1,PALM
1330,1,PALM
1331,1,PALM
1332,1,PALM
1333,1,PALM
1334,1,PALM
1335,1,PALM
1336,1,PALM
1337,1,PALM
1338,1,PALM
1339,1,PALM
1340,1,PALM
1341,1,PALM
1342,1,PALM
1343,1,PALM
1344,1,PALM
1345,1,PALM
1346,1,PALM
1347,1,PALM
1348,1,PALM
1349,1,PALM
1350,1,PALM
1351,1,PALM
1352,1,PALM
1353,1,PALM
1354,1,PALM
1355,1,PALM
1356,1,PALM
1357,1,PALM
1358,1,PALM
1359,1,PALM
1360,1,PALM
1361,1,PALM
1362,1,PALM
1363,1,PALM
1364,1,PALM
1365,1,PALM
1366,1,PALM
1367,1,PALM
1368,1,PALM
1369,1,PALM
1370,1,PALM
1371,1,PALM
1372,1,PALM
1373,1,PALM
1374,1,PALM
1375,1,PALM
1376,1,PALM
1377,1,PALM
1378,1,PALM
1379,1,PALM
1380,1,PALM
1381,1,PALM
1382,1,PALM
1383,1,PALM
1384,1,PALM
1385,1,PALM
1386,1,PALM
1387,1,PALM
1388,1,PALM
1389,1,PALM
1390,2,PALM
1390,2,UNCERTAIN
1391,2,PALM
1391,2,PALM
1392,2,PALM
1392,2,PALM
1393,2,PALM
1393,2,PALM
1394,2,PALM
1394,2,PALM
1395,2,PALM
1395,2,PALM
1396,2,PALM
1396,2,PALM
1397,0,
1398,0,
1399,0,
1400,0,
1401,0,
1402,0,
1403,0,
1404,0,
1405,0,
1406,0,
1407,0,
1408,0,
1409,0,
1410,0,
1411,0,
1460,2,UNCERTAIN
1460,2,UNCERTAIN
1461,2,UNCERTAIN
1461,2,UNCERTAIN
1462,2,UNCERTAIN
1462,2,UNCERTAIN
1463,2,PALM
1463,2,FINGER
1464,1,PALM
1465,1,PALM
1466,1,PALM
1467,1,PALM
1468,1,PALM
1469,1,PALM
1470,1,PALM
1471,1,PALM
1472,1,PALM
1473,1,PALM
1474,1,PALM
1475,1,PALM
1476,1,PALM
1477,1,PALM
1478,1,PALM
1479,1,PALM
1480,1,PALM
1481,1,PALM
1482,1,PALM
1483,1,PALM
1484,1,PALM
1485,1,PALM
1486,1,PALM
1487,1,PALM
1488,1,PALM
1489,1,PALM
1490,1,PALM
1491,1,PALM
1492,1,PALM
1493,1,PALM
1494,1,PALM
1495,1,PALM
1496,1,PALM
1497,1,PALM
1498,1,PALM
1499,1,PALM
1500,1,PALM
1501,1,PALM
1502,1,PALM
1503,1,PALM
1504,1,PALM
1505,1,PALM
1506,1,PALM
1507,1,PALM
1508,1,PALM
1509,1,PALM
1510,1,PALM
1511,1,PALM
1512,1,PALM
1513,1,PALM
1514,1,PALM
1515,1,PALM
1516,1,PALM
1517,1,PALM
1518,1,PALM
1519,1,PALM
1520,1,PALM
1521,1,PALM
1522,1,PALM
1523,1,PALM
1524,1,PALM
1525,1,PALM
1526,1,PALM
1527,1,PALM
1528,1,PALM
1529,1,PALM
1530,1,PALM
1531,1,PALM
1532,1,PALM
1533,1,PALM
1534,1,PALM
1535,1,PALM
1536,1,PALM
1537,1,PALM
1538,1,PALM
1539,1,PALM
1540,1,PALM
1541,1,PALM
1542,1,PALM
1543,1,PALM
1544,1,PALM
1545,1,PALM
1546,1,PALM
1547,2,PALM
1547,2,PALM
1548,2,PALM
1548,2,PALM
1549,2,PALM
1549,2,PALM
1550,2,PALM
1550,2,PALM
1551,2,PALM
1551,2,PALM
1552,0,
1553,0,
1554,0,
1555,0,
1556,0,
1557,0,
1558,0,
1559,0,
1560,0,
1561,0,
1562,0,
1563,0,
1564,0,
1565,0,
1566,0,
1608,2,UNCERTAIN
1608,2,UNCERTAIN
1609,1,PALM
1610,1,PALM
1611,1,PALM
1612,1,PALM
1613,1,PALM
1614,1,PALM
1615,1,PALM
1616,1,PALM
1617,1,PALM
1618,1,PALM
1619,1,PALM
1620,1,PALM
1621,1,PALM
1622,1,PALM
1623,1,PALM
1624,1,PALM
1625,1,PALM
1626,1,PALM
1627,1,PALM
1628,1,PALM
1629,1,PALM
1630,1,PALM
1631,1,PALM
1632,1,PALM
1633,1,PALM
1634,1,PALM
1635,1,PALM
1636,1,PALM
1637,1,PALM
1638,1,PALM
1639,1,PALM
1640,1,PALM
1641,1,PALM
1642,1,PALM
1643,1,PALM
1644,1,PALM
1645,1,PALM
1646,1,PALM
1647,1,PALM
1648,1,PALM
1649,1,PALM
1650,1,PALM
1651,1,PALM
1652,1,PALM
1653,1,PALM
1654,1,PALM
1655,1,PALM
1656,1,PALM
1657,1,PALM
1658,1,PALM
1659,1,PALM
1660,1,PALM
1661,1,PALM
1662,1,PALM
1663,1,PALM
1664,1,PALM
1665,1,PALM
1666,1,PALM
1667,1,PALM
1668,1,PALM
1669,1,PALM
1670,1,PALM
1671,1,PALM
1672,1,PALM
1673,1,PALM
1674,1,PALM
1675,1,PALM
1676,2,PALM
1676,2,UNCERTAIN
1677,2,PALM
1677,2,PALM_BY_PROXIMITY
1678,2,PALM
1678,2,PALM_BY_PROXIMITY
1679,2,PALM
1679,2,PALM_BY_PROXIMITY
1680,2,PALM
1680,2,PALM_BY_PROXIMITY
1681,0,
1682,0,
1683,0,
1684,0,
1685,0,
1686,0,
1687,0,
1688,0,
1689,0,
1690,0,
1691,0,
1692,0,
1693,0,
1694,0,
1695,0,
1754,1,UNCERTAIN
1755,1,UNCERTAIN
1756,2,PALM
1756,2,UNCERTAIN
1757,1,PALM
1758,1,PALM
1759,1,PALM
1760,1,PALM
1761,1,PALM
1762,1,PALM
1763,1,PALM
1764,1,PALM
1765,1,PALM
1766,1,PALM
1767,1,PALM
1768,1,PALM
1769,1,PALM
1770,1,PALM
1771,1,PALM
1772,1,PALM
1773,1,PALM
1774,1,PALM
1775,1,PALM
1776,1,PALM
1777,1,PALM
1778,1,PALM
1779,1,PALM
1780,1,PALM
1781,1,PALM
1782,1,PALM
1783,1,PALM
1784,1,PALM
1785,1,PALM
1786,1,PALM
1787,1,PALM
1788,1,PALM
1789,1,PALM
1790,1,PALM
1791,1,PALM
1792,1,PALM
1793,1,PALM
1794,1,PALM
1795,1,PALM
1796,1,PALM
1797,1,PALM
1798,1,PALM
1799,1,PALM
1800,1,PALM
1801,1,PALM
1802,1,PALM
1803,1,PALM
1804,1,PALM
1805,1,PALM
1806,1,PALM
1807,1,PALM
1808,1,PALM
1809,1,PALM
1810,1,PALM
1811,1,PALM
1812,1,PALM
1813,1,PALM
1814,1,PALM
1815,1,PALM
1816,1,PALM
1817,1,PALM
1818,1,PALM
1819,1,PALM
1820,1,PALM
1821,1,PALM
1822,1,PALM
1823,1,PALM
1824,1,PALM
1825,1,PALM
1826,1,PALM
1827,1,PALM
1828,1,PALM
1829,1,PALM
1830,1,PALM
1831,1,PALM
1832,1,PALM
1833,1,PALM
1834,1,PALM
1835,1,PALM
1836,1,PALM
1837,1,PALM
1838,2,PALM
1838,2,UNCERTAIN
1839,1,PALM
1840,1,PALM
1841,0,
1842,0,
1843,0,
1844,0,
1845,0,
1846,0,
1847,0,
1848,0,
1849,0,
1850,0,
1851,0,
1852,0,
1853,0,
1854,0,
1855,0,
1954,1,UNCERTAIN
1955,2,UNCERTAIN
1955,2,UNCERTAIN
1956,2,UNCERTAIN
1956,2,UNCERTAIN
1957,2,PALM
1957,2,FINGER
1958,1,PALM
1959,1,PALM
1960,1,PALM
1961,1,PALM
1962,1,PALM
1963,1,PALM
1964,1,PALM
1965,1,PALM
1966,1,PALM
1967,1,PALM
1968,1,PALM
1969,1,PALM
1970,1,PALM
1971,1,PALM
1972,1,PALM
1973,1,PALM
1974,1,PALM
1975,1,PALM
1976,1,PALM
1977,1,PALM
1978,1,PALM
1979,1,PALM
1980,1,PALM
1981,1,PALM
1982,1,PALM
1983,1,PALM
1984,1,PALM
1985,1,PALM
1986,1,PALM
1987,1,PALM
1988,1,PALM
1989,1,PALM
1990,1,PALM
1991,1,PALM
1992,1,PALM
1993,1,PALM
1994,1,PALM
1995,1,PALM
1996,1,PALM
1997,1,PALM
1998,1,PALM
1999,1,PALM
2000,1,PALM
2001,1,PALM
2002,1,PALM
2003,1,PALM
2004,1,PALM
2005,1,PALM
2006,1,PALM
2007,1,PALM
2008,1,PALM
2009,1,PALM
2010,1,PALM
2011,1,PALM
2012,1,PALM
2013,1,PALM
2014,1,PALM
2015,1,PALM
2016,1,PALM
2017,1,PALM
2018,1,PALM
2019,1,PALM
2020,1,PALM
2021,1,PALM
2022,1,PALM
2023,1,PALM
2024,1,PALM
2025,1,PALM
2026,1,PALM
2027,1,PALM
2028,1,PALM
2029,1,PALM
2030,1,PALM
2031,1,PALM
2032,1,PALM
2033,1,PALM
2034,1,PALM
2035,1,PALM
2036,1,PALM
2037,1,PALM
2038,1,PALM
2039,1,PALM
2040,1,PALM
2041,1,PALM
2042,1,PALM
2043,1,PALM
2044,1,PALM
2045,1,PALM
2046,1,PALM
2047,1,PALM
2048,1,PALM
2049,1,PALM
2050,1,PALM
2051,1,PALM
2052,1,PALM
2053,1,PALM
2054,1,PALM
2055,1,PALM
2056,1,PALM
2057,1,PALM
2058,2,PALM
2058,2,UNCERTAIN
2059,2,PALM
2059,2,PALM_BY_PROXIMITY
2060,2,PALM
2060,2,PALM_BY_PROXIMITY
2061,1,PALM
2062,1,PALM
2063,0,
2064,0,
2065,0,
2066,0,
2067,0,
2068,0,
2069,0,
2070,0,
2071,0,
2072,0,
2073,0,
2074,0,
2075,0,
2076,0,
2077,0,
2123,1,UNCERTAIN
2124,2,UNCERTAIN
2124,2,UNCERTAIN
2125,2,UNCERTAIN
2125,2,UNCERTAIN
2126,2,UNCERTAIN
2126,2,UNCERTAIN
2127,2,PALM
2127,2,UNCERTAIN
2128,1,PALM
2129,1,PALM
2130,1,PALM
2131,1,PALM
2132,1,PALM
2133,1,PALM
2134,2,PALM
2134,2,UNCERTAIN
2135,2,PALM
2135,2,PALM_BY_PROXIMITY
2136,2,PALM
2136,2,PALM_BY_PROXIMITY
2137,2,PALM
2137,2,PALM_BY_PROXIMITY
2138,2,PALM
2138,2,PALM_BY_PROXIMITY
2139,2,PALM
2139,2,PALM_BY_PROXIMITY
2140,2,PALM
2140,2,PALM_BY_PROXIMITY
2141,2,PALM
2141,2,PALM_BY_PROXIMITY
2142,2,PALM
2142,2,PALM_BY_PROXIMITY
2143,2,PALM
2143,2,PALM_BY_PROXIMITY
2144,2,PALM
2144,2,PALM_BY_PROXIMITY
2145,2,PALM
2145,2,PALM_BY_PROXIMITY
2146,2,PALM
2146,2,PALM_BY_PROXIMITY
2147,2,PALM
2147,2,PALM_BY_PROXIMITY
2148,2,PALM
2148,2,PALM_BY_PROXIMITY
2149,2,PALM
2149,2,PALM_BY_PROXIMITY
2150,2,PALM
2150,2,PALM_BY_PROXIMITY
2151,2,PALM
2151,2,PALM_BY_PROXIMITY
2152,2,PALM
2152,2,PALM_BY_PROXIMITY
2153,2,PALM
2153,2,PALM_BY_PROXIMITY
2154,2,PALM
2154,2,PALM_BY_PROXIMITY
2155,2,PALM
2155,2,PALM_BY_PROXIMITY
2156,2,PALM
2156,2,PALM_BY_PROXIMITY
2157,2,PALM
2157,2,PALM_BY_PROXIMITY
2158,2,PALM
2158,2,UNCERTAIN
2159,2,PALM
2159,2,UNCERTAIN
2160,2,PALM
2160,2,PALM_BY_PROXIMITY
2161,2,PALM
2161,2,PALM_BY_PROXIMITY
2162,2,PALM
2162,2,PALM_BY_PROXIMITY
2163,2,PALM
2163,2,PALM_BY_PROXIMITY
2164,2,PALM
2164,2,PALM_BY_PROXIMITY
2165,2,PALM
2165,2,PALM_BY_PROXIMITY
2166,2,PALM
2166,2,PALM_BY_PROXIMITY
2167,2,PALM
2167,2,PALM_BY_PROXIMITY
2168,2,PALM
2168,2,PALM_BY_PROXIMITY
2169,2,PALM
2169,2,PALM_BY_PROXIMITY
2170,2,PALM
2170,2,PALM_BY_PROXIMITY
2171,2,PALM
2171,2,PALM_BY_PROXIMITY
2172,2,PALM
2172,2,PALM_BY_PROXIMITY
2173,2,PALM
2173,2,PALM_BY_PROXIMITY
2174,2,PALM
2174,2,PALM_BY_PROXIMITY
2175,2,PALM
2175,2,PALM_BY_PROXIMITY
2176,2,PALM
2176,2,PALM_BY_PROXIMITY
2177,2,PALM
2177,2,PALM_BY_PROXIMITY
2178,2,PALM
2178,2,PALM_BY_PROXIMITY
2179,2,PALM
2179,2,PALM_BY_PROXIMITY
2180,2,PALM
2180,2,PALM_BY_PROXIMITY
2181,2,PALM
2181,2,PALM_BY_PROXIMITY
2182,2,PALM
2182,2,PALM_BY_PROXIMITY
2183,2,PALM
2183,2,UNCERTAIN
2184,2,PALM
2184,2,UNCERTAIN
2185,2,PALM
2185,2,PALM_BY_PROXIMITY
2186,2,PALM
2186,2,PALM_BY_PROXIMITY
2187,2,PALM
2187,2,PALM_BY_PROXIMITY
2188,2,PALM
2188,2,PALM_BY_PROXIMITY
2189,2,PALM
2189,2,PALM_BY_PROXIMITY
2190,2,PALM
2190,2,PALM_BY_PROXIMITY
2191,2,PALM
2191,2,PALM_BY_PROXIMITY
2192,2,PALM
2192,2,PALM_BY_PROXIMITY
2193,2,PALM
2193,2,PALM_BY_PROXIMITY
2194,2,PALM
2194,2,PALM_BY_PROXIMITY
2195,2,PALM
2195,2,PALM_BY_PROXIMITY
2196,2,PALM
2196,2,PALM_BY_PROXIMITY
2197,2,PALM
2197,2,PALM_BY_PROXIMITY
2198,2,PALM
2198,2,PALM_BY_PROXIMITY
2199,2,PALM
2199,2,PALM_BY_PROXIMITY
2200,2,PALM
2200,2,PALM_BY_PROXIMITY
2201,2,PALM
2201,2,PALM_BY_PROXIMITY
2202,2,PALM
2202,2,PALM_BY_PROXIMITY
2203,2,PALM
2203,2,PALM_BY_PROXIMITY
2204,2,PALM
2204,2,PALM_BY_PROXIMITY
2205,2,PALM
2205,2,PALM_BY_PROXIMITY
2206,2,PALM
2206,2,PALM_BY_PROXIMITY
2207,2,PALM
2207,2,PALM_BY_PROXIMITY
2208,2,PALM
2208,2,UNCERTAIN
2209,2,PALM
2209,2,UNCERTAIN
2210,2,PALM
2210,2,PALM_BY_PROXIMITY
2211,2,PALM
2211,2,PALM_BY_PROXIMITY
2212,2,PALM
2212,2,PALM_BY_PROXIMITY
2213,2,PALM
2213,2,PALM_BY_PROXIMITY
2214,2,PALM
2214,2,PALM_BY_PROXIMITY
2215,2,PALM
2215,2,PALM_BY_PROXIMITY
2216,2,PALM
2216,2,PALM_BY_PROXIMITY
2217,2,PALM
2217,2,PALM_BY_PROXIMITY
2218,2,PALM
2218,2,PALM_BY_PROXIMITY
2219,2,PALM
2219,2,PALM_BY_PROXIMITY
2220,1,PALM
2221,1,PALM
2222,1,PALM
2223,1,PALM
2224,2,PALM
2224,2,PALM
2225,2,PALM
2225,2,PALM
2226,2,PALM
2226,2,PALM
2227,2,PALM
2227,2,PALM
2228,2,PALM
2228,2,PALM
2229,2,PALM
2229,2,PALM
2230,2,PALM
2230,2,PALM
2231,2,PALM
2231,2,PALM
2232,2,PALM
2232,2,PALM
2233,2,PALM
2233,2,PALM
2234,1,PALM
2235,0,
2236,0,
2237,0,
2238,0,
2239,0,
2240,0,
2241,0,
2242,0,
2243,0,
2244,0,
2245,0,
2246,0,
2247,0,
2248,0,
2249,0,
2285,1,UNCERTAIN
2286,1,UNCERTAIN
2287,1,UNCERTAIN
2288,1,UNCERTAIN
2289,2,PALM
2289,2,UNCERTAIN
2290,2,PALM
2290,2,PALM_BY_PROXIMITY
2291,2,PALM
2291,2,PALM_BY_PROXIMITY
2292,2,PALM
2292,2,PALM_BY_PROXIMITY
2293,2,PALM
2293,2,PALM_BY_PROXIMITY
2294,2,PALM
2294,2,PALM_BY_PROXIMITY
2295,2,PALM
2295,2,PALM_BY_PROXIMITY
2296,2,PALM
2296,2,PALM_BY_PROXIMITY
2297,2,PALM
2297,2,PALM_BY_PROXIMITY
2298,1,PALM
2299,1,PALM
2300,1,PALM
2301,1,PALM
2302,1,PALM
2303,1,PALM
2304,1,PALM
2305,1,PALM
2306,1,PALM
2307,1,PALM
2308,1,PALM
2309,1,PALM
2310,1,PALM
2311,1,PALM
2312,1,PALM
2313,1,PALM
2314,1,PALM
2315,1,PALM
2316,1,PALM
2317,1,PALM
2318,1,PALM
2319,1,PALM
2320,1,PALM
2321,1,PALM
2322,1,PALM
2323,1,PALM
2324,1,PALM
2325,1,PALM
2326,1,PALM
2327,1,PALM
2328,1,PALM
2329,1,PALM
2330,1,PALM
2331,1,PALM
2332,1,PALM
2333,1,PALM
2334,1,PALM
2335,1,PALM
2336,1,PALM
2337,1,PALM
2338,1,PALM
2339,1,PALM
2340,1,PALM
2341,1,PALM
2342,1,PALM
2343,1,PALM
2344,1,PALM
2345,1,PALM
2346,1,PALM
2347,1,PALM
2348,1,PALM
2349,1,PALM
2350,1,PALM
2351,1,PALM
2352,1,PALM
2353,1,PALM
2354,1,PALM
2355,1,PALM
2356,1,PALM
2357,1,PALM
2358,1,PALM
2359,1,PALM
2360,2,PALM
2360,2,UNCERTAIN
2361,2,PALM
2361,2,PALM_BY_PROXIMITY
2362,1,PALM
2363,0,
2364,0,
2365,0,
2366,0,
2367,0,
2368,0,
2369,0,
2370,0,
2371,0,
2372,0,
2373,0,
2374,0,
2375,0,
2376,0,
2377,0,
2416,1,UNCERTAIN
2417,2,FINGER
2417,2,UNCERTAIN
2418,1,PALM
2419,1,PALM
2420,1,PALM
2421,1,PALM
2422,1,PALM
2423,1,PALM
2424,1,PALM
2425,1,PALM
2426,1,PALM
2427,1,PALM
2428,1,PALM
2429,1,PALM
2430,1,PALM
2431,1,PALM
2432,1,PALM
2433,1,PALM
2434,1,PALM
2435,1,PALM
2436,1,PALM
2437,1,PALM
2438,1,PALM
2439,1,PALM
2440,1,PALM
2441,1,PALM
2442,1,PALM
2443,1,PALM
2444,1,PALM
2445,1,PALM
2446,1,PALM
2447,1,PALM
2448,1,PALM
2449,1,PALM
2450,1,PALM
2451,1,PALM
2452,1,PALM
2453,1,PALM
2454,1,PALM
2455,1,PALM
2456,1,PALM
2457,1,PALM
2458,1,PALM
2459,1,PALM
2460,1,PALM
2461,1,PALM
2462,1,PALM
2463,1,PALM
2464,1,PALM
2465,1,PALM
2466,1,PALM
2467,1,PALM
2468,1,PALM
2469,1,PALM
2470,1,PALM
2471,1,PALM
2472,1,PALM
2473,1,PALM
2474,1,PALM
2475,1,PALM
2476,1,PALM
2477,1,PALM
2478,1,PALM
2479,1,PALM
2480,1,PALM
2481,1,PALM
2482,1,PALM
2483,1,PALM
2484,1,PALM
2485,1,PALM
2486,1,PALM
2487,1,PALM
2488,1,PALM
2489,1,PALM
2490,1,PALM
2491,1,PALM
2492,1,PALM
2493,1,PALM
2494,1,PALM
2495,1,PALM
2496,1,PALM
2497,1,PALM
2498,1,PALM
2499,1,PALM
2500,1,PALM
2501,1,PALM
2502,1,PALM
2503,1,PALM
2504,1,PALM
2505,1,PALM
2506,1,PALM
2507,1,PALM
2508,1,PALM
2509,1,PALM
2510,1,PALM
2511,1,PALM
2512,1,PALM
2513,1,PALM
2514,2,PALM
2514,2,UNCERTAIN
2515,2,PALM
2515,2,PALM_BY_PROXIMITY
2516,2,PALM
2516,2,PALM_BY_PROXIMITY
2517,1,PALM
2518,0,
2519,0,
2520,0,
2521,0,
2522,0,
2523,0,
2524,0,
2525,0,
2526,0,
2527,0,
2528,0,
2529,0,
2530,0,
2531,0,
2532,0,
2557,1,UNCERTAIN
2558,1,UNCERTAIN
2559,1,UNCERTAIN
2560,2,UNCERTAIN
2560,2,UNCERTAIN
2561,2,UNCERTAIN
2561,2,PALM
2562,2,PALM_BY_PROXIMITY
2562,2,PALM
2563,1,PALM
2564,1,PALM
2565,1,PALM
2566,1,PALM
2567,1,PALM
2568,1,PALM
2569,1,PALM
2570,1,PALM
2571,1,PALM
2572,1,PALM
2573,1,PALM
2574,1,PALM
2575,1,PALM
2576,1,PALM
2577,1,PALM
2578,1,PALM
2579,1,PALM
2580,1,PALM
2581,1,PALM
2582,1,PALM
2583,2,PALM
2583,2,UNCERTAIN
2584,2,PALM
2584,2,UNCERTAIN
2585,2,PALM
2585,2,FINGER
2586,2,PALM
2586,2,FINGER
2587,2,PALM
2587,2,FINGER
2588,2,PALM
2588,2,FINGER
2589,2,PALM
2589,2,FINGER
2590,2,PALM
2590,2,FINGER
2591,2,PALM
2591,2,FINGER
2592,2,PALM
2592,2,FINGER
2593,2,PALM
2593,2,FINGER
2594,2,PALM
2594,2,FINGER
2595,2,PALM
2595,2,FINGER
2596,2,PALM
2596,2,FINGER
2597,2,PALM
2597,2,FINGER
2598,2,PALM
2598,2,FINGER
2599,2,PALM
2599,2,FINGER
2600,2,PALM
2600,2,FINGER
2601,2,PALM
2601,2,FINGER
2602,2,PALM
2602,2,FINGER
2603,2,PALM
2603,2,FINGER
2604,2,PALM
2604,2,FINGER
2605,2,PALM
2605,2,FINGER
2606,2,PALM
2606,2,FINGER
2607,2,PALM
2607,2,FINGER
2608,2,PALM
2608,2,FINGER
2609,2,PALM
2609,2,FINGER
2610,2,PALM
2610,2,FINGER
2611,2,PALM
2611,2,FINGER
2612,2,PALM
2612,2,FINGER
2613,2,PALM
2613,2,FINGER
2614,2,PALM
2614,2,FINGER
2615,2,PALM
2615,2,FINGER
2616,2,PALM
2616,2,FINGER
2617,2,PALM
2617,2,FINGER
2618,2,PALM
2618,2,FINGER
2619,2,PALM
2619,2,FINGER
2620,2,PALM
2620,2,FINGER
2621,2,PALM
2621,2,FINGER
2622,2,PALM
2622,2,FINGER
2623,2,PALM
2623,2,FINGER
2624,2,PALM
2624,2,FINGER
2625,2,PALM
2625,2,FINGER
2626,2,PALM
2626,2,FINGER
2627,2,PALM
2627,2,FINGER
2628,2,PALM
2628,2,FINGER
2629,2,PALM
2629,2,FINGER
2630,2,PALM
2630,2,FINGER
2631,2,PALM
2631,2,FINGER
2632,2,PALM
2632,2,FINGER
2633,2,PALM
2633,2,FINGER
2634,2,PALM
2634,2,FINGER
2635,1,PALM
2636,2,PALM
2636,2,UNCERTAIN
2637,2,PALM
2637,2,PALM_BY_PROXIMITY
2638,2,PALM
2638,2,PALM_BY_PROXIMITY
2639,1,PALM
2640,1,PALM
2641,0,
2642,0,
2643,0,
2644,0,
2645,0,
2646,0,
2647,0,
2648,0,
2649,0,
2650,0,
2651,0,
2652,0,
2653,0,
2654,0,
2688,1,UNCERTAIN
2689,1,UNCERTAIN
2690,1,UNCERTAIN
2691,1,UNCERTAIN
2692,1,UNCERTAIN
2693,2,UNCERTAIN
2693,2,UNCERTAIN
2694,2,UNCERTAIN
2694,2,UNCERTAIN
2695,2,PALM
2695,2,UNCERTAIN
2696,2,PALM
2696,2,UNCERTAIN
2697,2,PALM
2697,2,UNCERTAIN
2698,2,PALM
2698,2,UNCERTAIN
2699,2,PALM
2699,2,UNCERTAIN
2700,3,PALM
2700,3,PALM
2700,3,FINGER
2701,3,PALM
2701,3,PALM
2701,3,PALM_BY_PROXIMITY
2702,3,PALM
2702,3,PALM
2702,3,PALM_BY_PROXIMITY
2703,3,PALM
2703,3,PALM
2703,3,PALM
2704,3,PALM
2704,3,PALM
2704,3,PALM
2705,3,PALM
2705,3,PALM
2705,3,PALM
2706,2,PALM
2706,2,PALM
2707,2,PALM
2707,2,PALM
2708,2,PALM
2708,2,PALM
2709,2,PALM
2709,2,PALM
2710,2,PALM
2710,2,PALM
2711,2,PALM
2711,2,PALM
2712,2,PALM
2712,2,PALM
2713,2,PALM
2713,2,PALM
2714,2,PALM
2714,2,PALM
2715,2,PALM
2715,2,PALM
2716,2,PALM
2716,2,PALM
2717,2,PALM
2717,2,PALM
2718,2,PALM
2718,2,PALM
2719,2,PALM
2719,2,PALM
2720,2,PALM
2720,2,PALM
2721,2,PALM
2721,2,PALM
2722,2,PALM
2722,2,PALM
2723,2,PALM
2723,2,PALM
2724,2,PALM
2724,2,PALM
2725,2,PALM
2725,2,PALM
2726,2,PALM
2726,2,PALM
2727,2,PALM
2727,2,PALM
2728,2,PALM
2728,2,PALM
2729,2,PALM
2729,2,PALM
2730,2,PALM
2730,2,PALM
2731,2,PALM
2731,2,PALM
2732,2,PALM
2732,2,PALM
2733,2,PALM
2733,2,PALM
2734,2,PALM
2734,2,PALM
2735,2,PALM
2735,2,PALM
2736,2,PALM
2736,2,PALM
2737,2,PALM
2737,2,PALM
2738,2,PALM
2738,2,PALM
2739,2,PALM
2739,2,PALM
2740,2,PALM
2740,2,PALM
2741,2,PALM
2741,2,PALM
2742,2,PALM
2742,2,PALM
2743,2,PALM
2743,2,PALM
2744,2,PALM
2744,2,PALM
2745,2,PALM
2745,2,PALM
2746,2,PALM
2746,2,PALM
2747,2,PALM
2747,2,PALM
2748,2,PALM
2748,2,PALM
2749,2,PALM
2749,2,PALM
2750,2,PALM
2750,2,PALM
2751,2,PALM
2751,2,PALM
2752,2,PALM
2752,2,PALM
2753,2,PALM
2753,2,PALM
2754,2,PALM
2754,2,PALM
2755,2,PALM
2755,2,PALM
2756,2,PALM
2756,2,PALM
2757,2,PALM
2757,2,PALM
2758,2,PALM
2758,2,PALM
2759,2,PALM
2759,2,PALM
2760,2,PALM
2760,2,PALM
2761,2,PALM
2761,2,PALM
2762,3,PALM
2762,3,PALM
2762,3,UNCERTAIN
2763,3,PALM
2763,3,PALM
2763,3,PALM_BY_PROXIMITY
2764,3,PALM
2764,3,PALM
2764,3,PALM_BY_PROXIMITY
2765,3,PALM
2765,3,PALM
2765,3,PALM_BY_PROXIMITY
2766,2,PALM
2766,2,PALM
2767,1,PALM
2768,0,
2769,0,
2770,0,
2771,0,
2772,0,
2773,0,
2774,0,
2775,0,
2776,0,
2777,0,
2778,0,
2779,0,
2780,0,
2781,0,
2782,0,
2822,1,UNCERTAIN
2823,2,UNCERTAIN
2823,2,UNCERTAIN
2824,2,UNCERTAIN
2824,2,UNCERTAIN
2825,2,UNCERTAIN
2825,2,UNCERTAIN
2826,1,PALM
2827,1,PALM
2828,1,PALM
2829,1,PALM
2830,1,PALM
2831,1,PALM
2832,1,PALM
2833,1,PALM
2834,1,PALM
2835,1,PALM
2836,1,PALM
2837,1,PALM
2838,1,PALM
2839,1,PALM
2840,1,PALM
2841,1,PALM
2842,1,PALM
2843,1,PALM
2844,1,PALM
2845,1,PALM
2846,1,PALM
2847,1,PALM
2848,1,PALM
2849,1,PALM
2850,1,PALM
2851,1,PALM
2852,1,PALM
2853,1,PALM
2854,1,PALM
2855,1,PALM
2856,1,PALM
2857,1,PALM
2858,1,PALM
2859,1,PALM
2860,1,PALM
2861,1,PALM
2862,1,PALM
2863,1,PALM
2864,1,PALM
2865,1,PALM
2866,1,PALM
2867,1,PALM
2868,1,PALM
2869,1,PALM
2870,1,PALM
2871,1,PALM
2872,1,PALM
2873,1,PALM
2874,1,PALM
2875,1,PALM
2876,1,PALM
2877,1,PALM
2878,1,PALM
2879,1,PALM
2880,1,PALM
2881,1,PALM
2882,1,PALM
2883,1,PALM
2884,1,PALM
2885,1,PALM
2886,1,PALM
2887,1,PALM
2888,1,PALM
2889,1,PALM
2890,2,PALM
2890,2,UNCERTAIN
2891,2,PALM
2891,2,PALM_BY_PROXIMITY
2892,2,PALM
2892,2,PALM_BY_PROXIMITY
2893,1,PALM
2894,0,
2895,0,
2896,0,
2897,0,
2898,0,
2899,0,
2900,0,
2901,0,
2902,0,
2903,0,
2904,0,
2905,0,
2906,0,
2907,0,
2908,0,
2932,1,UNCERTAIN
2933,1,UNCERTAIN
2934,1,UNCERTAIN
2935,1,PALM
2936,1,PALM
2937,1,PALM
2938,1,PALM
2939,1,PALM
2940,1,PALM
2941,1,PALM
2942,1,PALM
2943,1,PALM
2944,1,PALM
2945,1,PALM
2946,1,PALM
2947,1,PALM
2948,1,PALM
2949,1,PALM
2950,1,PALM
2951,1,PALM
2952,1,PALM
2953,1,PALM
2954,1,PALM
2955,1,PALM
2956,1,PALM
2957,1,PALM
2958,1,PALM
2959,1,PALM
2960,1,PALM
2961,1,PALM
2962,1,PALM
2963,1,PALM
2964,1,PALM
2965,1,PALM
2966,1,PALM
2967,1,PALM
2968,1,PALM
2969,1,PALM
2970,1,PALM
2971,1,PALM
2972,1,PALM
2973,1,PALM
2974,1,PALM
2975,1,PALM
2976,1,PALM
2977,1,PALM
2978,1,PALM
2979,1,PALM
2980,1,PALM
2981,1,PALM
2982,1,PALM
2983,1,PALM
2984,1,PALM
2985,1,PALM
2986,1,PALM
2987,1,PALM
2988,1,PALM
2989,1,PALM
2990,1,PALM
2991,1,PALM
2992,1,PALM
2993,1,PALM
2994,1,PALM
2995,1,PALM
2996,1,PALM
2997,1,PALM
2998,1,PALM
2999,1,PALM
3000,1,PALM
3001,1,PALM
3002,1,PALM
3003,1,PALM
3004,1,PALM
3005,1,PALM
3006,1,PALM
3007,1,PALM
3008,1,PALM
3009,1,PALM
3010,1,PALM
3011,1,PALM
3012,1,PALM
3013,1,PALM
3014,0,
3015,0,
3016,0,
3017,0,
3018,0,
3019,0,
3020,0,
3021,0,
3022,0,
3023,0,
3024,0,
3025,0,
3026,0,
3027,0,
3061,1,UNCERTAIN
3062,1,UNCERTAIN
3063,1,UNCERTAIN
3064,1,UNCERTAIN
3065,1,UNCERTAIN
3066,1,UNCERTAIN
3067,1,UNCERTAIN
3068,1,UNCERTAIN
3069,1,UNCERTAIN
3070,1,UNCERTAIN
3071,1,PALM
3072,1,PALM
3073,2,PALM
3073,2,UNCERTAIN
3074,2,PALM
3074,2,PALM_BY_PROXIMITY
3075,2,PALM
3075,2,PALM_BY_PROXIMITY
3076,2,PALM
3076,2,PALM
3077,2,PALM
3077,2,PALM
3078,2,PALM
3078,2,PALM
3079,2,PALM
3079,2,PALM
3080,2,PALM
3080,2,PALM
3081,2,PALM
3081,2,PALM
3082,2,PALM
3082,2,PALM
3083,2,PALM
3083,2,PALM
3084,2,PALM
3084,2,PALM
3085,2,PALM
3085,2,PALM
3086,1,PALM
3087,2,PALM
3087,2,PALM
3088,1,PALM
3089,1,PALM
3090,1,PALM
3091,1,PALM
3092,1,PALM
3093,1,PALM
3094,1,PALM
3095,1,PALM
3096,1,PALM
3097,1,PALM
3098,1,PALM
3099,1,PALM
3100,1,PALM
3101,1,PALM
3102,1,PALM
3103,1,PALM
3104,1,PALM
3105,1,PALM
3106,1,PALM
3107,1,PALM
3108,1,PALM
3109,1,PALM
3110,1,PALM
3111,1,PALM
3112,1,PALM
3113,1,PALM
3114,1,PALM
3115,1,PALM
3116,1,PALM
3117,1,PALM
3118,1,PALM
3119,1,PALM
3120,1,PALM
3121,2,PALM
3121,2,PALM
3122,2,PALM
3122,2,PALM
3123,2,PALM
3123,2,PALM
3124,2,PALM
3124,2,PALM
3125,2,PALM
3125,2,PALM
3126,2,PALM
3126,2,PALM
3127,1,PALM
3128,1,PALM
3129,1,PALM
3130,1,PALM
3131,1,PALM
3132,0,
3133,0,
3134,0,
3135,0,
3136,0,
3137,0,
3138,0,
3139,0,
3140,0,
3141,0,
3142,0,
3143,0,
3144,0,
3145,0,
3146,0,
3164,1,UNCERTAIN
3165,1,UNCERTAIN
3166,1,UNCERTAIN
3167,1,UNCERTAIN
3168,1,UNCERTAIN
3169,1,UNCERTAIN
3170,1,PALM
3171,1,PALM
3172,1,PALM
3173,1,PALM
3174,1,PALM
3175,1,PALM
3176,1,PALM
3177,1,PALM
3178,1,PALM
3179,1,PALM
3180,1,PALM
3181,2,PALM
3181,2,UNCERTAIN
3182,2,PALM
3182,2,PALM_BY_PROXIMITY
3183,2,PALM
3183,2,PALM_BY_PROXIMITY
3184,2,PALM
3184,2,PALM_BY_PROXIMITY
3185,2,PALM
3185,2,PALM_BY_PROXIMITY
3186,2,PALM
3186,2,PALM
3187,2,PALM
3187,2,PALM
3188,2,PALM
3188,2,PALM
3189,2,PALM
3189,2,PALM
3190,2,PALM
3190,2,PALM
3191,2,PALM
3191,2,PALM
3192,2,PALM
3192,2,PALM
3193,2,PALM
3193,2,PALM
3194,2,PALM
3194,2,PALM
3195,2,PALM
3195,2,PALM
3196,2,PALM
3196,2,PALM
3197,2,PALM
3197,2,PALM
3198,2,PALM
3198,2,PALM
3199,2,PALM
3199,2,PALM
3200,2,PALM
3200,2,PALM
3201,2,PALM
3201,2,PALM
3202,2,PALM
3202,2,PALM
3203,1,PALM
3204,1,PALM
3205,1,PALM
3206,1,PALM
3207,1,PALM
3208,1,PALM
3209,1,PALM
3210,1,PALM
3211,1,PALM
3212,1,PALM
3213,1,PALM
3214,1,PALM
3215,1,PALM
3216,1,PALM
3217,1,PALM
3218,1,PALM
3219,1,PALM
3220,1,PALM
3221,1,PALM
3222,1,PALM
3223,1,PALM
3224,1,PALM
3225,1,PALM
3226,1,PALM
3227,1,PALM
3228,1,PALM
3229,1,PALM
3230,1,PALM
3231,1,PALM
3232,1,PALM
3233,1,PALM
3234,1,PALM
3235,1,PALM
3236,1,PALM
3237,1,PALM
3238,1,PALM
3239,1,PALM
3240,1,PALM
3241,1,PALM
3242,1,PALM
3243,1,PALM
3244,1,PALM
3245,1,PALM
3246,1,PALM
3247,1,PALM
3248,1,PALM
3249,1,PALM
3250,1,PALM
3251,1,PALM
3252,1,PALM
3253,1,PALM
3254,1,PALM
3255,1,PALM
3256,1,PALM
3257,1,PALM
3258,1,PALM
3259,1,PALM
3260,1,PALM
3261,1,PALM
3262,2,PALM
3262,2,UNCERTAIN
3263,2,PALM
3263,2,PALM_BY_PROXIMITY
3264,2,PALM
3264,2,PALM_BY_PROXIMITY
3265,1,PALM
3266,1,PALM
3267,0,
3268,0,
3269,0,
3270,0,
3271,0,
3272,0,
3273,0,
3274,0,
3275,0,
3276,0,
3277,0,
3278,0,
3279,0,
3280,0,
