FrameNumber,NumberOfTracks,TrackType
849,1,FINGER
850,1,FINGER
851,1,FINGER
852,1,FINGER
853,1,FINGER
854,1,FINGER
855,1,FINGER
856,1,FINGER
857,1,FINGER
858,1,FINGER
859,1,FINGER
860,2,FINGER
860,2,UNCERTAIN
861,1,FINGER
862,1,FINGER
863,1,FINGER
864,1,BUNCH
865,1,BUNCH
866,1,BUNCH
867,1,BUNCH
868,1,BUNCH
869,1,BUNCH
870,1,BUNCH
871,1,BUNCH
872,1,BUNCH
873,1,BUNCH
874,1,BUNCH
875,1,BUNCH
876,1,BUNCH
877,1,BUNCH
878,1,BUNCH
879,1,BUNCH
880,1,BUNCH
881,1,BUNCH
882,1,BUNCH
883,1,BUNCH
884,1,BUNCH
885,1,BUNCH
886,1,BUNCH
887,1,BUNCH
888,1,BUNCH
889,1,BUNCH
890,1,BUNCH
891,1,BUNCH
892,1,BUNCH
893,1,BUNCH
894,1,BUNCH
895,1,BUNCH
896,1,BUNCH
897,1,BUNCH
898,1,BUNCH
899,1,BUNCH
900,1,BUNCH
901,1,BUNCH
902,1,BUNCH
903,1,BUNCH
904,1,BUNCH
905,1,BUNCH
906,1,BUNCH
907,1,BUNCH
908,1,BUNCH
909,1,BUNCH
910,1,BUNCH
911,1,BUNCH
912,1,BUNCH
913,1,BUNCH
914,1,BUNCH
915,1,BUNCH
916,1,BUNCH
917,1,BUNCH
918,1,BUNCH
919,1,BUNCH
920,1,BUNCH
921,1,BUNCH
922,1,BUNCH
923,1,BUNCH
924,1,BUNCH
925,1,BUNCH
926,1,BUNCH
927,1,BUNCH
928,1,BUNCH
929,1,BUNCH
930,1,BUNCH
931,1,BUNCH
932,1,BUNCH
933,1,BUNCH
934,1,BUNCH
935,1,BUNCH
936,1,BUNCH
937,1,BUNCH
938,1,BUNCH
939,1,BUNCH
940,1,BUNCH
941,1,BUNCH
942,1,BUNCH
943,1,BUNCH
944,1,BUNCH
945,1,BUNCH
946,1,BUNCH
947,1,BUNCH
948,1,BUNCH
949,1,BUNCH
950,1,BUNCH
951,1,BUNCH
952,1,BUNCH
953,1,BUNCH
954,1,BUNCH
955,1,BUNCH
956,1,BUNCH
957,1,BUNCH
958,1,BUNCH
959,1,BUNCH
960,1,BUNCH
961,1,BUNCH
962,1,BUNCH
963,1,BUNCH
964,1,BUNCH
965,1,BUNCH
966,1,BUNCH
967,1,BUNCH
968,1,BUNCH
969,1,BUNCH
970,1,BUNCH
971,1,BUNCH
972,1,BUNCH
973,1,BUNCH
974,1,BUNCH
975,1,BUNCH
976,1,BUNCH
977,1,BUNCH
978,1,BUNCH
979,1,BUNCH
980,1,BUNCH
981,1,BUNCH
982,1,BUNCH
983,1,BUNCH
984,1,BUNCH
985,1,BUNCH
986,1,BUNCH
987,1,BUNCH
988,1,BUNCH
989,1,BUNCH
990,1,BUNCH
991,1,BUNCH
992,1,BUNCH
993,1,BUNCH
994,1,BUNCH
995,1,BUNCH
996,1,BUNCH
997,1,BUNCH
998,1,BUNCH
999,1,BUNCH
1000,1,BUNCH
1001,1,BUNCH
1002,1,BUNCH
1003,1,BUNCH
1004,1,BUNCH
1005,1,BUNCH
1006,1,BUNCH
1007,1,BUNCH
1008,1,BUNCH
1009,1,BUNCH
1010,1,BUNCH
1011,1,BUNCH
1012,1,BUNCH
1013,1,BUNCH
1014,1,BUNCH
1015,1,BUNCH
1016,1,BUNCH
1017,1,BUNCH
1018,1,BUNCH
1019,1,BUNCH
1020,1,BUNCH
1021,1,BUNCH
1022,1,BUNCH
1023,1,BUNCH
1024,1,BUNCH
1025,1,BUNCH
1026,1,BUNCH
1027,1,BUNCH
1028,1,BUNCH
1029,1,BUNCH
1030,1,BUNCH
1031,1,BUNCH
1032,1,BUNCH
1033,1,BUNCH
1034,1,BUNCH
1035,1,BUNCH
1036,1,BUNCH
1037,1,BUNCH
1038,1,BUNCH
1039,1,BUNCH
1040,1,BUNCH
1041,1,BUNCH
1042,1,BUNCH
1043,1,BUNCH
1044,1,BUNCH
1045,1,BUNCH
1046,1,BUNCH
1047,1,BUNCH
1048,1,BUNCH
1049,1,BUNCH
1050,1,BUNCH
1051,1,BUNCH
1052,1,BUNCH
1053,1,BUNCH
1054,1,BUNCH
1055,1,BUNCH
1056,1,BUNCH
1057,1,BUNCH
1058,1,BUNCH
1059,1,BUNCH
1060,1,BUNCH
1061,1,BUNCH
1062,1,BUNCH
1063,1,BUNCH
1064,1,BUNCH
1065,1,BUNCH
1066,1,BUNCH
1067,1,BUNCH
1068,1,BUNCH
1069,1,BUNCH
1070,1,BUNCH
1071,1,BUNCH
1072,1,BUNCH
1073,1,BUNCH
1074,1,BUNCH
1075,1,BUNCH
1076,1,BUNCH
1077,1,BUNCH
1078,1,BUNCH
1079,1,BUNCH
1080,1,BUNCH
1081,1,BUNCH
1082,1,BUNCH
1083,1,BUNCH
1084,1,BUNCH
1085,1,BUNCH
1086,1,BUNCH
1087,1,BUNCH
1088,1,BUNCH
1089,1,BUNCH
1090,1,BUNCH
1091,1,BUNCH
1092,1,BUNCH
1093,1,BUNCH
1094,1,BUNCH
1095,1,BUNCH
1096,1,BUNCH
1097,1,BUNCH
1098,1,BUNCH
1099,1,BUNCH
1100,1,BUNCH
1101,1,BUNCH
1102,1,BUNCH
1103,1,BUNCH
1104,1,BUNCH
1105,1,BUNCH
1106,1,BUNCH
1107,1,BUNCH
1108,1,BUNCH
1109,1,BUNCH
1110,1,BUNCH
1111,1,BUNCH
1112,1,BUNCH
1113,1,BUNCH
1114,1,BUNCH
1115,1,BUNCH
1116,1,BUNCH
1117,1,BUNCH
1118,1,BUNCH
1119,1,BUNCH
1120,1,BUNCH
1121,1,BUNCH
1122,1,BUNCH
1123,1,BUNCH
1124,1,BUNCH
1125,1,BUNCH
1126,1,BUNCH
1127,1,BUNCH
1128,1,BUNCH
1129,1,BUNCH
1130,1,BUNCH
1131,1,BUNCH
1132,1,BUNCH
1133,1,BUNCH
1134,1,BUNCH
1135,1,BUNCH
1136,1,BUNCH
1137,1,BUNCH
1138,1,BUNCH
1139,1,BUNCH
1140,1,BUNCH
1141,1,BUNCH
1142,1,BUNCH
1143,1,BUNCH
1144,1,BUNCH
1145,1,BUNCH
1146,1,BUNCH
1147,1,BUNCH
1148,1,BUNCH
1149,1,BUNCH
1150,1,BUNCH
1151,1,BUNCH
1152,1,BUNCH
1153,1,BUNCH
1154,1,BUNCH
1155,1,BUNCH
1156,1,BUNCH
1157,1,BUNCH
1158,1,BUNCH
1159,1,BUNCH
1160,1,BUNCH
1161,1,BUNCH
1162,1,BUNCH
1163,1,BUNCH
1164,1,BUNCH
1165,1,BUNCH
1166,1,BUNCH
1167,1,BUNCH
1168,1,BUNCH
1169,1,BUNCH
1170,1,BUNCH
1171,1,BUNCH
1172,1,BUNCH
1173,1,BUNCH
1174,1,BUNCH
1175,1,BUNCH
1176,1,BUNCH
1177,1,BUNCH
1178,1,BUNCH
1179,1,BUNCH
1180,1,BUNCH
1181,1,BUNCH
1182,1,BUNCH
1183,1,BUNCH
1184,1,BUNCH
1185,1,BUNCH
1186,1,BUNCH
1187,1,BUNCH
1188,1,BUNCH
1189,1,BUNCH
1190,1,BUNCH
1191,1,BUNCH
1192,1,BUNCH
1193,1,BUNCH
1194,1,BUNCH
1195,1,BUNCH
1196,1,BUNCH
1197,1,BUNCH
1198,1,BUNCH
1199,1,BUNCH
1200,1,BUNCH
1201,1,BUNCH
1202,1,BUNCH
1203,1,BUNCH
1204,1,BUNCH
1205,1,BUNCH
1206,1,BUNCH
1207,1,BUNCH
1208,1,BUNCH
1209,1,BUNCH
1210,1,BUNCH
1211,1,BUNCH
1212,1,BUNCH
1213,1,BUNCH
1214,1,BUNCH
1215,1,BUNCH
1216,1,BUNCH
1217,1,BUNCH
1218,1,BUNCH
1219,1,BUNCH
1220,1,BUNCH
1221,1,BUNCH
1222,1,BUNCH
1223,1,BUNCH
1224,1,BUNCH
1225,1,BUNCH
1226,1,BUNCH
1227,1,BUNCH
1228,1,BUNCH
1229,1,BUNCH
1230,1,BUNCH
1231,1,BUNCH
1232,1,BUNCH
1233,1,BUNCH
1234,1,BUNCH
1235,1,BUNCH
1236,1,BUNCH
1237,1,BUNCH
1238,1,BUNCH
1239,1,BUNCH
1240,1,BUNCH
1241,1,BUNCH
1242,1,BUNCH
1243,1,BUNCH
1244,1,BUNCH
1245,1,BUNCH
1246,1,BUNCH
1247,1,BUNCH
1248,1,BUNCH
1249,1,BUNCH
1250,1,BUNCH
1251,1,BUNCH
1252,1,BUNCH
1253,1,BUNCH
1254,1,BUNCH
1255,1,BUNCH
1256,1,BUNCH
1257,1,BUNCH
1258,1,BUNCH
1259,1,BUNCH
1260,1,BUNCH
1261,1,BUNCH
1262,1,BUNCH
1263,1,BUNCH
1264,1,BUNCH
1265,1,BUNCH
1266,1,BUNCH
1267,1,BUNCH
1268,1,BUNCH
1269,1,BUNCH
1270,1,BUNCH
1271,1,BUNCH
1272,1,BUNCH
1273,1,BUNCH
1274,1,BUNCH
1275,1,BUNCH
1276,1,BUNCH
1277,1,BUNCH
1278,1,BUNCH
1279,1,BUNCH
1280,1,BUNCH
1281,1,BUNCH
1282,1,BUNCH
1283,1,BUNCH
1284,1,BUNCH
1285,1,BUNCH
1286,1,BUNCH
1287,1,BUNCH
1288,1,BUNCH
1289,1,BUNCH
1290,1,BUNCH
1291,1,BUNCH
1292,1,BUNCH
1293,1,BUNCH
1294,1,BUNCH
1295,1,BUNCH
1296,1,BUNCH
1297,1,BUNCH
1298,1,BUNCH
1299,1,BUNCH
1300,1,BUNCH
1301,1,BUNCH
1302,1,BUNCH
1303,1,BUNCH
1304,1,BUNCH
1305,1,BUNCH
1306,1,BUNCH
1307,1,BUNCH
1308,1,BUNCH
1309,1,BUNCH
1310,1,BUNCH
1311,1,BUNCH
1312,1,BUNCH
1313,1,BUNCH
1314,1,BUNCH
1315,1,BUNCH
1316,1,BUNCH
1317,1,BUNCH
1318,1,BUNCH
1319,1,BUNCH
1320,1,BUNCH
1321,1,BUNCH
1322,1,BUNCH
1323,1,BUNCH
1324,1,BUNCH
1325,1,BUNCH
1326,1,BUNCH
1327,1,BUNCH
1328,1,BUNCH
1329,1,BUNCH
1330,1,BUNCH
1331,1,BUNCH
1332,1,BUNCH
1333,1,BUNCH
1334,1,BUNCH
1335,1,BUNCH
1336,1,BUNCH
1337,1,BUNCH
1338,1,BUNCH
1339,1,BUNCH
1340,1,BUNCH
1341,1,BUNCH
1342,1,BUNCH
1343,1,BUNCH
1344,1,BUNCH
1345,1,BUNCH
1346,1,BUNCH
1347,1,BUNCH
1348,1,BUNCH
1349,1,BUNCH
1350,1,BUNCH
1351,1,BUNCH
1352,1,BUNCH
1353,1,BUNCH
1354,1,BUNCH
1355,1,BUNCH
1356,1,BUNCH
1357,1,BUNCH
1358,1,BUNCH
1359,1,BUNCH
1360,1,BUNCH
1361,1,BUNCH
1362,1,BUNCH
1363,1,BUNCH
1364,1,BUNCH
1365,1,BUNCH
1366,1,BUNCH
1367,1,BUNCH
1368,1,BUNCH
1369,1,BUNCH
1370,1,BUNCH
1371,1,BUNCH
1372,1,BUNCH
1373,1,BUNCH
1374,1,BUNCH
1375,1,BUNCH
1376,1,BUNCH
1377,1,BUNCH
1378,1,BUNCH
1379,1,BUNCH
1380,1,BUNCH
1381,1,BUNCH
1382,1,BUNCH
1383,1,BUNCH
1384,1,BUNCH
1385,1,BUNCH
1386,1,BUNCH
1387,1,BUNCH
1388,1,BUNCH
1389,1,BUNCH
1390,1,BUNCH
1391,1,BUNCH
1392,1,BUNCH
1393,1,BUNCH
1394,1,BUNCH
1395,1,BUNCH
1396,1,BUNCH
1397,1,BUNCH
1398,1,BUNCH
1399,1,BUNCH
1400,1,BUNCH
1401,1,BUNCH
1402,1,BUNCH
1403,1,BUNCH
1404,1,BUNCH
1405,1,BUNCH
1406,1,BUNCH
1407,1,BUNCH
1408,1,BUNCH
1409,1,BUNCH
1410,1,BUNCH
1411,1,BUNCH
1412,1,BUNCH
1413,1,BUNCH
1414,1,BUNCH
1415,1,BUNCH
1416,1,BUNCH
1417,1,BUNCH
1418,1,BUNCH
1419,1,BUNCH
1420,1,BUNCH
1421,1,BUNCH
1422,1,BUNCH
1423,1,BUNCH
1424,1,BUNCH
1425,1,BUNCH
1426,1,BUNCH
1427,1,BUNCH
1428,1,BUNCH
1429,1,BUNCH
1430,1,BUNCH
1431,1,BUNCH
1432,1,BUNCH
1433,1,BUNCH
1434,1,BUNCH
1435,1,BUNCH
1436,1,BUNCH
1437,1,BUNCH
1438,1,BUNCH
1439,1,BUNCH
1440,1,BUNCH
1441,1,BUNCH
1442,1,BUNCH
1443,1,BUNCH
1444,1,BUNCH
1445,1,BUNCH
1446,1,BUNCH
1447,1,BUNCH
1448,1,BUNCH
1449,1,BUNCH
1450,1,BUNCH
1451,1,BUNCH
1452,1,BUNCH
1453,1,BUNCH
1454,1,BUNCH
1455,1,BUNCH
1456,1,BUNCH
1457,1,BUNCH
1458,1,BUNCH
1459,1,BUNCH
1460,1,BUNCH
1461,1,BUNCH
1462,1,BUNCH
1463,1,BUNCH
1464,1,BUNCH
1465,1,BUNCH
1466,1,BUNCH
1467,1,BUNCH
1468,1,BUNCH
1469,1,BUNCH
1470,1,BUNCH
1471,1,BUNCH
1472,1,BUNCH
1473,1,BUNCH
1474,1,BUNCH
1475,1,BUNCH
1476,1,BUNCH
1477,1,BUNCH
1478,1,BUNCH
1479,1,BUNCH
1480,1,BUNCH
1481,1,BUNCH
1482,1,BUNCH
1483,1,BUNCH
1484,1,BUNCH
1485,1,BUNCH
1486,1,BUNCH
1487,1,BUNCH
1488,1,BUNCH
1489,1,BUNCH
1490,1,BUNCH
1491,1,BUNCH
1492,1,BUNCH
1493,1,BUNCH
1494,1,BUNCH
1495,1,BUNCH
1496,1,BUNCH
1497,1,BUNCH
1498,1,BUNCH
1499,1,BUNCH
1500,1,BUNCH
1501,1,BUNCH
1502,1,BUNCH
1503,1,BUNCH
1504,1,BUNCH
1505,1,BUNCH
1506,1,BUNCH
1507,1,BUNCH
1508,1,BUNCH
1509,1,BUNCH
1510,1,BUNCH
1511,1,BUNCH
1512,1,BUNCH
1513,1,BUNCH
1514,1,BUNCH
1515,1,BUNCH
1516,1,BUNCH
1517,1,BUNCH
1518,1,BUNCH
1519,1,BUNCH
1520,1,BUNCH
1521,1,BUNCH
1522,1,BUNCH
1523,1,BUNCH
1524,1,BUNCH
1525,1,BUNCH
1526,1,BUNCH
1527,1,BUNCH
1528,1,BUNCH
1529,1,BUNCH
1530,1,BUNCH
1531,1,BUNCH
1532,1,BUNCH
1533,1,BUNCH
1534,1,BUNCH
1535,1,BUNCH
1536,1,BUNCH
1537,1,BUNCH
1538,1,BUNCH
1539,1,BUNCH
1540,1,BUNCH
1541,1,BUNCH
1542,1,BUNCH
1543,1,BUNCH
1544,1,BUNCH
1545,1,BUNCH
1546,1,BUNCH
1547,1,BUNCH
1548,1,BUNCH
1549,1,BUNCH
1550,1,BUNCH
1551,1,BUNCH
1552,1,BUNCH
1553,1,BUNCH
1554,1,BUNCH
1555,1,BUNCH
1556,1,BUNCH
1557,1,BUNCH
1558,1,BUNCH
1559,1,BUNCH
1560,1,BUNCH
1561,1,BUNCH
1562,1,BUNCH
1563,1,BUNCH
1564,1,BUNCH
1565,1,BUNCH
1566,1,BUNCH
1567,1,BUNCH
1568,1,BUNCH
1569,1,BUNCH
1570,1,BUNCH
1571,1,BUNCH
1572,1,BUNCH
1573,1,BUNCH
1574,1,BUNCH
1575,1,BUNCH
1576,1,BUNCH
1577,1,BUNCH
1578,1,BUNCH
1579,1,BUNCH
1580,1,BUNCH
1581,1,BUNCH
1582,1,BUNCH
1583,1,BUNCH
1584,1,BUNCH
1585,1,BUNCH
1586,1,BUNCH
1587,1,BUNCH
1588,1,BUNCH
1589,1,BUNCH
1590,1,BUNCH
1591,1,BUNCH
1592,1,BUNCH
1593,1,BUNCH
1594,1,BUNCH
1595,1,BUNCH
1596,1,BUNCH
1597,1,BUNCH
1598,1,BUNCH
1599,1,BUNCH
1600,1,BUNCH
1601,1,BUNCH
1602,1,BUNCH
1603,1,BUNCH
1604,1,BUNCH
1605,1,BUNCH
1606,1,BUNCH
1607,1,BUNCH
1608,1,BUNCH
1609,1,BUNCH
1610,1,BUNCH
1611,1,BUNCH
1612,1,BUNCH
1613,1,BUNCH
1614,1,BUNCH
1615,1,BUNCH
1616,1,BUNCH
1617,1,BUNCH
1618,1,BUNCH
1619,1,BUNCH
1620,1,BUNCH
1621,1,BUNCH
1622,1,BUNCH
1623,1,BUNCH
1624,1,BUNCH
1625,1,BUNCH
1626,1,BUNCH
1627,1,BUNCH
1628,1,BUNCH
1629,1,BUNCH
1630,1,BUNCH
1631,1,BUNCH
1632,1,BUNCH
1633,1,BUNCH
1634,1,BUNCH
1635,1,BUNCH
1636,1,BUNCH
1637,1,BUNCH
1638,1,BUNCH
1639,1,BUNCH
1640,1,BUNCH
1641,1,BUNCH
1642,1,BUNCH
1643,1,BUNCH
1644,1,BUNCH
1645,1,BUNCH
1646,1,BUNCH
1647,1,BUNCH
1648,1,BUNCH
1649,1,BUNCH
1650,1,BUNCH
1651,1,BUNCH
1652,1,BUNCH
1653,1,BUNCH
1654,1,BUNCH
1655,1,BUNCH
1656,1,BUNCH
1657,1,BUNCH
1658,1,BUNCH
1659,1,BUNCH
1660,1,BUNCH
1661,1,BUNCH
1662,1,BUNCH
1663,1,BUNCH
1664,1,BUNCH
1665,1,BUNCH
1666,1,BUNCH
1667,1,BUNCH
1668,1,BUNCH
1669,1,BUNCH
1670,1,BUNCH
1671,1,BUNCH
1672,1,BUNCH
1673,1,BUNCH
1674,1,BUNCH
1675,1,BUNCH
1676,1,BUNCH
1677,1,BUNCH
1678,1,BUNCH
1679,1,BUNCH
1680,1,BUNCH
1681,1,BUNCH
1682,1,BUNCH
1683,1,BUNCH
1684,1,BUNCH
1685,1,BUNCH
1686,1,BUNCH
1687,1,BUNCH
1688,1,BUNCH
1689,1,BUNCH
1690,1,BUNCH
1691,1,BUNCH
1692,1,BUNCH
1693,1,BUNCH
1694,1,BUNCH
1695,1,BUNCH
1696,1,BUNCH
1697,1,BUNCH
1698,1,BUNCH
1699,1,BUNCH
1700,1,BUNCH
1701,1,BUNCH
1702,1,BUNCH
1703,1,BUNCH
1704,1,BUNCH
1705,1,BUNCH
1706,1,BUNCH
1707,1,BUNCH
1708,1,BUNCH
1709,1,BUNCH
1710,1,BUNCH
1711,1,BUNCH
1712,1,BUNCH
1713,1,BUNCH
1714,1,BUNCH
1715,1,BUNCH
1716,1,BUNCH
1717,1,BUNCH
1718,1,BUNCH
1719,1,BUNCH
1720,1,BUNCH
1721,1,BUNCH
1722,1,BUNCH
1723,1,BUNCH
1724,1,BUNCH
1725,1,BUNCH
1726,1,BUNCH
1727,1,BUNCH
1728,1,BUNCH
1729,1,BUNCH
1730,1,BUNCH
1731,1,BUNCH
1732,1,BUNCH
1733,1,BUNCH
1734,1,BUNCH
1735,1,BUNCH
1736,1,BUNCH
1737,1,BUNCH
1738,1,BUNCH
1739,1,BUNCH
1740,1,BUNCH
1741,1,BUNCH
1742,1,BUNCH
1743,1,BUNCH
1744,1,BUNCH
1745,1,BUNCH
1746,1,BUNCH
1747,1,BUNCH
1748,1,BUNCH
1749,1,BUNCH
1750,1,BUNCH
1751,1,BUNCH
1752,1,BUNCH
1753,1,BUNCH
1754,1,BUNCH
1755,1,BUNCH
1756,1,BUNCH
1757,1,BUNCH
1758,1,BUNCH
1759,1,BUNCH
1760,1,BUNCH
1761,1,BUNCH
1762,1,BUNCH
1763,1,BUNCH
1764,1,BUNCH
1765,1,BUNCH
1766,1,BUNCH
1767,1,BUNCH
1768,1,BUNCH
1769,1,BUNCH
1770,1,BUNCH
1771,1,BUNCH
1772,1,BUNCH
1773,1,BUNCH
1774,1,BUNCH
1775,1,BUNCH
1776,1,BUNCH
1777,1,BUNCH
1778,1,BUNCH
1779,1,BUNCH
1780,1,BUNCH
1781,1,BUNCH
1782,1,BUNCH
1783,1,BUNCH
1784,1,BUNCH
1785,1,BUNCH
1786,1,BUNCH
1787,1,BUNCH
1788,1,BUNCH
1789,1,BUNCH
1790,1,BUNCH
1791,1,BUNCH
1792,1,BUNCH
1793,1,BUNCH
1794,1,BUNCH
1795,1,BUNCH
1796,1,BUNCH
1797,1,BUNCH
1798,1,BUNCH
1799,1,BUNCH
1800,1,BUNCH
1801,1,BUNCH
1802,1,BUNCH
1803,1,BUNCH
1804,1,BUNCH
1805,1,BUNCH
1806,1,BUNCH
1807,1,BUNCH
1808,1,BUNCH
1809,1,BUNCH
1810,1,BUNCH
1811,1,BUNCH
1812,1,BUNCH
1813,1,BUNCH
1814,1,BUNCH
1815,1,BUNCH
1816,1,BUNCH
1817,1,BUNCH
1818,1,BUNCH
1819,1,BUNCH
1820,1,BUNCH
1821,1,BUNCH
1822,1,BUNCH
1823,1,BUNCH
1824,1,BUNCH
1825,1,BUNCH
1826,1,BUNCH
1827,1,BUNCH
1828,1,BUNCH
1829,1,BUNCH
1830,1,BUNCH
1831,1,BUNCH
1832,1,BUNCH
1833,1,BUNCH
1834,1,BUNCH
1835,1,BUNCH
1836,1,BUNCH
1837,1,BUNCH
1838,1,BUNCH
1839,1,BUNCH
1840,1,BUNCH
1841,1,BUNCH
1842,1,BUNCH
1843,1,BUNCH
1844,1,BUNCH
1845,1,BUNCH
1846,1,BUNCH
1847,1,BUNCH
1848,1,BUNCH
1849,1,BUNCH
1850,1,BUNCH
1851,1,BUNCH
1852,1,FINGER
1853,0,
1854,0,
1855,0,
1856,0,
1857,0,
1858,0,
1859,0,
1860,0,
1861,0,
1862,0,
1863,0,
1864,0,
1865,0,
1866,0,
