FrameNumber,NumberOfTracks,TrackType
187,1,UNCERTAIN
188,1,FINGER
189,1,FINGER
190,1,FINGER
191,1,FINGER
192,1,FINGER
193,1,FINGER
194,1,FINGER
195,1,FINGER
196,1,FINGER
197,1,FINGER
198,1,FINGER
199,1,FINGER
200,1,FINGER
201,1,FINGER
202,1,FINGER
203,1,FINGER
204,1,FINGER
205,1,FINGER
206,1,FINGER
207,1,FINGER
208,1,FINGER
209,1,FINGER
210,1,FINGER
211,1,FINGER
212,1,FINGER
213,1,FINGER
214,1,FINGER
215,1,FINGER
216,1,FINGER
217,1,FINGER
218,1,FINGER
219,1,FINGER
220,1,FINGER
221,1,FINGER
222,1,FINGER
223,1,FINGER
224,1,FINGER
225,1,FINGER
226,1,FINGER
227,1,FINGER
228,1,FINGER
229,1,FINGER
230,1,FINGER
231,1,FINGER
232,1,FINGER
233,1,FINGER
234,1,FINGER
235,1,FINGER
236,1,FINGER
237,1,FINGER
238,1,FINGER
239,1,FINGER
240,1,FINGER
241,1,FINGER
242,1,FINGER
243,1,FINGER
244,1,FINGER
245,1,FINGER
246,1,FINGER
247,1,FINGER
248,1,FINGER
249,1,FINGER
250,1,FINGER
251,1,FINGER
252,1,FINGER
253,1,FINGER
254,1,FINGER
255,1,FINGER
256,1,FINGER
257,1,FINGER
258,1,FINGER
259,1,FINGER
260,1,FINGER
261,1,FINGER
262,1,FINGER
263,1,FINGER
264,1,FINGER
265,1,FINGER
266,1,FINGER
267,1,FINGER
268,1,FINGER
269,1,FINGER
270,1,FINGER
271,1,FINGER
272,1,FINGER
273,1,FINGER
274,1,FINGER
275,1,FINGER
276,1,FINGER
277,1,FINGER
278,1,FINGER
279,1,FINGER
280,1,FINGER
281,1,FINGER
282,1,FINGER
283,1,FINGER
284,1,FINGER
285,1,FINGER
286,1,FINGER
287,1,FINGER
288,1,FINGER
289,1,FINGER
290,1,FINGER
291,1,FINGER
292,1,FINGER
293,1,FINGER
294,1,FINGER
295,1,FINGER
296,1,FINGER
297,1,FINGER
298,1,FINGER
299,1,FINGER
300,1,FINGER
301,1,FINGER
302,1,FINGER
303,1,FINGER
304,1,FINGER
305,1,FINGER
306,1,FINGER
307,1,FINGER
308,1,FINGER
309,1,FINGER
310,1,FINGER
311,1,FINGER
312,1,FINGER
313,1,FINGER
314,1,FINGER
315,1,FINGER
316,1,FINGER
317,1,FINGER
318,1,FINGER
319,1,FINGER
320,1,FINGER
321,1,FINGER
322,1,FINGER
323,1,FINGER
324,1,FINGER
325,1,FINGER
326,1,FINGER
327,1,FINGER
328,1,FINGER
329,1,FINGER
330,1,FINGER
331,1,FINGER
332,1,FINGER
333,1,FINGER
334,1,FINGER
335,1,FINGER
336,1,FINGER
337,1,FINGER
338,1,FINGER
339,1,FINGER
340,1,FINGER
341,1,FINGER
342,1,FINGER
343,1,FINGER
344,1,FINGER
345,1,FINGER
346,1,FINGER
347,1,FINGER
348,1,FINGER
349,1,FINGER
350,1,FINGER
351,1,FINGER
352,1,FINGER
353,1,FINGER
354,1,FINGER
355,1,FINGER
356,1,FINGER
357,1,FINGER
358,1,FINGER
359,1,FINGER
360,1,FINGER
361,1,FINGER
362,1,FINGER
363,1,FINGER
364,1,FINGER
365,1,FINGER
366,1,FINGER
367,1,FINGER
368,1,FINGER
369,1,FINGER
370,1,FINGER
371,1,FINGER
372,1,FINGER
373,1,FINGER
374,1,FINGER
375,1,FINGER
376,1,FINGER
377,1,FINGER
378,1,FINGER
379,1,FINGER
380,1,FINGER
381,1,FINGER
382,1,FINGER
383,1,FINGER
384,1,FINGER
385,1,FINGER
386,1,FINGER
387,1,FINGER
388,1,FINGER
389,1,FINGER
390,1,FINGER
391,1,FINGER
392,1,FINGER
393,1,FINGER
394,1,FINGER
395,1,FINGER
396,1,FINGER
397,1,FINGER
398,1,FINGER
399,1,FINGER
400,1,FINGER
401,1,FINGER
402,1,FINGER
403,1,FINGER
404,1,FINGER
405,1,FINGER
406,1,FINGER
407,1,FINGER
408,1,FINGER
409,1,FINGER
410,1,FINGER
411,1,FINGER
412,1,FINGER
413,1,FINGER
414,1,FINGER
415,1,FINGER
416,1,FINGER
417,1,FINGER
418,1,FINGER
419,1,FINGER
420,1,FINGER
421,1,FINGER
422,1,FINGER
423,1,FINGER
424,1,FINGER
425,1,FINGER
426,1,FINGER
427,1,FINGER
428,1,FINGER
429,1,FINGER
430,1,FINGER
431,1,FINGER
432,1,FINGER
433,1,FINGER
434,1,FINGER
435,1,FINGER
436,1,FINGER
437,1,FINGER
438,1,FINGER
439,1,FINGER
440,1,FINGER
441,1,FINGER
442,1,FINGER
443,1,FINGER
444,1,FINGER
445,1,FINGER
446,1,FINGER
447,1,FINGER
448,1,FINGER
449,1,FINGER
450,1,FINGER
451,1,FINGER
452,1,FINGER
453,1,FINGER
454,1,FINGER
455,1,FINGER
456,1,FINGER
457,1,FINGER
458,1,FINGER
459,1,FINGER
460,1,FINGER
461,1,FINGER
462,1,FINGER
463,1,FINGER
464,1,FINGER
465,1,FINGER
466,1,FINGER
467,1,FINGER
468,1,FINGER
469,1,FINGER
470,1,FINGER
471,1,FINGER
472,1,FINGER
473,1,FINGER
474,1,FINGER
475,1,FINGER
476,1,FINGER
477,1,FINGER
478,1,FINGER
479,1,FINGER
480,1,FINGER
481,1,FINGER
482,1,FINGER
483,1,FINGER
484,1,FINGER
485,1,FINGER
486,1,FINGER
487,1,FINGER
488,1,FINGER
489,1,FINGER
490,1,FINGER
491,1,FINGER
492,1,FINGER
493,1,FINGER
494,1,FINGER
495,1,FINGER
496,1,FINGER
497,1,FINGER
498,1,FINGER
499,1,FINGER
500,1,FINGER
501,1,FINGER
502,1,FINGER
503,1,FINGER
504,1,FINGER
505,1,FINGER
506,1,FINGER
507,1,FINGER
508,1,FINGER
509,1,FINGER
510,1,FINGER
511,1,FINGER
512,1,FINGER
513,1,FINGER
514,1,FINGER
515,1,FINGER
516,1,FINGER
517,1,FINGER
518,1,FINGER
519,1,FINGER
520,1,FINGER
521,1,FINGER
522,1,FINGER
523,1,FINGER
524,1,FINGER
525,1,FINGER
526,1,FINGER
527,1,FINGER
528,1,FINGER
529,1,FINGER
530,1,FINGER
531,1,FINGER
532,1,FINGER
533,1,FINGER
534,1,FINGER
535,1,FINGER
536,1,FINGER
537,1,FINGER
538,1,FINGER
539,1,FINGER
540,1,FINGER
541,1,FINGER
542,1,FINGER
543,1,FINGER
544,1,FINGER
545,1,FINGER
546,1,FINGER
547,1,FINGER
548,1,FINGER
549,1,FINGER
550,1,FINGER
551,1,FINGER
552,1,FINGER
553,1,FINGER
554,1,FINGER
555,1,FINGER
556,1,FINGER
557,1,FINGER
558,1,FINGER
559,1,FINGER
560,1,FINGER
561,1,FINGER
562,1,FINGER
563,1,FINGER
564,1,FINGER
565,1,FINGER
566,1,FINGER
567,1,FINGER
568,1,FINGER
569,1,FINGER
570,1,FINGER
571,1,FINGER
572,1,FINGER
573,1,FINGER
574,1,FINGER
575,1,FINGER
576,1,FINGER
577,1,FINGER
578,1,FINGER
579,1,FINGER
580,1,FINGER
581,1,FINGER
582,1,FINGER
583,1,FINGER
584,1,FINGER
585,1,FINGER
586,1,FINGER
587,1,FINGER
588,1,FINGER
589,1,FINGER
590,1,FINGER
591,1,FINGER
592,1,FINGER
593,1,FINGER
594,1,FINGER
595,1,FINGER
596,1,FINGER
597,1,FINGER
598,1,FINGER
599,1,FINGER
600,1,FINGER
601,1,FINGER
602,1,FINGER
603,1,FINGER
604,1,FINGER
605,1,FINGER
606,1,FINGER
607,1,FINGER
608,1,FINGER
609,1,FINGER
610,1,FINGER
611,1,FINGER
612,1,FINGER
613,1,FINGER
614,1,FINGER
615,1,FINGER
616,1,FINGER
617,1,FINGER
618,1,FINGER
619,1,FINGER
620,1,FINGER
621,1,FINGER
622,1,FINGER
623,1,FINGER
624,1,FINGER
625,1,FINGER
626,1,FINGER
627,1,FINGER
628,1,FINGER
629,1,FINGER
630,1,FINGER
631,1,FINGER
632,1,FINGER
633,1,FINGER
634,1,FINGER
635,1,FINGER
636,1,FINGER
637,1,FINGER
638,1,FINGER
639,1,FINGER
640,1,FINGER
641,1,FINGER
642,1,FINGER
643,1,FINGER
644,1,FINGER
645,1,FINGER
646,1,FINGER
647,1,FINGER
648,1,FINGER
649,1,FINGER
650,1,FINGER
651,1,FINGER
652,1,FINGER
653,1,FINGER
654,1,FINGER
655,1,FINGER
656,1,FINGER
657,1,FINGER
658,1,FINGER
659,1,FINGER
660,1,FINGER
661,1,FINGER
662,1,FINGER
663,1,FINGER
664,1,FINGER
665,1,FINGER
666,1,FINGER
667,1,FINGER
668,1,FINGER
669,1,FINGER
670,1,FINGER
671,1,FINGER
672,1,FINGER
673,1,FINGER
674,1,FINGER
675,1,FINGER
676,1,FINGER
677,1,FINGER
678,1,FINGER
679,1,FINGER
680,1,FINGER
681,1,FINGER
682,1,FINGER
683,1,FINGER
684,1,FINGER
685,1,FINGER
686,1,FINGER
687,1,FINGER
688,1,FINGER
689,1,FINGER
690,1,FINGER
691,1,FINGER
692,1,FINGER
693,1,FINGER
694,1,FINGER
695,1,FINGER
696,1,FINGER
697,1,FINGER
698,1,FINGER
699,1,FINGER
700,1,FINGER
701,1,FINGER
702,1,FINGER
703,1,FINGER
704,1,FINGER
705,1,FINGER
706,1,FINGER
707,1,FINGER
708,1,FINGER
709,1,FINGER
710,1,FINGER
711,1,FINGER
712,1,FINGER
713,1,FINGER
714,1,FINGER
715,1,FINGER
716,1,FINGER
717,1,FINGER
718,1,FINGER
719,1,FINGER
720,1,FINGER
721,1,FINGER
722,1,FINGER
723,1,FINGER
724,1,FINGER
725,1,FINGER
726,1,FINGER
727,1,FINGER
728,1,FINGER
729,1,FINGER
730,1,FINGER
731,1,FINGER
732,1,FINGER
733,1,FINGER
734,1,FINGER
735,1,FINGER
736,1,FINGER
737,1,FINGER
738,1,FINGER
739,1,FINGER
740,1,FINGER
741,1,FINGER
742,1,FINGER
743,1,FINGER
744,1,FINGER
745,1,FINGER
746,1,FINGER
747,1,FINGER
748,1,FINGER
749,1,FINGER
750,1,FINGER
751,1,FINGER
752,1,FINGER
753,1,FINGER
754,1,FINGER
755,1,FINGER
756,1,FINGER
757,1,FINGER
758,1,FINGER
759,1,FINGER
760,1,FINGER
761,1,FINGER
762,1,FINGER
763,1,FINGER
764,1,FINGER
765,1,FINGER
766,1,FINGER
767,1,FINGER
768,1,FINGER
769,1,FINGER
770,1,FINGER
771,1,FINGER
772,1,FINGER
773,1,FINGER
774,1,FINGER
775,1,FINGER
776,1,FINGER
777,1,FINGER
778,1,FINGER
779,1,FINGER
780,1,FINGER
781,1,FINGER
782,1,FINGER
783,1,FINGER
784,1,FINGER
785,1,FINGER
786,1,FINGER
787,1,FINGER
788,1,FINGER
789,1,FINGER
790,1,FINGER
791,1,FINGER
792,1,FINGER
793,1,FINGER
794,1,FINGER
795,1,FINGER
796,1,FINGER
797,1,FINGER
798,1,FINGER
799,1,FINGER
800,1,FINGER
801,1,FINGER
802,1,FINGER
803,1,FINGER
804,1,FINGER
805,1,FINGER
806,1,FINGER
807,1,FINGER
808,1,FINGER
809,1,FINGER
810,1,FINGER
811,1,FINGER
812,1,FINGER
813,1,FINGER
814,1,FINGER
815,1,FINGER
816,1,FINGER
817,1,FINGER
818,1,FINGER
819,1,FINGER
820,1,FINGER
821,1,FINGER
822,1,FINGER
823,1,FINGER
824,1,FINGER
825,1,FINGER
826,1,FINGER
827,1,FINGER
828,1,FINGER
829,1,FINGER
830,1,FINGER
831,1,FINGER
832,1,FINGER
833,1,FINGER
834,1,FINGER
835,1,FINGER
836,1,FINGER
837,1,FINGER
838,1,FINGER
839,1,FINGER
840,1,FINGER
841,1,FINGER
842,1,FINGER
843,1,FINGER
844,1,FINGER
845,1,FINGER
846,1,FINGER
847,1,FINGER
848,1,FINGER
849,1,FINGER
850,1,FINGER
851,1,FINGER
852,1,FINGER
853,1,FINGER
854,1,FINGER
855,1,FINGER
856,1,FINGER
857,1,FINGER
858,1,FINGER
859,1,FINGER
860,1,FINGER
861,1,FINGER
862,1,FINGER
863,1,FINGER
864,1,FINGER
865,1,FINGER
866,1,FINGER
867,1,FINGER
868,1,FINGER
869,1,FINGER
870,1,FINGER
871,1,FINGER
872,1,FINGER
873,1,FINGER
874,1,FINGER
875,1,FINGER
876,1,FINGER
877,1,FINGER
878,1,FINGER
879,1,FINGER
880,1,FINGER
881,1,FINGER
882,1,FINGER
883,1,FINGER
884,1,FINGER
885,1,FINGER
886,1,FINGER
887,1,FINGER
888,1,FINGER
889,1,FINGER
890,1,FINGER
891,1,FINGER
892,1,FINGER
893,1,FINGER
894,1,FINGER
895,1,FINGER
896,1,FINGER
897,1,FINGER
898,1,FINGER
899,1,FINGER
900,1,FINGER
901,1,FINGER
902,1,FINGER
903,1,FINGER
904,1,FINGER
905,1,FINGER
906,1,FINGER
907,1,FINGER
908,1,FINGER
909,1,FINGER
910,1,FINGER
911,1,FINGER
912,1,FINGER
913,1,FINGER
914,1,FINGER
915,1,FINGER
916,1,FINGER
917,1,FINGER
918,1,FINGER
919,1,FINGER
920,1,FINGER
921,1,FINGER
922,1,FINGER
923,1,FINGER
924,1,FINGER
925,1,FINGER
926,1,FINGER
927,1,FINGER
928,1,FINGER
929,1,FINGER
930,1,FINGER
931,1,FINGER
932,1,FINGER
933,1,FINGER
934,1,FINGER
935,1,FINGER
936,1,FINGER
937,1,FINGER
938,1,FINGER
939,1,FINGER
940,1,FINGER
941,1,FINGER
942,1,FINGER
943,1,FINGER
944,1,FINGER
945,1,FINGER
946,1,FINGER
947,1,FINGER
948,1,FINGER
949,1,FINGER
950,1,FINGER
951,1,FINGER
952,1,FINGER
953,1,FINGER
954,1,FINGER
955,1,FINGER
956,1,FINGER
957,1,FINGER
958,1,FINGER
959,1,FINGER
960,1,FINGER
961,1,FINGER
962,1,FINGER
963,1,FINGER
964,1,FINGER
965,1,FINGER
966,1,FINGER
967,1,FINGER
968,1,FINGER
969,1,FINGER
970,1,FINGER
971,1,FINGER
972,1,FINGER
973,1,FINGER
974,1,FINGER
975,1,FINGER
976,1,FINGER
977,1,FINGER
978,1,FINGER
979,1,FINGER
980,1,FINGER
981,1,FINGER
982,1,FINGER
983,1,FINGER
984,1,FINGER
985,1,FINGER
986,1,FINGER
987,1,FINGER
988,1,FINGER
989,1,FINGER
990,1,FINGER
991,1,FINGER
992,1,FINGER
993,1,FINGER
994,1,FINGER
995,1,FINGER
996,1,FINGER
997,1,FINGER
998,1,FINGER
999,1,FINGER
1000,1,FINGER
1001,1,FINGER
1002,1,FINGER
1003,1,FINGER
1004,1,FINGER
1005,1,FINGER
1006,1,FINGER
1007,1,FINGER
1008,1,FINGER
1009,1,FINGER
1010,1,FINGER
1011,1,FINGER
1012,1,FINGER
1013,1,FINGER
1014,1,FINGER
1015,1,FINGER
1016,1,FINGER
1017,1,FINGER
1018,1,FINGER
1019,1,FINGER
1020,1,FINGER
1021,1,FINGER
1022,1,FINGER
1023,1,FINGER
1024,1,FINGER
1025,1,FINGER
1026,1,FINGER
1027,1,FINGER
1028,1,FINGER
1029,1,FINGER
1030,1,FINGER
1031,1,FINGER
1032,1,FINGER
1033,1,FINGER
1034,1,FINGER
1035,1,FINGER
1036,1,FINGER
1037,1,FINGER
1038,1,FINGER
1039,1,FINGER
1040,1,FINGER
1041,1,FINGER
1042,1,FINGER
1043,1,FINGER
1044,1,FINGER
1045,1,FINGER
1046,1,FINGER
1047,1,FINGER
1048,1,FINGER
1049,1,FINGER
1050,1,FINGER
1051,1,FINGER
1052,1,FINGER
1053,1,FINGER
1054,1,FINGER
1055,1,FINGER
1056,1,FINGER
1057,1,FINGER
1058,1,FINGER
1059,1,FINGER
1060,1,FINGER
1061,1,FINGER
1062,1,FINGER
1063,1,FINGER
1064,1,FINGER
1065,1,FINGER
1066,1,FINGER
1067,1,FINGER
1068,1,FINGER
1069,1,FINGER
1070,1,FINGER
1071,1,FINGER
1072,1,FINGER
1073,1,FINGER
1074,1,FINGER
1075,1,FINGER
1076,1,FINGER
1077,1,FINGER
1078,1,FINGER
1079,1,FINGER
1080,1,FINGER
1081,1,FINGER
1082,1,FINGER
1083,1,FINGER
1084,1,FINGER
1085,1,FINGER
1086,1,FINGER
1087,1,FINGER
1088,1,FINGER
1089,1,FINGER
1090,1,FINGER
1091,1,FINGER
1092,1,FINGER
1093,1,FINGER
1094,1,FINGER
1095,1,FINGER
1096,1,FINGER
1097,1,FINGER
1098,1,FINGER
1099,1,FINGER
1100,1,FINGER
1101,1,FINGER
1102,1,FINGER
1103,1,FINGER
1104,1,FINGER
1105,1,FINGER
1106,1,FINGER
1107,1,FINGER
1108,1,FINGER
1109,1,FINGER
1110,1,FINGER
1111,1,FINGER
1112,1,FINGER
1113,1,FINGER
1114,1,FINGER
1115,1,FINGER
1116,1,FINGER
1117,1,FINGER
1118,1,FINGER
1119,1,FINGER
1120,1,FINGER
1121,1,FINGER
1122,1,FINGER
1123,1,FINGER
1124,1,FINGER
1125,1,FINGER
1126,1,FINGER
1127,1,FINGER
1128,1,FINGER
1129,1,FINGER
1130,1,FINGER
1131,1,FINGER
1132,1,FINGER
1133,1,FINGER
1134,1,FINGER
1135,1,FINGER
1136,1,FINGER
1137,1,FINGER
1138,1,FINGER
1139,1,FINGER
1140,1,FINGER
1141,1,FINGER
1142,1,FINGER
1143,1,FINGER
1144,1,FINGER
1145,1,FINGER
1146,1,FINGER
1147,1,FINGER
1148,1,FINGER
1149,1,FINGER
1150,1,FINGER
1151,1,FINGER
1152,1,FINGER
1153,1,FINGER
1154,1,FINGER
1155,1,FINGER
1156,1,FINGER
1157,1,FINGER
1158,1,FINGER
1159,1,FINGER
1160,1,FINGER
1161,1,FINGER
1162,1,FINGER
1163,1,FINGER
1164,1,FINGER
1165,1,FINGER
1166,1,FINGER
1167,1,FINGER
1168,1,FINGER
1169,1,FINGER
1170,1,FINGER
1171,1,FINGER
1172,1,FINGER
1173,1,FINGER
1174,1,FINGER
1175,1,FINGER
1176,1,FINGER
1177,1,FINGER
1178,1,FINGER
1179,1,FINGER
1180,1,FINGER
1181,1,FINGER
1182,1,FINGER
1183,1,FINGER
1184,1,FINGER
1185,1,FINGER
1186,1,FINGER
1187,1,FINGER
1188,1,FINGER
1189,1,FINGER
1190,1,FINGER
1191,1,FINGER
1192,1,FINGER
1193,1,FINGER
1194,1,FINGER
1195,1,FINGER
1196,1,FINGER
1197,1,FINGER
1198,1,FINGER
1199,1,FINGER
1200,1,FINGER
1201,1,FINGER
1202,1,FINGER
1203,1,FINGER
1204,1,FINGER
1205,1,FINGER
1206,1,FINGER
1207,1,FINGER
1208,1,FINGER
1209,1,FINGER
1210,1,FINGER
1211,1,FINGER
1212,1,FINGER
1213,1,FINGER
1214,1,FINGER
1215,1,FINGER
1216,1,FINGER
1217,1,FINGER
1218,1,FINGER
1219,1,FINGER
1220,1,FINGER
1221,1,FINGER
1222,1,FINGER
1223,1,FINGER
1224,1,FINGER
1225,1,FINGER
1226,1,FINGER
1227,1,FINGER
1228,1,FINGER
1229,1,FINGER
1230,1,FINGER
1231,1,FINGER
1232,1,FINGER
1233,1,FINGER
1234,1,FINGER
1235,1,FINGER
1236,1,FINGER
1237,1,FINGER
1238,1,FINGER
1239,1,FINGER
1240,1,FINGER
1241,1,FINGER
1242,1,FINGER
1243,1,FINGER
1244,1,FINGER
1245,1,FINGER
1246,1,FINGER
1247,1,FINGER
1248,1,FINGER
1249,1,FINGER
1250,1,FINGER
1251,1,FINGER
1252,1,FINGER
1253,1,FINGER
1254,1,FINGER
1255,1,FINGER
1256,1,FINGER
1257,1,FINGER
1258,1,FINGER
1259,1,FINGER
1260,1,FINGER
1261,1,FINGER
1262,1,FINGER
1263,1,FINGER
1264,1,FINGER
1265,1,FINGER
1266,1,FINGER
1267,1,FINGER
1268,0,
1269,0,
1270,0,
1271,0,
1272,0,
1273,0,
1274,0,
1275,0,
1276,0,
1277,0,
1278,0,
1279,0,
1280,0,
1281,0,
1282,0,
