FrameNumber,NumberOfTracks,TrackType
65,1,UNCERTAIN
66,1,UNCERTAIN
67,1,UNCERTAIN
68,1,UNCERTAIN
69,1,UNCERTAIN
70,1,SMEAR
71,1,SMEAR
72,1,SMEAR
73,1,SMEAR
74,1,SMEAR
75,1,SMEAR
76,1,SMEAR
77,1,SMEAR
78,1,SMEAR
79,1,SMEAR
80,1,SMEAR
81,1,SMEAR
82,1,SMEAR
83,1,SMEAR
84,1,SMEAR
85,1,SMEAR
86,1,SMEAR
87,1,SMEAR
88,1,SMEAR
89,1,SMEAR
90,1,SMEAR
91,1,SMEAR
92,1,SMEAR
93,1,SMEAR
94,1,SMEAR
95,1,SMEAR
96,1,SMEAR
97,1,SMEAR
98,1,SMEAR
99,1,SMEAR
100,1,SMEAR
101,1,SMEAR
102,1,SMEAR
103,1,SMEAR
104,1,SMEAR
105,1,SMEAR
106,1,SMEAR
107,1,SMEAR
108,1,SMEAR
109,1,SMEAR
110,1,SMEAR
111,1,SMEAR
112,1,SMEAR
113,1,SMEAR
114,1,SMEAR
115,1,SMEAR
116,1,SMEAR
117,1,SMEAR
118,1,SMEAR
119,1,SMEAR
120,1,SMEAR
121,1,SMEAR
122,1,SMEAR
123,1,SMEAR
124,1,SMEAR
125,1,SMEAR
126,1,SMEAR
127,1,SMEAR
128,1,SMEAR
129,1,SMEAR
130,1,SMEAR
131,1,SMEAR
132,1,SMEAR
133,1,SMEAR
134,1,SMEAR
135,1,SMEAR
136,1,SMEAR
137,1,SMEAR
138,1,SMEAR
139,1,SMEAR
140,1,SMEAR
141,1,SMEAR
142,1,SMEAR
143,1,SMEAR
144,1,SMEAR
145,1,SMEAR
146,1,SMEAR
147,1,SMEAR
148,1,SMEAR
149,1,SMEAR
150,1,SMEAR
151,1,SMEAR
152,1,SMEAR
153,1,SMEAR
154,1,SMEAR
155,1,SMEAR
156,1,SMEAR
157,1,SMEAR
158,1,SMEAR
159,1,SMEAR
160,1,SMEAR
161,1,SMEAR
162,1,SMEAR
163,1,SMEAR
164,1,SMEAR
165,1,SMEAR
166,1,SMEAR
167,1,SMEAR
168,1,SMEAR
169,1,SMEAR
170,1,SMEAR
171,1,SMEAR
172,1,SMEAR
173,1,SMEAR
174,1,SMEAR
175,1,SMEAR
176,1,SMEAR
177,1,SMEAR
178,1,SMEAR
179,1,SMEAR
180,1,SMEAR
181,1,SMEAR
182,1,SMEAR
183,1,SMEAR
184,1,SMEAR
185,1,SMEAR
186,1,SMEAR
187,1,SMEAR
188,1,SMEAR
189,1,SMEAR
190,1,SMEAR
191,1,SMEAR
192,1,SMEAR
193,1,SMEAR
194,1,SMEAR
195,1,SMEAR
196,1,SMEAR
197,1,SMEAR
198,1,SMEAR
199,1,SMEAR
200,1,SMEAR
201,1,SMEAR
202,1,SMEAR
203,1,SMEAR
204,1,SMEAR
205,1,SMEAR
206,1,SMEAR
207,1,SMEAR
208,1,SMEAR
209,1,SMEAR
210,1,SMEAR
211,1,SMEAR
212,1,SMEAR
213,1,SMEAR
214,1,SMEAR
215,1,SMEAR
216,1,SMEAR
217,1,SMEAR
218,1,SMEAR
219,1,SMEAR
220,1,SMEAR
221,1,SMEAR
222,1,SMEAR
223,1,SMEAR
224,1,SMEAR
225,1,SMEAR
226,1,SMEAR
227,1,SMEAR
228,1,SMEAR
229,1,SMEAR
230,1,SMEAR
231,1,SMEAR
232,1,SMEAR
233,1,SMEAR
234,1,SMEAR
235,1,SMEAR
236,1,SMEAR
237,1,SMEAR
238,1,SMEAR
239,1,SMEAR
240,1,SMEAR
241,1,SMEAR
242,1,SMEAR
243,1,SMEAR
244,1,SMEAR
245,1,SMEAR
246,1,SMEAR
247,1,SMEAR
248,1,SMEAR
249,1,SMEAR
250,1,SMEAR
251,1,SMEAR
252,1,SMEAR
253,1,SMEAR
254,1,SMEAR
255,1,SMEAR
256,1,SMEAR
257,1,SMEAR
258,1,SMEAR
259,1,SMEAR
260,1,SMEAR
261,1,SMEAR
262,1,SMEAR
263,1,SMEAR
264,1,SMEAR
265,1,SMEAR
266,1,SMEAR
267,1,SMEAR
268,1,SMEAR
269,1,SMEAR
270,1,SMEAR
271,1,SMEAR
272,1,SMEAR
273,1,SMEAR
274,1,SMEAR
275,1,SMEAR
276,1,SMEAR
277,1,SMEAR
278,1,SMEAR
279,1,SMEAR
280,1,SMEAR
281,1,SMEAR
282,1,SMEAR
283,1,SMEAR
284,1,SMEAR
285,1,SMEAR
286,1,SMEAR
287,1,SMEAR
288,1,SMEAR
289,1,SMEAR
290,1,SMEAR
291,1,SMEAR
292,1,SMEAR
293,1,SMEAR
294,1,SMEAR
295,1,SMEAR
296,1,SMEAR
297,1,SMEAR
298,1,SMEAR
299,1,SMEAR
300,1,SMEAR
301,1,SMEAR
302,1,SMEAR
303,1,SMEAR
304,1,SMEAR
305,1,SMEAR
306,1,SMEAR
307,1,SMEAR
308,1,SMEAR
309,1,SMEAR
310,1,SMEAR
311,1,SMEAR
312,1,SMEAR
313,1,SMEAR
314,1,SMEAR
315,1,SMEAR
316,1,SMEAR
317,1,SMEAR
318,1,SMEAR
319,1,SMEAR
320,1,SMEAR
321,1,SMEAR
322,1,SMEAR
323,1,SMEAR
324,1,SMEAR
325,1,SMEAR
326,1,SMEAR
327,1,SMEAR
328,1,SMEAR
329,1,SMEAR
330,1,SMEAR
331,1,SMEAR
332,1,SMEAR
333,1,SMEAR
334,1,SMEAR
335,1,SMEAR
336,1,SMEAR
337,1,SMEAR
338,1,SMEAR
339,1,SMEAR
340,1,SMEAR
341,1,SMEAR
342,1,SMEAR
343,1,SMEAR
344,1,SMEAR
345,1,SMEAR
346,1,SMEAR
347,1,SMEAR
348,1,SMEAR
349,1,SMEAR
350,1,SMEAR
351,1,SMEAR
352,1,SMEAR
353,1,SMEAR
354,1,SMEAR
355,1,SMEAR
356,1,SMEAR
357,1,SMEAR
358,1,SMEAR
359,1,SMEAR
360,1,SMEAR
361,1,SMEAR
362,1,SMEAR
363,1,SMEAR
364,1,SMEAR
365,1,SMEAR
366,1,SMEAR
367,1,SMEAR
368,1,SMEAR
369,1,SMEAR
370,1,SMEAR
371,1,SMEAR
372,1,SMEAR
373,1,SMEAR
374,1,SMEAR
375,1,SMEAR
376,1,SMEAR
377,1,SMEAR
378,1,SMEAR
379,1,SMEAR
380,1,SMEAR
381,1,SMEAR
382,1,SMEAR
383,1,SMEAR
384,1,SMEAR
385,1,SMEAR
386,1,SMEAR
387,1,SMEAR
388,1,SMEAR
389,1,SMEAR
390,1,SMEAR
391,1,SMEAR
392,1,SMEAR
393,1,SMEAR
394,1,SMEAR
395,1,SMEAR
396,1,SMEAR
397,1,SMEAR
398,1,SMEAR
399,1,SMEAR
400,1,SMEAR
401,1,SMEAR
402,1,SMEAR
403,1,SMEAR
404,1,SMEAR
405,1,SMEAR
406,1,SMEAR
407,1,SMEAR
408,1,SMEAR
409,1,SMEAR
410,1,SMEAR
411,1,SMEAR
412,1,SMEAR
413,1,SMEAR
414,1,SMEAR
415,1,SMEAR
416,1,SMEAR
417,1,SMEAR
418,1,SMEAR
419,1,SMEAR
420,1,SMEAR
421,1,SMEAR
422,1,SMEAR
423,1,SMEAR
424,1,SMEAR
425,1,SMEAR
426,1,SMEAR
427,1,SMEAR
428,1,SMEAR
429,1,SMEAR
430,1,SMEAR
431,1,SMEAR
432,1,SMEAR
433,1,SMEAR
434,1,SMEAR
435,1,SMEAR
436,1,SMEAR
437,1,SMEAR
438,1,SMEAR
439,1,SMEAR
440,1,SMEAR
441,1,SMEAR
442,1,SMEAR
443,1,SMEAR
444,1,SMEAR
445,1,SMEAR
446,1,SMEAR
447,1,SMEAR
448,1,SMEAR
449,1,SMEAR
450,1,SMEAR
451,1,SMEAR
452,1,SMEAR
453,1,SMEAR
454,1,SMEAR
455,1,SMEAR
456,1,SMEAR
457,1,SMEAR
458,1,SMEAR
459,1,SMEAR
460,1,SMEAR
461,1,SMEAR
462,1,SMEAR
463,1,SMEAR
464,1,SMEAR
465,1,SMEAR
466,1,SMEAR
467,1,SMEAR
468,1,SMEAR
469,1,SMEAR
470,1,SMEAR
471,1,SMEAR
472,1,SMEAR
473,1,SMEAR
474,1,SMEAR
475,1,SMEAR
476,1,SMEAR
477,1,SMEAR
478,1,SMEAR
479,1,SMEAR
480,1,SMEAR
481,1,SMEAR
482,1,SMEAR
483,1,SMEAR
484,1,SMEAR
485,1,SMEAR
486,1,SMEAR
487,1,SMEAR
488,1,SMEAR
489,1,SMEAR
490,1,SMEAR
491,1,SMEAR
492,1,SMEAR
493,1,SMEAR
494,1,SMEAR
495,1,SMEAR
496,1,SMEAR
497,1,SMEAR
498,1,SMEAR
499,1,SMEAR
500,1,SMEAR
501,1,SMEAR
502,1,SMEAR
503,1,SMEAR
504,1,SMEAR
505,1,SMEAR
506,1,SMEAR
507,1,SMEAR
508,1,SMEAR
509,1,SMEAR
510,1,SMEAR
511,1,SMEAR
512,1,SMEAR
513,1,SMEAR
514,1,SMEAR
515,1,SMEAR
516,1,SMEAR
517,1,SMEAR
518,1,SMEAR
519,1,SMEAR
520,1,SMEAR
521,1,SMEAR
522,1,SMEAR
523,1,SMEAR
524,1,SMEAR
525,1,SMEAR
526,1,SMEAR
527,1,SMEAR
528,1,SMEAR
529,1,SMEAR
530,1,SMEAR
531,1,SMEAR
532,1,SMEAR
533,1,SMEAR
534,1,SMEAR
535,1,SMEAR
536,1,SMEAR
537,1,SMEAR
538,1,SMEAR
539,1,SMEAR
540,1,SMEAR
541,1,SMEAR
542,1,SMEAR
543,1,SMEAR
544,1,SMEAR
545,1,SMEAR
546,1,SMEAR
547,1,SMEAR
548,1,SMEAR
549,1,SMEAR
550,1,SMEAR
551,1,SMEAR
552,1,SMEAR
553,1,SMEAR
554,1,SMEAR
555,1,SMEAR
556,1,SMEAR
557,1,SMEAR
558,1,SMEAR
559,1,SMEAR
560,1,SMEAR
561,1,SMEAR
562,1,SMEAR
563,1,SMEAR
564,1,SMEAR
565,1,SMEAR
566,1,SMEAR
567,1,SMEAR
568,1,SMEAR
569,1,SMEAR
570,1,SMEAR
571,1,SMEAR
572,1,SMEAR
573,1,SMEAR
574,1,SMEAR
575,1,SMEAR
576,1,SMEAR
577,1,SMEAR
578,1,SMEAR
579,1,SMEAR
580,1,SMEAR
581,0,
582,0,
583,0,
584,0,
585,0,
586,0,
587,0,
588,0,
589,0,
590,0,
591,0,
592,0,
593,0,
594,0,
689,1,UNCERTAIN
690,1,FINGER
691,1,FINGER
692,1,FINGER
693,1,FINGER
694,1,FINGER
695,1,FINGER
696,1,FINGER
697,1,FINGER
698,1,FINGER
699,1,FINGER
700,1,FINGER
701,1,FINGER
702,1,FINGER
703,1,FINGER
704,1,FINGER
705,1,FINGER
706,1,FINGER
707,1,FINGER
708,1,FINGER
709,1,FINGER
710,1,FINGER
711,1,FINGER
712,1,FINGER
713,1,FINGER
714,1,FINGER
715,1,FINGER
716,1,FINGER
717,1,FINGER
718,1,FINGER
719,1,FINGER
720,1,FINGER
721,1,FINGER
722,1,FINGER
723,1,FINGER
724,1,FINGER
725,1,FINGER
726,1,FINGER
727,1,FINGER
728,1,FINGER
729,1,FINGER
730,1,FINGER
731,1,FINGER
732,1,FINGER
733,1,FINGER
734,1,FINGER
735,1,FINGER
736,1,FINGER
737,1,FINGER
738,1,FINGER
739,1,FINGER
740,1,FINGER
741,1,FINGER
742,1,FINGER
743,1,FINGER
744,1,FINGER
745,1,FINGER
746,1,FINGER
747,1,FINGER
748,1,FINGER
749,1,FINGER
750,1,FINGER
751,1,FINGER
752,1,FINGER
753,1,FINGER
754,1,FINGER
755,1,FINGER
756,1,FINGER
757,1,FINGER
758,1,FINGER
759,1,FINGER
760,1,FINGER
761,1,FINGER
762,1,FINGER
763,1,FINGER
764,1,FINGER
765,1,FINGER
766,1,FINGER
767,1,FINGER
768,1,FINGER
769,1,FINGER
770,1,FINGER
771,1,FINGER
772,1,FINGER
773,1,FINGER
774,1,FINGER
775,1,FINGER
776,1,FINGER
777,1,FINGER
778,1,FINGER
779,1,FINGER
780,1,FINGER
781,1,FINGER
782,1,FINGER
783,1,FINGER
784,1,FINGER
785,1,FINGER
786,1,FINGER
787,1,FINGER
788,1,FINGER
789,1,FINGER
790,1,FINGER
791,1,FINGER
792,1,FINGER
793,1,FINGER
794,1,FINGER
795,1,FINGER
796,1,FINGER
797,1,FINGER
798,1,FINGER
799,1,FINGER
800,1,FINGER
801,1,FINGER
802,1,FINGER
803,1,FINGER
804,1,FINGER
805,1,FINGER
806,1,FINGER
807,1,FINGER
808,1,FINGER
809,1,FINGER
810,1,FINGER
811,1,FINGER
812,1,FINGER
813,1,FINGER
814,1,FINGER
815,1,FINGER
816,1,FINGER
817,1,FINGER
818,1,FINGER
819,1,FINGER
820,1,FINGER
821,1,FINGER
822,1,FINGER
823,1,FINGER
824,1,FINGER
825,1,FINGER
826,1,FINGER
827,1,FINGER
828,1,FINGER
829,1,FINGER
830,1,FINGER
831,1,FINGER
832,1,FINGER
833,1,FINGER
834,1,FINGER
835,1,FINGER
836,1,FINGER
837,1,FINGER
838,1,FINGER
839,1,FINGER
840,1,FINGER
841,1,FINGER
842,1,FINGER
843,1,FINGER
844,1,FINGER
845,1,FINGER
846,1,FINGER
847,1,FINGER
848,1,FINGER
849,1,FINGER
850,1,FINGER
851,1,FINGER
852,1,FINGER
853,1,FINGER
854,1,FINGER
855,1,FINGER
856,1,FINGER
857,1,FINGER
858,1,FINGER
859,1,FINGER
860,1,FINGER
861,1,FINGER
862,1,FINGER
863,1,FINGER
864,1,FINGER
865,1,FINGER
866,1,FINGER
867,1,FINGER
868,1,FINGER
869,1,FINGER
870,1,FINGER
871,1,FINGER
872,1,FINGER
873,1,FINGER
874,1,FINGER
875,1,FINGER
876,1,FINGER
877,1,FINGER
878,1,FINGER
879,1,FINGER
880,1,FINGER
881,1,FINGER
882,1,FINGER
883,1,FINGER
884,1,FINGER
885,1,FINGER
886,1,FINGER
887,1,FINGER
888,1,FINGER
889,1,FINGER
890,1,FINGER
891,1,FINGER
892,1,FINGER
893,1,FINGER
894,1,FINGER
895,1,FINGER
896,1,FINGER
897,1,FINGER
898,1,FINGER
899,1,FINGER
900,1,FINGER
901,1,FINGER
902,1,FINGER
903,1,FINGER
904,1,FINGER
905,1,FINGER
906,1,FINGER
907,1,FINGER
908,1,FINGER
909,1,FINGER
910,1,FINGER
911,1,FINGER
912,1,FINGER
913,1,FINGER
914,1,FINGER
915,1,FINGER
916,1,FINGER
917,1,FINGER
918,1,FINGER
919,1,FINGER
920,1,FINGER
921,1,FINGER
922,1,FINGER
923,1,FINGER
924,1,FINGER
925,1,FINGER
926,1,FINGER
927,1,FINGER
928,1,FINGER
929,1,FINGER
930,1,FINGER
931,1,FINGER
932,1,FINGER
933,1,FINGER
934,1,FINGER
935,1,FINGER
936,1,FINGER
937,1,FINGER
938,1,FINGER
939,1,FINGER
940,1,FINGER
941,1,FINGER
942,1,FINGER
943,1,FINGER
944,1,FINGER
945,1,FINGER
946,1,FINGER
947,1,FINGER
948,1,FINGER
949,1,FINGER
950,1,FINGER
951,1,FINGER
952,1,FINGER
953,1,FINGER
954,1,FINGER
955,1,FINGER
956,1,FINGER
957,1,FINGER
958,1,FINGER
959,1,FINGER
960,1,FINGER
961,1,FINGER
962,1,FINGER
963,1,FINGER
964,1,FINGER
965,1,FINGER
966,1,FINGER
967,1,FINGER
968,1,FINGER
969,1,FINGER
970,1,FINGER
971,1,FINGER
972,1,FINGER
973,1,FINGER
974,1,FINGER
975,1,FINGER
976,1,FINGER
977,1,FINGER
978,1,FINGER
979,1,FINGER
980,1,FINGER
981,1,FINGER
982,1,FINGER
983,1,FINGER
984,1,FINGER
985,1,FINGER
986,1,FINGER
987,1,FINGER
988,1,FINGER
989,1,FINGER
990,1,FINGER
991,1,FINGER
992,1,FINGER
993,1,FINGER
994,1,FINGER
995,1,FINGER
996,1,FINGER
997,1,FINGER
998,1,FINGER
999,1,FINGER
1000,1,FINGER
1001,1,FINGER
1002,1,FINGER
1003,1,FINGER
1004,1,FINGER
1005,1,FINGER
1006,1,FINGER
1007,1,FINGER
1008,0,
1009,0,
1010,0,
1011,0,
1012,0,
1013,0,
1014,0,
1015,0,
1016,0,
1017,0,
1018,0,
1019,0,
1020,0,
1021,0,
1022,0,
1091,1,UNCERTAIN
1092,1,UNCERTAIN
1093,1,UNCERTAIN
1094,1,UNCERTAIN
1095,0,
1096,0,
1097,0,
1098,0,
1099,0,
1100,0,
1101,0,
1102,0,
1103,0,
1104,0,
1105,0,
1106,0,
1107,0,
1108,1,UNCERTAIN
1109,1,UNCERTAIN
1110,1,UNCERTAIN
1111,1,UNCERTAIN
1112,2,UNCERTAIN
1112,2,UNCERTAIN
1113,2,PALM
1113,2,UNCERTAIN
1114,2,PALM
1114,2,FINGER
1115,2,PALM
1115,2,FINGER
1116,2,PALM
1116,2,FINGER
1117,2,PALM
1117,2,FINGER
1118,2,PALM
1118,2,FINGER
1119,2,PALM
1119,2,FINGER
1120,2,PALM
1120,2,FINGER
1121,2,PALM
1121,2,FINGER
1122,2,PALM
1122,2,FINGER
1123,2,PALM
1123,2,FINGER
1124,2,PALM
1124,2,FINGER
1125,2,PALM
1125,2,FINGER
1126,2,PALM
1126,2,FINGER
1127,2,PALM
1127,2,FINGER
1128,2,PALM
1128,2,FINGER
1129,2,PALM
1129,2,FINGER
1130,2,PALM
1130,2,FINGER
1131,2,PALM
1131,2,FINGER
1132,2,PALM
1132,2,FINGER
1133,2,PALM
1133,2,FINGER
1134,2,PALM
1134,2,FINGER
1135,2,PALM
1135,2,FINGER
1136,2,PALM
1136,2,FINGER
1137,2,PALM
1137,2,FINGER
1138,2,PALM
1138,2,FINGER
1139,2,PALM
1139,2,FINGER
1140,2,PALM
1140,2,FINGER
1141,2,PALM
1141,2,FINGER
1142,2,PALM
1142,2,FINGER
1143,2,PALM
1143,2,FINGER
1144,2,PALM
1144,2,FINGER
1145,2,PALM
1145,2,BUNCH
1146,2,PALM
1146,2,BUNCH
1147,2,PALM
1147,2,BUNCH
1148,2,PALM
1148,2,BUNCH
1149,2,PALM
1149,2,BUNCH
1150,2,PALM
1150,2,BUNCH
1151,2,PALM
1151,2,BUNCH
1152,2,PALM
1152,2,BUNCH
1153,2,PALM
1153,2,BUNCH
1154,2,PALM
1154,2,BUNCH
1155,2,PALM
1155,2,BUNCH
1156,2,PALM
1156,2,BUNCH
1157,2,PALM
1157,2,BUNCH
1158,2,PALM
1158,2,BUNCH
1159,2,PALM
1159,2,BUNCH
1160,2,PALM
1160,2,BUNCH
1161,2,PALM
1161,2,BUNCH
1162,2,PALM
1162,2,BUNCH
1163,2,PALM
1163,2,BUNCH
1164,2,PALM
1164,2,BUNCH
1165,2,PALM
1165,2,BUNCH
1166,2,PALM
1166,2,BUNCH
1167,2,PALM
1167,2,BUNCH
1168,2,PALM
1168,2,BUNCH
1169,2,PALM
1169,2,BUNCH
1170,2,PALM
1170,2,BUNCH
1171,2,PALM
1171,2,BUNCH
1172,2,PALM
1172,2,FINGER
1173,2,PALM
1173,2,FINGER
1174,2,PALM
1174,2,FINGER
1175,2,PALM
1175,2,FINGER
1176,2,PALM
1176,2,FINGER
1177,1,FINGER
1178,1,FINGER
1179,1,FINGER
1180,1,FINGER
1181,1,FINGER
1182,1,FINGER
1183,1,FINGER
1184,1,FINGER
1185,1,FINGER
1186,1,FINGER
1187,1,FINGER
1188,1,FINGER
1189,1,FINGER
1190,1,FINGER
1191,1,FINGER
1192,1,FINGER
1193,1,FINGER
1194,1,FINGER
1195,1,FINGER
1196,1,FINGER
1197,1,FINGER
1198,1,FINGER
1199,1,FINGER
1200,1,FINGER
1201,1,FINGER
1202,1,FINGER
1203,1,FINGER
1204,1,FINGER
1205,1,FINGER
1206,1,FINGER
1207,1,FINGER
1208,1,FINGER
1209,1,FINGER
1210,1,FINGER
1211,1,FINGER
1212,1,FINGER
1213,1,FINGER
1214,1,FINGER
1215,1,FINGER
1216,1,FINGER
1217,1,FINGER
1218,1,FINGER
1219,1,FINGER
1220,1,FINGER
1221,1,FINGER
1222,1,FINGER
1223,1,FINGER
1224,1,FINGER
1225,1,FINGER
1226,1,FINGER
1227,1,FINGER
1228,1,FINGER
1229,1,FINGER
1230,1,FINGER
1231,1,FINGER
1232,1,FINGER
1233,1,FINGER
1234,2,UNCERTAIN
1234,2,FINGER
1235,2,UNCERTAIN
1235,2,FINGER
1236,2,UNCERTAIN
1236,2,FINGER
1237,2,UNCERTAIN
1237,2,FINGER
1238,2,UNCERTAIN
1238,2,FINGER
1239,2,UNCERTAIN
1239,2,FINGER
1240,2,UNCERTAIN
1240,2,FINGER
1241,2,UNCERTAIN
1241,2,FINGER
1242,2,UNCERTAIN
1242,2,FINGER
1243,2,UNCERTAIN
1243,2,FINGER
1244,2,UNCERTAIN
1244,2,FINGER
1245,2,UNCERTAIN
1245,2,FINGER
1246,2,UNCERTAIN
1246,2,FINGER
1247,2,UNCERTAIN
1247,2,FINGER
1248,2,UNCERTAIN
1248,2,FINGER
1249,2,UNCERTAIN
1249,2,FINGER
1250,2,UNCERTAIN
1250,2,FINGER
1251,2,UNCERTAIN
1251,2,FINGER
1252,2,UNCERTAIN
1252,2,FINGER
1253,2,UNCERTAIN
1253,2,FINGER
1254,2,UNCERTAIN
1254,2,FINGER
1255,2,UNCERTAIN
1255,2,FINGER
1256,2,UNCERTAIN
1256,2,FINGER
1257,1,FINGER
1258,1,FINGER
1259,1,FINGER
1260,1,FINGER
1261,1,FINGER
1262,1,FINGER
1263,1,FINGER
1264,2,UNCERTAIN
1264,2,FINGER
1265,2,UNCERTAIN
1265,2,FINGER
1266,2,FINGER
1266,2,FINGER
1267,2,FINGER
1267,2,FINGER
1268,2,FINGER
1268,2,FINGER
1269,2,FINGER
1269,2,FINGER
1270,2,FINGER
1270,2,FINGER
1271,2,FINGER
1271,2,FINGER
1272,2,FINGER
1272,2,FINGER
1273,2,FINGER
1273,2,FINGER
1274,2,FINGER
1274,2,FINGER
1275,2,FINGER
1275,2,FINGER
1276,2,FINGER
1276,2,FINGER
1277,2,FINGER
1277,2,FINGER
1278,2,FINGER
1278,2,FINGER
1279,2,FINGER
1279,2,FINGER
1280,2,FINGER
1280,2,FINGER
1281,2,FINGER
1281,2,FINGER
1282,2,FINGER
1282,2,FINGER
1283,2,FINGER
1283,2,FINGER
1284,2,FINGER
1284,2,FINGER
1285,2,FINGER
1285,2,FINGER
1286,2,FINGER
1286,2,FINGER
1287,2,FINGER
1287,2,FINGER
1288,2,FINGER
1288,2,FINGER
1289,2,FINGER
1289,2,FINGER
1290,2,FINGER
1290,2,FINGER
1291,2,FINGER
1291,2,FINGER
1292,2,FINGER
1292,2,FINGER
1293,2,FINGER
1293,2,FINGER
1294,2,FINGER
1294,2,FINGER
1295,2,FINGER
1295,2,FINGER
1296,2,FINGER
1296,2,FINGER
1297,2,FINGER
1297,2,FINGER
1298,2,FINGER
1298,2,FINGER
1299,2,FINGER
1299,2,FINGER
1300,2,FINGER
1300,2,FINGER
1301,2,FINGER
1301,2,FINGER
1302,2,FINGER
1302,2,BUNCH
1303,2,FINGER
1303,2,BUNCH
1304,2,FINGER
1304,2,BUNCH
1305,2,FINGER
1305,2,BUNCH
1306,2,FINGER
1306,2,BUNCH
1307,2,FINGER
1307,2,BUNCH
1308,2,FINGER
1308,2,BUNCH
1309,2,FINGER
1309,2,BUNCH
1310,2,FINGER
1310,2,BUNCH
1311,2,FINGER
1311,2,BUNCH
1312,2,FINGER
1312,2,BUNCH
1313,2,FINGER
1313,2,UNCERTAIN
1314,2,FINGER
1314,2,UNCERTAIN
1315,2,FINGER
1315,2,UNCERTAIN
1316,2,FINGER
1316,2,UNCERTAIN
1317,2,FINGER
1317,2,UNCERTAIN
1318,2,FINGER
1318,2,UNCERTAIN
1319,2,FINGER
1319,2,UNCERTAIN
1320,2,FINGER
1320,2,UNCERTAIN
1321,2,FINGER
1321,2,UNCERTAIN
1322,2,FINGER
1322,2,UNCERTAIN
1323,2,FINGER
1323,2,PALM
1324,2,FINGER
1324,2,PALM
1325,2,FINGER
1325,2,PALM
1326,2,FINGER
1326,2,PALM
1327,2,FINGER
1327,2,PALM
1328,2,FINGER
1328,2,PALM
1329,2,FINGER
1329,2,PALM
1330,2,FINGER
1330,2,PALM
1331,2,FINGER
1331,2,PALM
1332,2,FINGER
1332,2,PALM
1333,2,FINGER
1333,2,PALM
1334,2,FINGER
1334,2,PALM
1335,2,FINGER
1335,2,PALM
1336,2,FINGER
1336,2,PALM
1337,2,FINGER
1337,2,PALM
1338,2,FINGER
1338,2,PALM
1339,2,FINGER
1339,2,PALM
1340,2,FINGER
1340,2,PALM
1341,2,FINGER
1341,2,PALM
1342,2,FINGER
1342,2,PALM
1343,2,FINGER
1343,2,PALM
1344,2,FINGER
1344,2,PALM
1345,2,FINGER
1345,2,PALM
1346,2,FINGER
1346,2,PALM
1347,2,FINGER
1347,2,PALM
1348,2,FINGER
1348,2,PALM
1349,2,FINGER
1349,2,PALM
1350,2,FINGER
1350,2,PALM
1351,2,FINGER
1351,2,PALM
1352,2,FINGER
1352,2,PALM
1353,2,FINGER
1353,2,PALM
1354,2,FINGER
1354,2,PALM
1355,2,FINGER
1355,2,PALM
1356,2,FINGER
1356,2,PALM
1357,2,FINGER
1357,2,PALM
1358,2,FINGER
1358,2,PALM
1359,2,FINGER
1359,2,PALM
1360,2,FINGER
1360,2,PALM
1361,2,FINGER
1361,2,PALM
1362,2,FINGER
1362,2,PALM
1363,2,FINGER
1363,2,PALM
1364,2,FINGER
1364,2,PALM
1365,2,FINGER
1365,2,PALM
1366,2,FINGER
1366,2,PALM
1367,2,FINGER
1367,2,PALM
1368,2,FINGER
1368,2,PALM
1369,2,FINGER
1369,2,PALM
1370,2,FINGER
1370,2,PALM
1371,2,FINGER
1371,2,PALM
1372,2,FINGER
1372,2,PALM
1373,2,FINGER
1373,2,PALM
1374,2,FINGER
1374,2,PALM
1375,2,FINGER
1375,2,PALM
1376,2,FINGER
1376,2,PALM
1377,2,FINGER
1377,2,PALM
1378,2,FINGER
1378,2,PALM
1379,2,FINGER
1379,2,PALM
1380,2,FINGER
1380,2,PALM
1381,2,FINGER
1381,2,PALM
1382,2,FINGER
1382,2,PALM
1383,2,FINGER
1383,2,PALM
1384,2,FINGER
1384,2,PALM
1385,2,FINGER
1385,2,PALM
1386,2,FINGER
1386,2,PALM
1387,2,FINGER
1387,2,PALM
1388,2,FINGER
1388,2,PALM
1389,2,FINGER
1389,2,PALM
1390,2,FINGER
1390,2,PALM
1391,2,FINGER
1391,2,PALM
1392,2,FINGER
1392,2,PALM
1393,2,FINGER
1393,2,PALM
1394,2,FINGER
1394,2,PALM
1395,2,FINGER
1395,2,PALM
1396,2,FINGER
1396,2,PALM
1397,2,FINGER
1397,2,PALM
1398,2,FINGER
1398,2,PALM
1399,2,FINGER
1399,2,PALM
1400,2,FINGER
1400,2,PALM
1401,2,FINGER
1401,2,PALM
1402,2,FINGER
1402,2,PALM
1403,2,FINGER
1403,2,PALM
1404,2,FINGER
1404,2,PALM
1405,2,FINGER
1405,2,PALM
1406,2,FINGER
1406,2,PALM
1407,2,FINGER
1407,2,PALM
1408,2,FINGER
1408,2,PALM
1409,2,FINGER
1409,2,PALM
1410,2,FINGER
1410,2,PALM
1411,2,FINGER
1411,2,PALM
1412,2,FINGER
1412,2,PALM
1413,2,FINGER
1413,2,PALM
1414,2,FINGER
1414,2,PALM
1415,2,FINGER
1415,2,PALM
1416,2,FINGER
1416,2,PALM
1417,2,FINGER
1417,2,PALM
1418,2,FINGER
1418,2,PALM
1419,2,FINGER
1419,2,PALM
1420,2,FINGER
1420,2,PALM
1421,2,FINGER
1421,2,PALM
1422,2,FINGER
1422,2,PALM
1423,2,FINGER
1423,2,PALM
1424,2,FINGER
1424,2,PALM
1425,2,FINGER
1425,2,PALM
1426,2,FINGER
1426,2,PALM
1427,2,FINGER
1427,2,PALM
1428,2,FINGER
1428,2,PALM
1429,2,FINGER
1429,2,PALM
1430,2,FINGER
1430,2,PALM
1431,2,FINGER
1431,2,PALM
1432,2,FINGER
1432,2,PALM
1433,2,FINGER
1433,2,PALM
1434,2,FINGER
1434,2,PALM
1435,2,FINGER
1435,2,PALM
1436,2,FINGER
1436,2,PALM
1437,2,FINGER
1437,2,PALM
1438,2,FINGER
1438,2,PALM
1439,2,FINGER
1439,2,PALM
1440,2,FINGER
1440,2,PALM
1441,2,FINGER
1441,2,PALM
1442,2,FINGER
1442,2,PALM
1443,2,FINGER
1443,2,PALM
1444,2,FINGER
1444,2,PALM
1445,2,FINGER
1445,2,PALM
1446,2,FINGER
1446,2,PALM
1447,2,FINGER
1447,2,PALM
1448,2,FINGER
1448,2,PALM
1449,2,FINGER
1449,2,PALM
1450,2,FINGER
1450,2,PALM
1451,2,FINGER
1451,2,PALM
1452,2,FINGER
1452,2,PALM
1453,2,FINGER
1453,2,PALM
1454,2,FINGER
1454,2,PALM
1455,2,FINGER
1455,2,PALM
1456,2,FINGER
1456,2,PALM
1457,2,FINGER
1457,2,PALM
1458,2,FINGER
1458,2,PALM
1459,2,FINGER
1459,2,PALM
1460,2,FINGER
1460,2,PALM
1461,2,FINGER
1461,2,PALM
1462,2,FINGER
1462,2,PALM
1463,2,FINGER
1463,2,PALM
1464,2,FINGER
1464,2,PALM
1465,2,FINGER
1465,2,PALM
1466,2,FINGER
1466,2,PALM
1467,1,PALM
1468,0,
1469,0,
1470,0,
1471,0,
1472,0,
1473,0,
1474,0,
1475,0,
1476,0,
1477,0,
1478,0,
1479,0,
1480,0,
1481,0,
1482,0,
1585,1,UNCERTAIN
1586,1,FINGER
1587,1,FINGER
1588,1,FINGER
1589,1,FINGER
1590,1,FINGER
1591,1,FINGER
1592,1,FINGER
1593,1,FINGER
1594,1,FINGER
1595,1,FINGER
1596,1,FINGER
1597,1,FINGER
1598,1,FINGER
1599,1,FINGER
1600,1,FINGER
1601,1,FINGER
1602,1,FINGER
1603,1,FINGER
1604,1,FINGER
1605,1,FINGER
1606,1,FINGER
1607,1,FINGER
1608,1,FINGER
1609,1,FINGER
1610,1,FINGER
1611,1,FINGER
1612,1,FINGER
1613,1,FINGER
1614,1,FINGER
1615,1,FINGER
1616,1,FINGER
1617,1,FINGER
1618,1,FINGER
1619,1,FINGER
1620,1,FINGER
1621,1,FINGER
1622,1,FINGER
1623,1,FINGER
1624,1,FINGER
1625,1,FINGER
1626,1,FINGER
1627,1,FINGER
1628,1,FINGER
1629,1,FINGER
1630,1,FINGER
1631,1,FINGER
1632,1,FINGER
1633,1,FINGER
1634,1,FINGER
1635,1,FINGER
1636,1,FINGER
1637,1,FINGER
1638,1,FINGER
1639,1,FINGER
1640,1,FINGER
1641,1,FINGER
1642,1,FINGER
1643,1,FINGER
1644,1,FINGER
1645,1,FINGER
1646,1,FINGER
1647,1,FINGER
1648,1,FINGER
1649,1,FINGER
1650,1,FINGER
1651,1,FINGER
1652,1,FINGER
1653,1,FINGER
1654,1,FINGER
1655,1,FINGER
1656,1,FINGER
1657,1,FINGER
1658,1,FINGER
1659,1,FINGER
1660,1,FINGER
1661,1,FINGER
1662,1,FINGER
1663,1,FINGER
1664,1,FINGER
1665,1,FINGER
1666,1,FINGER
1667,1,FINGER
1668,1,FINGER
1669,1,FINGER
1670,1,FINGER
1671,1,FINGER
1672,1,FINGER
1673,1,FINGER
1674,1,FINGER
1675,1,FINGER
1676,1,FINGER
1677,1,FINGER
1678,1,FINGER
1679,1,FINGER
1680,1,FINGER
1681,1,FINGER
1682,1,FINGER
1683,1,FINGER
1684,1,FINGER
1685,1,FINGER
1686,1,FINGER
1687,1,FINGER
1688,1,FINGER
1689,1,FINGER
1690,1,FINGER
1691,1,FINGER
1692,1,FINGER
1693,1,FINGER
1694,1,FINGER
1695,1,FINGER
1696,1,FINGER
1697,1,FINGER
1698,1,FINGER
1699,1,FINGER
1700,1,FINGER
1701,1,FINGER
1702,1,FINGER
1703,1,FINGER
1704,1,FINGER
1705,1,FINGER
1706,1,FINGER
1707,1,FINGER
1708,1,FINGER
1709,1,FINGER
1710,1,FINGER
1711,1,FINGER
1712,1,FINGER
1713,1,FINGER
1714,1,FINGER
1715,1,FINGER
1716,1,FINGER
1717,1,FINGER
1718,1,FINGER
1719,1,FINGER
1720,1,FINGER
1721,1,FINGER
1722,1,FINGER
1723,1,FINGER
1724,1,FINGER
1725,1,FINGER
1726,1,FINGER
1727,1,FINGER
1728,1,FINGER
1729,1,FINGER
1730,1,FINGER
1731,1,FINGER
1732,1,FINGER
1733,1,FINGER
1734,1,FINGER
1735,1,FINGER
1736,1,FINGER
1737,1,FINGER
1738,1,FINGER
1739,1,FINGER
1740,1,FINGER
1741,1,FINGER
1742,1,FINGER
1743,1,FINGER
1744,1,FINGER
1745,1,FINGER
1746,1,FINGER
1747,1,FINGER
1748,1,FINGER
1749,1,FINGER
1750,1,FINGER
1751,1,FINGER
1752,1,FINGER
1753,1,FINGER
1754,1,FINGER
1755,1,FINGER
1756,1,FINGER
1757,1,FINGER
1758,1,FINGER
1759,1,FINGER
1760,1,FINGER
1761,1,FINGER
1762,1,FINGER
1763,1,FINGER
1764,1,FINGER
1765,1,FINGER
1766,1,FINGER
1767,1,FINGER
1768,1,FINGER
1769,1,FINGER
1770,1,FINGER
1771,1,FINGER
1772,1,FINGER
1773,1,FINGER
1774,1,FINGER
1775,1,FINGER
1776,1,FINGER
1777,1,FINGER
1778,1,FINGER
1779,1,FINGER
1780,1,FINGER
1781,1,FINGER
1782,1,FINGER
1783,1,FINGER
1784,1,FINGER
1785,1,FINGER
1786,1,FINGER
1787,1,FINGER
1788,1,FINGER
1789,1,FINGER
1790,1,FINGER
1791,1,FINGER
1792,1,FINGER
1793,1,FINGER
1794,1,FINGER
1795,1,FINGER
1796,1,FINGER
1797,1,FINGER
1798,1,FINGER
1799,1,FINGER
1800,1,FINGER
1801,1,FINGER
1802,1,FINGER
1803,1,FINGER
1804,1,FINGER
1805,1,FINGER
1806,1,FINGER
1807,1,FINGER
1808,1,FINGER
1809,1,FINGER
1810,1,FINGER
1811,1,FINGER
1812,1,FINGER
1813,1,FINGER
1814,1,FINGER
1815,1,FINGER
1816,1,FINGER
1817,1,FINGER
1818,1,FINGER
1819,1,FINGER
1820,1,FINGER
1821,1,FINGER
1822,1,FINGER
1823,1,FINGER
1824,1,FINGER
1825,1,FINGER
1826,1,FINGER
1827,1,FINGER
1828,1,FINGER
1829,1,FINGER
1830,1,FINGER
1831,1,FINGER
1832,1,FINGER
1833,1,FINGER
1834,1,FINGER
1835,1,FINGER
1836,1,FINGER
1837,1,FINGER
1838,1,FINGER
1839,1,FINGER
1840,1,FINGER
1841,1,FINGER
1842,1,FINGER
1843,1,FINGER
1844,1,FINGER
1845,1,FINGER
1846,1,FINGER
1847,1,FINGER
1848,1,FINGER
1849,1,FINGER
1850,1,FINGER
1851,1,FINGER
1852,1,FINGER
1853,1,FINGER
1854,1,FINGER
1855,1,FINGER
1856,1,FINGER
1857,1,FINGER
1858,1,FINGER
1859,1,FINGER
1860,1,FINGER
1861,1,FINGER
1862,1,FINGER
1863,1,FINGER
1864,1,FINGER
1865,1,FINGER
1866,1,FINGER
1867,1,FINGER
1868,1,FINGER
1869,1,FINGER
1870,1,FINGER
1871,1,FINGER
1872,1,FINGER
1873,1,FINGER
1874,1,FINGER
1875,1,FINGER
1876,1,FINGER
1877,1,FINGER
1878,1,FINGER
1879,1,FINGER
1880,1,FINGER
1881,1,FINGER
1882,1,FINGER
1883,1,FINGER
1884,1,FINGER
1885,1,FINGER
1886,0,
1887,0,
1888,0,
1889,0,
1890,0,
1891,0,
1892,0,
1893,0,
1894,0,
1895,0,
1896,0,
1897,0,
1898,0,
1899,0,
1900,0,
