FrameNumber,NumberOfTracks,TrackType
307,1,UNCERTAIN
308,1,UNCERTAIN
309,1,PALM
310,1,PALM
311,1,PALM
312,1,PALM
313,1,PALM
314,1,PALM
315,1,PALM
316,1,PALM
317,1,PALM
318,1,PALM
319,1,PALM
320,1,PALM
321,1,PALM
322,1,PALM
323,1,PALM
324,1,PALM
325,1,PALM
326,1,PALM
327,1,PALM
328,1,PALM
329,1,PALM
330,1,PALM
331,1,PALM
332,1,PALM
333,1,PALM
334,1,PALM
335,1,PALM
336,1,PALM
337,1,PALM
338,1,PALM
339,1,PALM
340,1,PALM
341,1,PALM
342,1,PALM
343,0,
344,0,
345,0,
346,0,
347,0,
348,0,
349,0,
350,0,
351,0,
352,0,
353,0,
354,0,
355,0,
356,0,
357,0,
477,1,UNCERTAIN
478,1,UNCERTAIN
479,1,UNCERTAIN
480,1,UNCERTAIN
481,1,UNCERTAIN
482,1,UNCERTAIN
483,1,UNCERTAIN
484,1,UNCERTAIN
485,1,UNCERTAIN
486,1,UNCERTAIN
487,1,UNCERTAIN
488,1,UNCERTAIN
489,1,PALM
490,1,PALM
491,1,PALM
492,1,PALM
493,1,PALM
494,1,PALM
495,1,PALM
496,1,PALM
497,1,PALM
498,1,PALM
499,1,PALM
500,1,PALM
501,1,PALM
502,1,PALM
503,1,PALM
504,1,PALM
505,1,PALM
506,1,PALM
507,1,PALM
508,1,PALM
509,1,PALM
510,1,PALM
511,1,PALM
512,0,
513,0,
514,0,
515,0,
516,0,
517,0,
518,0,
519,0,
520,0,
521,0,
522,0,
523,0,
524,0,
525,0,
563,1,UNCERTAIN
564,1,UNCERTAIN
565,1,UNCERTAIN
566,1,PALM
567,1,PALM
568,1,PALM
569,1,PALM
570,1,PALM
571,1,PALM
572,1,PALM
573,1,PALM
574,1,PALM
575,1,PALM
576,1,PALM
577,1,PALM
578,1,PALM
579,1,PALM
580,1,PALM
581,1,PALM
582,1,PALM
583,1,PALM
584,1,PALM
585,1,PALM
586,1,PALM
587,1,PALM
588,1,PALM
589,1,PALM
590,1,PALM
591,1,PALM
592,1,PALM
593,1,PALM
594,1,PALM
595,1,PALM
596,1,PALM
597,1,PALM
598,1,PALM
599,1,PALM
600,1,PALM
601,1,PALM
602,1,PALM
603,1,PALM
604,0,
605,0,
606,0,
607,0,
608,0,
609,0,
610,0,
611,0,
612,0,
613,0,
614,0,
615,0,
616,0,
617,0,
674,1,UNCERTAIN
675,1,UNCERTAIN
676,1,UNCERTAIN
677,1,UNCERTAIN
678,1,UNCERTAIN
679,1,UNCERTAIN
680,1,UNCERTAIN
681,1,UNCERTAIN
682,1,UNCERTAIN
683,1,UNCERTAIN
684,1,UNCERTAIN
685,1,UNCERTAIN
686,1,UNCERTAIN
687,1,UNCERTAIN
688,1,UNCERTAIN
689,1,UNCERTAIN
690,1,UNCERTAIN
691,1,UNCERTAIN
692,1,UNCERTAIN
693,1,UNCERTAIN
694,1,UNCERTAIN
695,1,UNCERTAIN
696,1,UNCERTAIN
697,1,PALM
698,1,PALM
699,1,PALM
700,1,PALM
701,1,PALM
702,1,PALM
703,1,PALM
704,1,PALM
705,1,PALM
706,1,PALM
707,1,PALM
708,1,PALM
709,1,PALM
710,0,
711,0,
712,0,
713,0,
714,0,
715,0,
716,0,
717,0,
718,0,
719,0,
720,0,
721,0,
722,0,
723,0,
797,1,UNCERTAIN
798,1,UNCERTAIN
799,1,UNCERTAIN
800,1,UNCERTAIN
801,1,PALM
802,1,PALM
803,1,PALM
804,1,PALM
805,1,PALM
806,1,PALM
807,1,PALM
808,1,PALM
809,1,PALM
810,1,PALM
811,1,PALM
812,1,PALM
813,1,PALM
814,1,PALM
815,1,PALM
816,1,PALM
817,1,PALM
818,1,PALM
819,1,PALM
820,1,PALM
821,1,PALM
822,1,PALM
823,1,PALM
824,1,PALM
825,1,PALM
826,1,PALM
827,1,PALM
828,1,PALM
829,1,PALM
830,1,PALM
831,1,PALM
832,1,PALM
833,1,PALM
834,1,PALM
835,1,PALM
836,1,PALM
837,1,PALM
838,1,PALM
839,1,PALM
840,0,
841,0,
842,0,
843,0,
844,0,
845,0,
846,0,
847,0,
848,0,
849,0,
850,0,
851,0,
852,0,
853,0,
952,1,FINGER
953,1,FINGER
954,1,FINGER
955,1,FINGER
956,1,FINGER
957,1,PALM
958,2,PALM
958,2,FINGER
959,2,PALM
959,2,PALM_BY_PROXIMITY
960,2,PALM
960,2,PALM_BY_PROXIMITY
961,2,PALM
961,2,PALM_BY_PROXIMITY
962,2,PALM
962,2,PALM_BY_PROXIMITY
963,2,PALM
963,2,PALM_BY_PROXIMITY
964,2,PALM
964,2,PALM_BY_PROXIMITY
965,2,PALM
965,2,PALM_BY_PROXIMITY
966,2,PALM
966,2,PALM_BY_PROXIMITY
967,2,PALM
967,2,PALM_BY_PROXIMITY
968,2,PALM
968,2,PALM_BY_PROXIMITY
969,2,PALM
969,2,PALM_BY_PROXIMITY
970,2,PALM
970,2,PALM_BY_PROXIMITY
971,2,PALM
971,2,PALM_BY_PROXIMITY
972,2,PALM
972,2,PALM_BY_PROXIMITY
973,2,PALM
973,2,PALM_BY_PROXIMITY
974,2,PALM
974,2,PALM_BY_PROXIMITY
975,2,PALM
975,2,PALM_BY_PROXIMITY
976,2,PALM
976,2,PALM_BY_PROXIMITY
977,2,PALM
977,2,PALM_BY_PROXIMITY
978,2,PALM
978,2,PALM_BY_PROXIMITY
979,2,PALM
979,2,PALM_BY_PROXIMITY
980,2,PALM
980,2,PALM_BY_PROXIMITY
981,2,PALM
981,2,PALM_BY_PROXIMITY
982,2,PALM
982,2,UNCERTAIN
983,2,PALM
983,2,UNCERTAIN
984,1,PALM
985,1,PALM
986,1,PALM
987,1,PALM
988,0,
989,0,
990,0,
991,0,
992,0,
993,0,
994,0,
995,0,
996,0,
997,0,
998,0,
999,0,
1000,0,
1001,0,
1058,1,UNCERTAIN
1059,2,UNCERTAIN
1059,2,UNCERTAIN
1060,2,UNCERTAIN
1060,2,UNCERTAIN
1061,2,UNCERTAIN
1061,2,UNCERTAIN
1062,1,PALM
1063,1,PALM
1064,1,PALM
1065,1,PALM
1066,1,PALM
1067,1,PALM
1068,1,PALM
1069,1,PALM
1070,1,PALM
1071,1,PALM
1072,1,PALM
1073,1,PALM
1074,1,PALM
1075,1,PALM
1076,1,PALM
1077,1,PALM
1078,1,PALM
1079,1,PALM
1080,1,PALM
1081,1,PALM
1082,1,PALM
1083,1,PALM
1084,1,PALM
1085,1,PALM
1086,1,PALM
1087,1,PALM
1088,1,PALM
1089,1,PALM
1090,1,PALM
1091,1,PALM
1092,2,UNCERTAIN
1092,2,PALM
1093,2,PALM_BY_PROXIMITY
1093,2,PALM
1094,2,PALM
1094,2,PALM
1095,1,PALM
1096,0,
1097,0,
1098,0,
1099,0,
1100,0,
1101,0,
1102,0,
1103,0,
1104,0,
1105,0,
1106,0,
1107,0,
1108,0,
1109,0,
1170,1,UNCERTAIN
1171,2,UNCERTAIN
1171,2,UNCERTAIN
1172,1,PALM
1173,1,PALM
1174,1,PALM
1175,1,PALM
1176,1,PALM
1177,1,PALM
1178,1,PALM
1179,1,PALM
1180,1,PALM
1181,1,PALM
1182,1,PALM
1183,1,PALM
1184,1,PALM
1185,1,PALM
1186,1,PALM
1187,1,PALM
1188,1,PALM
1189,1,PALM
1190,1,PALM
1191,1,PALM
1192,1,PALM
1193,1,PALM
1194,1,PALM
1195,1,PALM
1196,1,PALM
1197,1,PALM
1198,1,PALM
1199,1,PALM
1200,1,PALM
1201,1,PALM
1202,1,PALM
1203,1,PALM
1204,1,PALM
1205,1,PALM
1206,1,PALM
1207,1,PALM
1208,1,PALM
1209,1,PALM
1210,1,PALM
1211,1,PALM
1212,1,PALM
1213,1,PALM
1214,2,PALM
1214,2,PALM
1215,2,PALM
1215,2,PALM
1216,2,PALM
1216,2,PALM
1217,0,
1218,0,
1219,0,
1220,0,
1221,0,
1222,0,
1223,0,
1224,0,
1225,0,
1226,0,
1227,0,
1228,0,
1229,0,
1230,0,
1231,0,
1284,1,UNCERTAIN
1285,1,UNCERTAIN
1286,1,UNCERTAIN
1287,2,PALM
1287,2,FINGER
1288,1,PALM
1289,1,PALM
1290,1,PALM
1291,1,PALM
1292,1,PALM
1293,1,PALM
1294,1,PALM
1295,1,PALM
1296,1,PALM
1297,1,PALM
1298,1,PALM
1299,1,PALM
1300,1,PALM
1301,1,PALM
1302,1,PALM
1303,1,PALM
1304,1,PALM
1305,1,PALM
1306,1,PALM
1307,1,PALM
1308,1,PALM
1309,1,PALM
1310,1,PALM
1311,1,PALM
1312,1,PALM
1313,1,PALM
1314,1,PALM
1315,1,PALM
1316,1,PALM
1317,1,PALM
1318,1,PALM
1319,1,PALM
1320,1,PALM
1321,1,PALM
1322,1,PALM
1323,1,PALM
1324,1,PALM
1325,2,PALM
1325,2,UNCERTAIN
1326,2,PALM
1326,2,PALM_BY_PROXIMITY
1327,2,PALM
1327,2,PALM_BY_PROXIMITY
1328,1,PALM
1329,1,PALM
1330,1,PALM
1331,1,PALM
1332,0,
1333,0,
1334,0,
1335,0,
1336,0,
1337,0,
1338,0,
1339,0,
1340,0,
1341,0,
1342,0,
1343,0,
1344,0,
1345,0,
1622,1,UNCERTAIN
1623,1,UNCERTAIN
1624,1,UNCERTAIN
1625,1,UNCERTAIN
1626,1,PALM
1627,1,PALM
1628,1,PALM
1629,1,PALM
1630,1,PALM
1631,1,PALM
1632,1,PALM
1633,1,PALM
1634,1,PALM
1635,1,PALM
1636,1,PALM
1637,1,PALM
1638,1,PALM
1639,1,PALM
1640,1,PALM
1641,1,PALM
1642,1,PALM
1643,1,PALM
1644,1,PALM
1645,1,PALM
1646,1,PALM
1647,1,PALM
1648,1,PALM
1649,1,PALM
1650,1,PALM
1651,1,PALM
1652,1,PALM
1653,1,PALM
1654,1,PALM
1655,1,PALM
1656,1,PALM
1657,1,PALM
1658,1,PALM
1659,1,PALM
1660,1,PALM
1661,1,PALM
1662,0,
1663,0,
1664,0,
1665,0,
1666,0,
1667,0,
1668,0,
1669,0,
1670,0,
1671,0,
1672,0,
1673,0,
1674,0,
1675,0,
1676,0,
1901,1,UNCERTAIN
1902,1,BUNCH
1903,1,BUNCH
1904,1,BUNCH
1905,1,BUNCH
1906,1,BUNCH
1907,1,BUNCH
1908,1,BUNCH
1909,1,BUNCH
1910,1,BUNCH
1911,1,BUNCH
1912,1,BUNCH
1913,2,BUNCH
1913,2,FINGER
1914,2,BUNCH
1914,2,FINGER
1915,2,BUNCH
1915,2,FINGER
1916,2,BUNCH
1916,2,FINGER
1917,2,BUNCH
1917,2,FINGER
1918,2,BUNCH
1918,2,FINGER
1919,2,BUNCH
1919,2,FINGER
1920,2,BUNCH
1920,2,FINGER
1921,1,PALM
1922,1,PALM
1923,1,PALM
1924,1,PALM
1925,1,PALM
1926,1,PALM
1927,1,PALM
1928,1,PALM
1929,1,PALM
1930,1,PALM
1931,1,PALM
1932,1,PALM
1933,1,PALM
1934,1,PALM
1935,1,PALM
1936,1,PALM
1937,1,PALM
1938,1,PALM
1939,1,PALM
1940,1,PALM
1941,1,PALM
1942,1,PALM
1943,1,PALM
1944,1,PALM
1945,1,PALM
1946,1,PALM
1947,1,PALM
1948,1,PALM
1949,2,UNCERTAIN
1949,2,PALM
1950,2,PALM_BY_PROXIMITY
1950,2,PALM
1951,2,PALM_BY_PROXIMITY
1951,2,PALM
1952,2,PALM_BY_PROXIMITY
1952,2,PALM
1953,1,PALM_BY_PROXIMITY
1954,0,
1955,0,
1956,0,
1957,0,
1958,0,
1959,0,
1960,0,
1961,0,
1962,0,
1963,0,
1964,0,
1965,0,
1966,0,
1967,0,
2035,1,UNCERTAIN
2036,1,UNCERTAIN
2037,1,PALM
2038,1,PALM
2039,1,PALM
2040,1,PALM
2041,1,PALM
2042,1,PALM
2043,1,PALM
2044,1,PALM
2045,1,PALM
2046,1,PALM
2047,1,PALM
2048,1,PALM
2049,1,PALM
2050,1,PALM
2051,1,PALM
2052,1,PALM
2053,1,PALM
2054,1,PALM
2055,1,PALM
2056,1,PALM
2057,1,PALM
2058,1,PALM
2059,1,PALM
2060,1,PALM
2061,1,PALM
2062,1,PALM
2063,1,PALM
2064,1,PALM
2065,1,PALM
2066,1,PALM
2067,1,PALM
2068,1,PALM
2069,1,PALM
2070,1,PALM
2071,1,PALM
2072,1,PALM
2073,1,PALM
2074,1,PALM
2075,1,PALM
2076,1,PALM
2077,1,PALM
2078,1,PALM
2079,0,
2080,0,
2081,0,
2082,0,
2083,0,
2084,0,
2085,0,
2086,0,
2087,0,
2088,0,
2089,0,
2090,0,
2091,0,
2092,0,
2093,0,
2146,1,UNCERTAIN
2147,1,UNCERTAIN
2148,1,PALM
2149,1,PALM
2150,1,PALM
2151,1,PALM
2152,1,PALM
2153,1,PALM
2154,1,PALM
2155,1,PALM
2156,1,PALM
2157,1,PALM
2158,1,PALM
2159,1,PALM
2160,1,PALM
2161,1,PALM
2162,1,PALM
2163,1,PALM
2164,1,PALM
2165,1,PALM
2166,1,PALM
2167,1,PALM
2168,1,PALM
2169,1,PALM
2170,1,PALM
2171,1,PALM
2172,1,PALM
2173,1,PALM
2174,1,PALM
2175,1,PALM
2176,1,PALM
2177,1,PALM
2178,1,PALM
2179,1,PALM
2180,1,PALM
2181,1,PALM
2182,1,PALM
2183,1,PALM
2184,1,PALM
2185,1,PALM
2186,1,PALM
2187,1,PALM
2188,1,PALM
2189,0,
2190,0,
2191,0,
2192,0,
2193,0,
2194,0,
2195,0,
2196,0,
2197,0,
2198,0,
2199,0,
2200,0,
2201,0,
2202,0,
2203,0,
2266,1,UNCERTAIN
2267,1,PALM
2268,1,PALM
2269,1,PALM
2270,1,PALM
2271,1,PALM
2272,1,PALM
2273,1,PALM
2274,1,PALM
2275,1,PALM
2276,1,PALM
2277,1,PALM
2278,1,PALM
2279,1,PALM
2280,1,PALM
2281,1,PALM
2282,1,PALM
2283,1,PALM
2284,1,PALM
2285,1,PALM
2286,1,PALM
2287,1,PALM
2288,1,PALM
2289,1,PALM
2290,1,PALM
2291,1,PALM
2292,1,PALM
2293,1,PALM
2294,1,PALM
2295,1,PALM
2296,1,PALM
2297,1,PALM
2298,1,PALM
2299,1,PALM
2300,1,PALM
2301,1,PALM
2302,1,PALM
2303,1,PALM
2304,1,PALM
2305,1,PALM
2306,1,PALM
2307,1,PALM
2308,1,PALM
2309,1,PALM
2310,1,PALM
2311,0,
2312,0,
2313,0,
2314,0,
2315,0,
2316,0,
2317,0,
2318,0,
2319,0,
2320,0,
2321,0,
2322,0,
2323,0,
2324,0,
2325,0,
2367,1,UNCERTAIN
2368,1,PALM
2369,1,PALM
2370,1,PALM
2371,1,PALM
2372,1,PALM
2373,1,PALM
2374,1,PALM
2375,1,PALM
2376,1,PALM
2377,1,PALM
2378,1,PALM
2379,1,PALM
2380,1,PALM
2381,1,PALM
2382,1,PALM
2383,1,PALM
2384,1,PALM
2385,1,PALM
2386,1,PALM
2387,1,PALM
2388,1,PALM
2389,1,PALM
2390,1,PALM
2391,1,PALM
2392,1,PALM
2393,1,PALM
2394,1,PALM
2395,1,PALM
2396,1,PALM
2397,1,PALM
2398,1,PALM
2399,1,PALM
2400,1,PALM
2401,1,PALM
2402,1,PALM
2403,1,PALM
2404,1,PALM
2405,1,PALM
2406,1,PALM
2407,1,PALM
2408,1,PALM
2409,1,PALM
2410,1,PALM
2411,1,PALM
2412,1,PALM
2413,1,PALM
2414,1,PALM
2415,1,PALM
2416,1,PALM
2417,1,PALM
2418,0,
2419,0,
2420,0,
2421,0,
2422,0,
2423,0,
2424,0,
2425,0,
2426,0,
2427,0,
2428,0,
2429,0,
2430,0,
2431,0,
2432,0,
2491,1,UNCERTAIN
2492,1,PALM
2493,1,PALM
2494,1,PALM
2495,1,PALM
2496,1,PALM
2497,2,PALM
2497,2,UNCERTAIN
2498,1,PALM
2499,1,PALM
2500,1,PALM
2501,1,PALM
2502,1,PALM
2503,1,PALM
2504,1,PALM
2505,1,PALM
2506,1,PALM
2507,1,PALM
2508,1,PALM
2509,1,PALM
2510,1,PALM
2511,1,PALM
2512,1,PALM
2513,1,PALM
2514,1,PALM
2515,1,PALM
2516,1,PALM
2517,1,PALM
2518,1,PALM
2519,1,PALM
2520,1,PALM
2521,1,PALM
2522,1,PALM
2523,1,PALM
2524,1,PALM
2525,2,PALM
2525,2,UNCERTAIN
2526,2,PALM
2526,2,PALM_BY_PROXIMITY
2527,1,PALM
2528,1,PALM
2529,1,PALM
2530,1,PALM
2531,1,PALM
2532,1,PALM
2533,1,PALM
2534,1,PALM
2535,1,PALM
2536,1,PALM
2537,1,PALM
2538,0,
2539,0,
2540,0,
2541,0,
2542,0,
2543,0,
2544,0,
2545,0,
2546,0,
2547,0,
2548,0,
2549,0,
2550,0,
2551,0,
2552,0,
2585,1,UNCERTAIN
2586,1,UNCERTAIN
2587,1,UNCERTAIN
2588,1,UNCERTAIN
2589,1,UNCERTAIN
2590,1,UNCERTAIN
2591,1,UNCERTAIN
2592,2,UNCERTAIN
2592,2,FINGER
2593,2,UNCERTAIN
2593,2,FINGER
2594,2,UNCERTAIN
2594,2,FINGER
2595,2,UNCERTAIN
2595,2,FINGER
2596,2,UNCERTAIN
2596,2,FINGER
2597,2,UNCERTAIN
2597,2,FINGER
2598,2,UNCERTAIN
2598,2,FINGER
2599,2,UNCERTAIN
2599,2,FINGER
2600,2,UNCERTAIN
2600,2,FINGER
2601,2,UNCERTAIN
2601,2,FINGER
2602,2,UNCERTAIN
2602,2,FINGER
2603,2,UNCERTAIN
2603,2,FINGER
2604,2,PALM
2604,2,FINGER
2605,1,PALM
2606,1,PALM
2607,1,PALM
2608,1,PALM
2609,1,PALM
2610,1,PALM
2611,1,PALM
2612,1,PALM
2613,1,PALM
2614,1,PALM
2615,1,PALM
2616,1,PALM
2617,1,PALM
2618,1,PALM
2619,1,PALM
2620,1,PALM
2621,1,PALM
2622,1,PALM
2623,1,PALM
2624,1,PALM
2625,1,PALM
2626,1,PALM
2627,1,PALM
2628,1,PALM
2629,1,PALM
2630,1,PALM
2631,1,PALM
2632,1,PALM
2633,1,PALM
2634,1,PALM
2635,1,PALM
2636,1,PALM
2637,1,PALM
2638,1,PALM
2639,1,PALM
2640,1,PALM
2641,1,PALM
2642,1,PALM
2643,1,PALM
2644,2,PALM
2644,2,PALM
2645,2,PALM
2645,2,PALM
2646,2,PALM
2646,2,PALM
2647,1,PALM
2648,0,
2649,0,
2650,0,
2651,0,
2652,0,
2653,0,
2654,0,
2655,0,
2656,0,
2657,0,
2658,0,
2659,0,
2660,0,
2661,0,
2662,0,
2742,1,UNCERTAIN
2743,1,PALM
2744,2,PALM
2744,2,UNCERTAIN
2745,2,PALM
2745,2,PALM_BY_PROXIMITY
2746,1,PALM
2747,1,PALM
2748,1,PALM
2749,1,PALM
2750,1,PALM
2751,1,PALM
2752,1,PALM
2753,1,PALM
2754,1,PALM
2755,1,PALM
2756,1,PALM
2757,1,PALM
2758,1,PALM
2759,1,PALM
2760,1,PALM
2761,1,PALM
2762,1,PALM
2763,1,PALM
2764,1,PALM
2765,1,PALM
2766,1,PALM
2767,1,PALM
2768,1,PALM
2769,1,PALM
2770,1,PALM
2771,1,PALM
2772,1,PALM
2773,1,PALM
2774,1,PALM
2775,1,PALM
2776,1,PALM
2777,1,PALM
2778,1,PALM
2779,1,PALM
2780,1,PALM
2781,2,PALM
2781,2,UNCERTAIN
2782,2,PALM
2782,2,PALM_BY_PROXIMITY
2783,2,PALM
2783,2,PALM_BY_PROXIMITY
2784,1,PALM
2785,0,
2786,0,
2787,0,
2788,0,
2789,0,
2790,0,
2791,0,
2792,0,
2793,0,
2794,0,
2795,0,
2796,0,
2797,0,
2798,0,
2799,0,
2849,1,PALM
2850,1,PALM
2851,2,PALM
2851,2,UNCERTAIN
2852,1,PALM
2853,1,PALM
2854,1,PALM
2855,1,PALM
2856,1,PALM
2857,1,PALM
2858,1,PALM
2859,1,PALM
2860,1,PALM
2861,1,PALM
2862,1,PALM
2863,1,PALM
2864,1,PALM
2865,1,PALM
2866,1,PALM
2867,1,PALM
2868,1,PALM
2869,1,PALM
2870,1,PALM
2871,1,PALM
2872,1,PALM
2873,1,PALM
2874,1,PALM
2875,1,PALM
2876,1,PALM
2877,1,PALM
2878,1,PALM
2879,1,PALM
2880,1,PALM
2881,1,PALM
2882,1,PALM
2883,1,PALM
2884,1,PALM
2885,1,PALM
2886,1,PALM
2887,1,PALM
2888,1,PALM
2889,1,PALM
2890,1,PALM
2891,1,PALM
2892,1,PALM
2893,1,PALM
2894,1,PALM
2895,2,PALM
2895,2,UNCERTAIN
2896,2,PALM
2896,2,PALM_BY_PROXIMITY
2897,1,PALM
2898,1,PALM
2899,1,PALM
2900,0,
2901,0,
2902,0,
2903,0,
2904,0,
2905,0,
2906,0,
2907,0,
2908,0,
2909,0,
2910,0,
2911,0,
2912,0,
2913,0,
2914,0,
2967,1,PALM
2968,1,PALM
2969,2,PALM
2969,2,UNCERTAIN
2970,1,PALM
2971,1,PALM
2972,1,PALM
2973,1,PALM
2974,1,PALM
2975,1,PALM
2976,1,PALM
2977,1,PALM
2978,1,PALM
2979,1,PALM
2980,1,PALM
2981,1,PALM
2982,1,PALM
2983,1,PALM
2984,1,PALM
2985,1,PALM
2986,1,PALM
2987,1,PALM
2988,1,PALM
2989,1,PALM
2990,1,PALM
2991,1,PALM
2992,1,PALM
2993,1,PALM
2994,1,PALM
2995,1,PALM
2996,1,PALM
2997,1,PALM
2998,1,PALM
2999,1,PALM
3000,1,PALM
3001,2,PALM
3001,2,PALM
3002,2,PALM
3002,2,PALM
3003,1,PALM
3004,0,
3005,0,
3006,0,
3007,0,
3008,0,
3009,0,
3010,0,
3011,0,
3012,0,
3013,0,
3014,0,
3015,0,
3016,0,
3017,0,
