FrameNumber,NumberOfTracks,TrackType
173,1,UNCERTAIN
174,1,UNCERTAIN
175,1,PALM
176,1,PALM
177,1,PALM
178,1,PALM
179,1,PALM
180,1,PALM
181,1,PALM
182,1,PALM
183,1,PALM
184,1,PALM
185,1,PALM
186,1,PALM
187,1,PALM
188,1,PALM
189,1,PALM
190,1,PALM
191,1,PALM
192,1,PALM
193,2,PALM
193,2,FINGER
194,2,PALM
194,2,PALM_BY_PROXIMITY
195,2,PALM
195,2,PALM_BY_PROXIMITY
196,2,PALM
196,2,PALM_BY_PROXIMITY
197,2,PALM
197,2,PALM_BY_PROXIMITY
198,2,PALM
198,2,PALM_BY_PROXIMITY
199,2,PALM
199,2,PALM_BY_PROXIMITY
200,2,PALM
200,2,PALM_BY_PROXIMITY
201,2,PALM
201,2,PALM_BY_PROXIMITY
202,2,PALM
202,2,PALM_BY_PROXIMITY
203,2,PALM
203,2,PALM_BY_PROXIMITY
204,2,PALM
204,2,PALM_BY_PROXIMITY
205,2,PALM
205,2,PALM_BY_PROXIMITY
206,2,PALM
206,2,PALM_BY_PROXIMITY
207,2,PALM
207,2,PALM_BY_PROXIMITY
208,2,PALM
208,2,PALM_BY_PROXIMITY
209,2,PALM
209,2,PALM_BY_PROXIMITY
210,2,PALM
210,2,PALM_BY_PROXIMITY
211,2,PALM
211,2,PALM_BY_PROXIMITY
212,2,PALM
212,2,PALM_BY_PROXIMITY
213,2,PALM
213,2,PALM_BY_PROXIMITY
214,2,PALM
214,2,PALM_BY_PROXIMITY
215,2,PALM
215,2,PALM_BY_PROXIMITY
216,2,PALM
216,2,PALM_BY_PROXIMITY
217,2,PALM
217,2,UNCERTAIN
218,2,PALM
218,2,UNCERTAIN
219,2,PALM
219,2,PALM_BY_PROXIMITY
220,2,PALM
220,2,PALM_BY_PROXIMITY
221,2,PALM
221,2,PALM_BY_PROXIMITY
222,2,PALM
222,2,PALM_BY_PROXIMITY
223,2,PALM
223,2,PALM_BY_PROXIMITY
224,2,PALM
224,2,PALM_BY_PROXIMITY
225,2,PALM
225,2,PALM_BY_PROXIMITY
226,2,PALM
226,2,PALM_BY_PROXIMITY
227,2,PALM
227,2,PALM_BY_PROXIMITY
228,2,PALM
228,2,PALM_BY_PROXIMITY
229,2,PALM
229,2,PALM_BY_PROXIMITY
230,2,PALM
230,2,PALM_BY_PROXIMITY
231,2,PALM
231,2,PALM_BY_PROXIMITY
232,2,PALM
232,2,PALM_BY_PROXIMITY
233,2,PALM
233,2,PALM_BY_PROXIMITY
234,2,PALM
234,2,PALM_BY_PROXIMITY
235,2,PALM
235,2,PALM_BY_PROXIMITY
236,2,PALM
236,2,PALM_BY_PROXIMITY
237,2,PALM
237,2,PALM_BY_PROXIMITY
238,2,PALM
238,2,PALM_BY_PROXIMITY
239,2,PALM
239,2,PALM_BY_PROXIMITY
240,2,PALM
240,2,PALM_BY_PROXIMITY
241,2,PALM
241,2,PALM_BY_PROXIMITY
242,2,PALM
242,2,UNCERTAIN
243,2,PALM
243,2,UNCERTAIN
244,2,PALM
244,2,PALM_BY_PROXIMITY
245,2,PALM
245,2,PALM_BY_PROXIMITY
246,2,PALM
246,2,PALM_BY_PROXIMITY
247,2,PALM
247,2,PALM_BY_PROXIMITY
248,2,PALM
248,2,PALM_BY_PROXIMITY
249,2,PALM
249,2,PALM_BY_PROXIMITY
250,2,PALM
250,2,PALM_BY_PROXIMITY
251,2,PALM
251,2,PALM_BY_PROXIMITY
252,2,PALM
252,2,PALM_BY_PROXIMITY
253,2,PALM
253,2,PALM_BY_PROXIMITY
254,2,PALM
254,2,PALM_BY_PROXIMITY
255,2,PALM
255,2,PALM_BY_PROXIMITY
256,2,PALM
256,2,PALM_BY_PROXIMITY
257,2,PALM
257,2,PALM_BY_PROXIMITY
258,2,PALM
258,2,PALM_BY_PROXIMITY
259,2,PALM
259,2,PALM_BY_PROXIMITY
260,2,PALM
260,2,PALM_BY_PROXIMITY
261,2,PALM
261,2,PALM_BY_PROXIMITY
262,2,PALM
262,2,PALM_BY_PROXIMITY
263,2,PALM
263,2,PALM_BY_PROXIMITY
264,2,PALM
264,2,PALM_BY_PROXIMITY
265,2,PALM
265,2,PALM_BY_PROXIMITY
266,2,PALM
266,2,PALM_BY_PROXIMITY
267,2,PALM
267,2,UNCERTAIN
268,2,PALM
268,2,UNCERTAIN
269,2,PALM
269,2,PALM_BY_PROXIMITY
270,2,PALM
270,2,PALM_BY_PROXIMITY
271,2,PALM
271,2,PALM_BY_PROXIMITY
272,2,PALM
272,2,PALM_BY_PROXIMITY
273,2,PALM
273,2,PALM_BY_PROXIMITY
274,2,PALM
274,2,PALM_BY_PROXIMITY
275,2,PALM
275,2,PALM_BY_PROXIMITY
276,2,PALM
276,2,PALM_BY_PROXIMITY
277,2,PALM
277,2,PALM_BY_PROXIMITY
278,2,PALM
278,2,PALM_BY_PROXIMITY
279,2,PALM
279,2,PALM_BY_PROXIMITY
280,2,PALM
280,2,PALM_BY_PROXIMITY
281,2,PALM
281,2,PALM_BY_PROXIMITY
282,2,PALM
282,2,PALM_BY_PROXIMITY
283,2,PALM
283,2,PALM_BY_PROXIMITY
284,2,PALM
284,2,PALM_BY_PROXIMITY
285,2,PALM
285,2,PALM_BY_PROXIMITY
286,2,PALM
286,2,PALM_BY_PROXIMITY
287,2,PALM
287,2,PALM_BY_PROXIMITY
288,2,PALM
288,2,PALM_BY_PROXIMITY
289,2,PALM
289,2,PALM_BY_PROXIMITY
290,2,PALM
290,2,PALM_BY_PROXIMITY
291,2,PALM
291,2,PALM_BY_PROXIMITY
292,2,PALM
292,2,UNCERTAIN
293,2,PALM
293,2,UNCERTAIN
294,2,PALM
294,2,UNCERTAIN
295,2,PALM
295,2,UNCERTAIN
296,2,PALM
296,2,UNCERTAIN
297,2,PALM
297,2,UNCERTAIN
298,2,PALM
298,2,UNCERTAIN
299,2,PALM
299,2,UNCERTAIN
300,2,PALM
300,2,UNCERTAIN
301,2,PALM
301,2,UNCERTAIN
302,2,PALM
302,2,PALM
303,2,PALM
303,2,PALM
304,2,PALM
304,2,PALM
305,2,PALM
305,2,PALM
306,2,PALM
306,2,PALM
307,2,PALM
307,2,PALM
308,2,PALM
308,2,PALM
309,2,PALM
309,2,PALM
310,1,PALM
311,1,PALM
312,1,PALM
313,1,PALM
314,1,PALM
315,1,PALM
316,1,PALM
317,0,
318,0,
319,0,
320,0,
321,0,
322,0,
323,0,
324,0,
325,0,
326,0,
327,0,
328,0,
329,0,
330,0,
590,1,UNCERTAIN
591,1,UNCERTAIN
592,1,PALM
593,1,PALM
594,1,PALM
595,2,PALM
595,2,FINGER
596,1,PALM
597,2,PALM
597,2,FINGER
598,2,PALM
598,2,PALM_BY_PROXIMITY
599,2,PALM
599,2,PALM_BY_PROXIMITY
600,2,PALM
600,2,PALM_BY_PROXIMITY
601,2,PALM
601,2,PALM_BY_PROXIMITY
602,2,PALM
602,2,PALM_BY_PROXIMITY
603,2,PALM
603,2,PALM_BY_PROXIMITY
604,2,PALM
604,2,PALM_BY_PROXIMITY
605,2,PALM
605,2,PALM_BY_PROXIMITY
606,2,PALM
606,2,PALM_BY_PROXIMITY
607,2,PALM
607,2,PALM_BY_PROXIMITY
608,2,PALM
608,2,PALM_BY_PROXIMITY
609,2,PALM
609,2,PALM_BY_PROXIMITY
610,2,PALM
610,2,PALM_BY_PROXIMITY
611,2,PALM
611,2,PALM_BY_PROXIMITY
612,2,PALM
612,2,PALM_BY_PROXIMITY
613,2,PALM
613,2,PALM_BY_PROXIMITY
614,2,PALM
614,2,PALM_BY_PROXIMITY
615,2,PALM
615,2,PALM_BY_PROXIMITY
616,2,PALM
616,2,PALM_BY_PROXIMITY
617,2,PALM
617,2,PALM_BY_PROXIMITY
618,2,PALM
618,2,PALM_BY_PROXIMITY
619,2,PALM
619,2,PALM_BY_PROXIMITY
620,2,PALM
620,2,PALM_BY_PROXIMITY
621,2,PALM
621,2,UNCERTAIN
622,2,PALM
622,2,UNCERTAIN
623,2,PALM
623,2,PALM_BY_PROXIMITY
624,2,PALM
624,2,PALM_BY_PROXIMITY
625,2,PALM
625,2,PALM_BY_PROXIMITY
626,2,PALM
626,2,PALM_BY_PROXIMITY
627,2,PALM
627,2,PALM_BY_PROXIMITY
628,2,PALM
628,2,PALM_BY_PROXIMITY
629,2,PALM
629,2,PALM_BY_PROXIMITY
630,2,PALM
630,2,PALM_BY_PROXIMITY
631,2,PALM
631,2,PALM_BY_PROXIMITY
632,2,PALM
632,2,PALM_BY_PROXIMITY
633,2,PALM
633,2,PALM_BY_PROXIMITY
634,2,PALM
634,2,PALM_BY_PROXIMITY
635,2,PALM
635,2,PALM_BY_PROXIMITY
636,2,PALM
636,2,PALM_BY_PROXIMITY
637,2,PALM
637,2,PALM_BY_PROXIMITY
638,2,PALM
638,2,PALM_BY_PROXIMITY
639,2,PALM
639,2,PALM_BY_PROXIMITY
640,2,PALM
640,2,PALM_BY_PROXIMITY
641,2,PALM
641,2,PALM_BY_PROXIMITY
642,2,PALM
642,2,PALM_BY_PROXIMITY
643,2,PALM
643,2,PALM_BY_PROXIMITY
644,2,PALM
644,2,PALM_BY_PROXIMITY
645,2,PALM
645,2,PALM_BY_PROXIMITY
646,2,PALM
646,2,UNCERTAIN
647,2,PALM
647,2,UNCERTAIN
648,2,PALM
648,2,PALM_BY_PROXIMITY
649,2,PALM
649,2,PALM_BY_PROXIMITY
650,2,PALM
650,2,PALM_BY_PROXIMITY
651,2,PALM
651,2,PALM_BY_PROXIMITY
652,2,PALM
652,2,PALM_BY_PROXIMITY
653,2,PALM
653,2,PALM_BY_PROXIMITY
654,2,PALM
654,2,PALM_BY_PROXIMITY
655,2,PALM
655,2,PALM_BY_PROXIMITY
656,2,PALM
656,2,PALM_BY_PROXIMITY
657,2,PALM
657,2,PALM_BY_PROXIMITY
658,2,PALM
658,2,PALM_BY_PROXIMITY
659,2,PALM
659,2,PALM_BY_PROXIMITY
660,2,PALM
660,2,PALM_BY_PROXIMITY
661,2,PALM
661,2,PALM_BY_PROXIMITY
662,2,PALM
662,2,PALM_BY_PROXIMITY
663,2,PALM
663,2,PALM_BY_PROXIMITY
664,2,PALM
664,2,PALM_BY_PROXIMITY
665,2,PALM
665,2,PALM_BY_PROXIMITY
666,2,PALM
666,2,PALM_BY_PROXIMITY
667,2,PALM
667,2,PALM_BY_PROXIMITY
668,2,PALM
668,2,PALM_BY_PROXIMITY
669,2,PALM
669,2,PALM_BY_PROXIMITY
670,2,PALM
670,2,PALM_BY_PROXIMITY
671,2,PALM
671,2,UNCERTAIN
672,2,PALM
672,2,UNCERTAIN
673,2,PALM
673,2,PALM_BY_PROXIMITY
674,2,PALM
674,2,PALM_BY_PROXIMITY
675,2,PALM
675,2,PALM_BY_PROXIMITY
676,2,PALM
676,2,PALM_BY_PROXIMITY
677,2,PALM
677,2,PALM_BY_PROXIMITY
678,2,PALM
678,2,PALM_BY_PROXIMITY
679,2,PALM
679,2,PALM_BY_PROXIMITY
680,2,PALM
680,2,PALM_BY_PROXIMITY
681,2,PALM
681,2,PALM_BY_PROXIMITY
682,2,PALM
682,2,PALM_BY_PROXIMITY
683,2,PALM
683,2,PALM_BY_PROXIMITY
684,2,PALM
684,2,PALM_BY_PROXIMITY
685,2,PALM
685,2,PALM_BY_PROXIMITY
686,2,PALM
686,2,PALM_BY_PROXIMITY
687,2,PALM
687,2,PALM_BY_PROXIMITY
688,2,PALM
688,2,PALM_BY_PROXIMITY
689,2,PALM
689,2,PALM_BY_PROXIMITY
690,2,PALM
690,2,PALM_BY_PROXIMITY
691,2,PALM
691,2,PALM_BY_PROXIMITY
692,2,PALM
692,2,PALM_BY_PROXIMITY
693,2,PALM
693,2,PALM_BY_PROXIMITY
694,2,PALM
694,2,PALM_BY_PROXIMITY
695,2,PALM
695,2,PALM_BY_PROXIMITY
696,2,PALM
696,2,UNCERTAIN
697,2,PALM
697,2,UNCERTAIN
698,2,PALM
698,2,UNCERTAIN
699,2,PALM
699,2,UNCERTAIN
700,2,PALM
700,2,UNCERTAIN
701,2,PALM
701,2,UNCERTAIN
702,2,PALM
702,2,UNCERTAIN
703,2,PALM
703,2,UNCERTAIN
704,2,PALM
704,2,UNCERTAIN
705,2,PALM
705,2,UNCERTAIN
706,2,PALM
706,2,PALM
707,2,PALM
707,2,PALM
708,2,PALM
708,2,PALM
709,2,PALM
709,2,PALM
710,2,PALM
710,2,PALM
711,2,PALM
711,2,PALM
712,2,PALM
712,2,PALM
713,2,PALM
713,2,PALM
714,2,PALM
714,2,PALM
715,2,PALM
715,2,PALM
716,2,PALM
716,2,PALM
717,2,PALM
717,2,PALM
718,2,PALM
718,2,PALM
719,2,PALM
719,2,PALM
720,2,PALM
720,2,PALM
721,2,PALM
721,2,PALM
722,2,PALM
722,2,PALM
723,2,PALM
723,2,PALM
724,2,PALM
724,2,PALM
725,2,PALM
725,2,PALM
726,2,PALM
726,2,PALM
727,2,PALM
727,2,PALM
728,2,PALM
728,2,PALM
729,2,PALM
729,2,PALM
730,2,PALM
730,2,PALM
731,2,PALM
731,2,PALM
732,2,PALM
732,2,PALM
733,2,PALM
733,2,PALM
734,2,PALM
734,2,PALM
735,2,PALM
735,2,PALM
736,2,PALM
736,2,PALM
737,2,PALM
737,2,PALM
738,2,PALM
738,2,PALM
739,2,PALM
739,2,PALM
740,2,PALM
740,2,PALM
741,2,PALM
741,2,PALM
742,2,PALM
742,2,PALM
743,2,PALM
743,2,PALM
744,2,PALM
744,2,PALM
745,2,PALM
745,2,PALM
746,2,PALM
746,2,PALM
747,2,PALM
747,2,PALM
748,2,PALM
748,2,PALM
749,2,PALM
749,2,PALM
750,2,PALM
750,2,PALM
751,2,PALM
751,2,PALM
752,2,PALM
752,2,PALM
753,2,PALM
753,2,PALM
754,2,PALM
754,2,PALM
755,2,PALM
755,2,PALM
756,2,PALM
756,2,PALM
757,2,PALM
757,2,PALM
758,2,PALM
758,2,PALM
759,2,PALM
759,2,PALM
760,2,PALM
760,2,PALM
761,2,PALM
761,2,PALM
762,2,PALM
762,2,PALM
763,2,PALM
763,2,PALM
764,2,PALM
764,2,PALM
765,2,PALM
765,2,PALM
766,2,PALM
766,2,PALM
767,2,PALM
767,2,PALM
768,2,PALM
768,2,PALM
769,2,PALM
769,2,PALM
770,2,PALM
770,2,PALM
771,2,PALM
771,2,PALM
772,2,PALM
772,2,PALM
773,2,PALM
773,2,PALM
774,2,PALM
774,2,PALM
775,2,PALM
775,2,PALM
776,2,PALM
776,2,PALM
777,2,PALM
777,2,PALM
778,2,PALM
778,2,PALM
779,2,PALM
779,2,PALM
780,2,PALM
780,2,PALM
781,2,PALM
781,2,PALM
782,2,PALM
782,2,PALM
783,2,PALM
783,2,PALM
784,2,PALM
784,2,PALM
785,2,PALM
785,2,PALM
786,2,PALM
786,2,PALM
787,2,PALM
787,2,PALM
788,2,PALM
788,2,PALM
789,2,PALM
789,2,PALM
790,2,PALM
790,2,PALM
791,2,PALM
791,2,PALM
792,2,PALM
792,2,PALM
793,2,PALM
793,2,PALM
794,2,PALM
794,2,PALM
795,2,PALM
795,2,PALM
796,2,PALM
796,2,PALM
797,2,PALM
797,2,PALM
798,2,PALM
798,2,PALM
799,2,PALM
799,2,PALM
800,2,PALM
800,2,PALM
801,2,PALM
801,2,PALM
802,2,PALM
802,2,PALM
803,2,PALM
803,2,PALM
804,2,PALM
804,2,PALM
805,2,PALM
805,2,PALM
806,2,PALM
806,2,PALM
807,2,PALM
807,2,PALM
808,2,PALM
808,2,PALM
809,1,PALM
810,1,PALM
811,1,PALM
812,1,PALM
813,1,PALM
814,1,PALM
815,1,PALM
816,0,
817,0,
818,0,
819,0,
820,0,
821,0,
822,0,
823,0,
824,0,
825,0,
826,0,
827,0,
828,0,
829,0,
830,0,
1067,1,UNCERTAIN
1068,1,UNCERTAIN
1069,1,PALM
1070,1,PALM
1071,1,PALM
1072,1,PALM
1073,1,PALM
1074,1,PALM
1075,1,PALM
1076,1,PALM
1077,1,PALM
1078,1,PALM
1079,1,PALM
1080,1,PALM
1081,1,PALM
1082,1,PALM
1083,1,PALM
1084,1,PALM
1085,1,PALM
1086,1,PALM
1087,1,PALM
1088,1,PALM
1089,1,PALM
1090,1,PALM
1091,1,PALM
1092,1,PALM
1093,1,PALM
1094,1,PALM
1095,1,PALM
1096,1,PALM
1097,1,PALM
1098,1,PALM
1099,1,PALM
1100,1,PALM
1101,1,PALM
1102,1,PALM
1103,1,PALM
1104,1,PALM
1105,1,PALM
1106,1,PALM
1107,1,PALM
1108,1,PALM
1109,1,PALM
1110,1,PALM
1111,1,PALM
1112,1,PALM
1113,1,PALM
1114,1,PALM
1115,1,PALM
1116,1,PALM
1117,1,PALM
1118,1,PALM
1119,1,PALM
1120,1,PALM
1121,1,PALM
1122,1,PALM
1123,1,PALM
1124,1,PALM
1125,1,PALM
1126,1,PALM
1127,1,PALM
1128,1,PALM
1129,1,PALM
1130,1,PALM
1131,1,PALM
1132,1,PALM
1133,1,PALM
1134,1,PALM
1135,1,PALM
1136,1,PALM
1137,1,PALM
1138,1,PALM
1139,1,PALM
1140,1,PALM
1141,1,PALM
1142,1,PALM
1143,1,PALM
1144,1,PALM
1145,1,PALM
1146,1,PALM
1147,1,PALM
1148,1,PALM
1149,1,PALM
1150,1,PALM
1151,1,PALM
1152,1,PALM
1153,1,PALM
1154,1,PALM
1155,1,PALM
1156,1,PALM
1157,1,PALM
1158,1,PALM
1159,1,PALM
1160,1,PALM
1161,1,PALM
1162,1,PALM
1163,1,PALM
1164,1,PALM
1165,1,PALM
1166,1,PALM
1167,1,PALM
1168,1,PALM
1169,1,PALM
1170,1,PALM
1171,1,PALM
1172,1,PALM
1173,1,PALM
1174,1,PALM
1175,1,PALM
1176,1,PALM
1177,1,PALM
1178,1,PALM
1179,1,PALM
1180,1,PALM
1181,1,PALM
1182,1,PALM
1183,1,PALM
1184,1,PALM
1185,1,PALM
1186,1,PALM
1187,1,PALM
1188,1,PALM
1189,1,PALM
1190,1,PALM
1191,1,PALM
1192,1,PALM
1193,1,PALM
1194,1,PALM
1195,1,PALM
1196,1,PALM
1197,1,PALM
1198,1,PALM
1199,1,PALM
1200,1,PALM
1201,1,PALM
1202,1,PALM
1203,1,PALM
1204,1,PALM
1205,1,PALM
1206,1,PALM
1207,1,PALM
1208,1,PALM
1209,1,PALM
1210,1,PALM
1211,1,PALM
1212,1,PALM
1213,1,PALM
1214,1,PALM
1215,1,PALM
1216,1,PALM
1217,1,PALM
1218,1,PALM
1219,1,PALM
1220,1,PALM
1221,1,PALM
1222,1,PALM
1223,1,PALM
1224,1,PALM
1225,1,PALM
1226,1,PALM
1227,1,PALM
1228,1,PALM
1229,1,PALM
1230,1,PALM
1231,1,PALM
1232,1,PALM
1233,1,PALM
1234,1,PALM
1235,1,PALM
1236,1,PALM
1237,1,PALM
1238,1,PALM
1239,1,PALM
1240,1,PALM
1241,1,PALM
1242,1,PALM
1243,1,PALM
1244,1,PALM
1245,1,PALM
1246,1,PALM
1247,1,PALM
1248,1,PALM
1249,1,PALM
1250,1,PALM
1251,1,PALM
1252,1,PALM
1253,1,PALM
1254,1,PALM
1255,1,PALM
1256,1,PALM
1257,1,PALM
1258,1,PALM
1259,1,PALM
1260,1,PALM
1261,1,PALM
1262,1,PALM
1263,1,PALM
1264,1,PALM
1265,1,PALM
1266,1,PALM
1267,1,PALM
1268,1,PALM
1269,1,PALM
1270,1,PALM
1271,1,PALM
1272,1,PALM
1273,1,PALM
1274,1,PALM
1275,1,PALM
1276,1,PALM
1277,1,PALM
1278,1,PALM
1279,1,PALM
1280,1,PALM
1281,1,PALM
1282,1,PALM
1283,1,PALM
1284,1,PALM
1285,1,PALM
1286,1,PALM
1287,1,PALM
1288,1,PALM
1289,1,PALM
1290,1,PALM
1291,1,PALM
1292,1,PALM
1293,1,PALM
1294,1,PALM
1295,1,PALM
1296,1,PALM
1297,1,PALM
1298,1,PALM
1299,1,PALM
1300,1,PALM
1301,1,PALM
1302,1,PALM
1303,1,PALM
1304,1,PALM
1305,1,PALM
1306,1,PALM
1307,1,PALM
1308,1,PALM
1309,1,PALM
1310,1,PALM
1311,1,PALM
1312,1,PALM
1313,1,PALM
1314,1,PALM
1315,1,PALM
1316,1,PALM
1317,1,PALM
1318,1,PALM
1319,1,PALM
1320,1,PALM
1321,1,PALM
1322,1,PALM
1323,1,PALM
1324,1,PALM
1325,1,PALM
1326,1,PALM
1327,1,PALM
1328,0,
1329,0,
1330,0,
1331,0,
1332,0,
1333,0,
1334,0,
1335,0,
1336,0,
1337,0,
1338,0,
1339,0,
1340,0,
1341,0,
1342,0,
1524,1,PALM
1525,1,PALM
1526,1,PALM
1527,1,PALM
1528,1,PALM
1529,1,PALM
1530,1,PALM
1531,1,PALM
1532,1,PALM
1533,1,PALM
1534,1,PALM
1535,1,PALM
1536,1,PALM
1537,1,PALM
1538,1,PALM
1539,1,PALM
1540,1,PALM
1541,1,PALM
1542,1,PALM
1543,1,PALM
1544,1,PALM
1545,1,PALM
1546,1,PALM
1547,1,PALM
1548,1,PALM
1549,1,PALM
1550,1,PALM
1551,1,PALM
1552,1,PALM
1553,1,PALM
1554,1,PALM
1555,1,PALM
1556,1,PALM
1557,1,PALM
1558,1,PALM
1559,1,PALM
1560,1,PALM
1561,1,PALM
1562,1,PALM
1563,1,PALM
1564,1,PALM
1565,1,PALM
1566,1,PALM
1567,1,PALM
1568,1,PALM
1569,1,PALM
1570,1,PALM
1571,1,PALM
1572,1,PALM
1573,1,PALM
1574,1,PALM
1575,1,PALM
1576,1,PALM
1577,1,PALM
1578,1,PALM
1579,1,PALM
1580,1,PALM
1581,1,PALM
1582,1,PALM
1583,1,PALM
1584,1,PALM
1585,1,PALM
1586,1,PALM
1587,1,PALM
1588,1,PALM
1589,1,PALM
1590,1,PALM
1591,1,PALM
1592,1,PALM
1593,1,PALM
1594,1,PALM
1595,1,PALM
1596,1,PALM
1597,1,PALM
1598,1,PALM
1599,1,PALM
1600,1,PALM
1601,1,PALM
1602,1,PALM
1603,1,PALM
1604,1,PALM
1605,1,PALM
1606,1,PALM
1607,1,PALM
1608,1,PALM
1609,1,PALM
1610,1,PALM
1611,1,PALM
1612,1,PALM
1613,1,PALM
1614,1,PALM
1615,1,PALM
1616,1,PALM
1617,1,PALM
1618,1,PALM
1619,1,PALM
1620,1,PALM
1621,1,PALM
1622,1,PALM
1623,1,PALM
1624,1,PALM
1625,1,PALM
1626,1,PALM
1627,1,PALM
1628,1,PALM
1629,1,PALM
1630,1,PALM
1631,1,PALM
1632,1,PALM
1633,1,PALM
1634,1,PALM
1635,1,PALM
1636,1,PALM
1637,1,PALM
1638,1,PALM
1639,1,PALM
1640,1,PALM
1641,1,PALM
1642,1,PALM
1643,1,PALM
1644,1,PALM
1645,1,PALM
1646,1,PALM
1647,1,PALM
1648,1,PALM
1649,1,PALM
1650,1,PALM
1651,1,PALM
1652,1,PALM
1653,1,PALM
1654,1,PALM
1655,1,PALM
1656,1,PALM
1657,1,PALM
1658,1,PALM
1659,1,PALM
1660,1,PALM
1661,1,PALM
1662,1,PALM
1663,1,PALM
1664,1,PALM
1665,1,PALM
1666,1,PALM
1667,1,PALM
1668,1,PALM
1669,1,PALM
1670,1,PALM
1671,1,PALM
1672,1,PALM
1673,1,PALM
1674,1,PALM
1675,1,PALM
1676,1,PALM
1677,1,PALM
1678,1,PALM
1679,1,PALM
1680,1,PALM
1681,1,PALM
1682,1,PALM
1683,1,PALM
1684,1,PALM
1685,1,PALM
1686,1,PALM
1687,1,PALM
1688,1,PALM
1689,1,PALM
1690,1,PALM
1691,1,PALM
1692,1,PALM
1693,1,PALM
1694,1,PALM
1695,1,PALM
1696,1,PALM
1697,1,PALM
1698,1,PALM
1699,1,PALM
1700,1,PALM
1701,1,PALM
1702,1,PALM
1703,1,PALM
1704,1,PALM
1705,1,PALM
1706,1,PALM
1707,1,PALM
1708,1,PALM
1709,1,PALM
1710,1,PALM
1711,1,PALM
1712,1,PALM
1713,1,PALM
1714,1,PALM
1715,1,PALM
1716,1,PALM
1717,1,PALM
1718,1,PALM
1719,1,PALM
1720,1,PALM
1721,1,PALM
1722,1,PALM
1723,1,PALM
1724,1,PALM
1725,1,PALM
1726,1,PALM
1727,1,PALM
1728,1,PALM
1729,1,PALM
1730,1,PALM
1731,1,PALM
1732,1,PALM
1733,1,PALM
1734,1,PALM
1735,1,PALM
1736,1,PALM
1737,1,PALM
1738,1,PALM
1739,1,PALM
1740,1,PALM
1741,1,PALM
1742,1,PALM
1743,1,PALM
1744,1,PALM
1745,1,PALM
1746,1,PALM
1747,1,PALM
1748,1,PALM
1749,1,PALM
1750,1,PALM
1751,1,PALM
1752,1,PALM
1753,1,PALM
1754,1,PALM
1755,1,PALM
1756,1,PALM
1757,1,PALM
1758,1,PALM
1759,1,PALM
1760,1,PALM
1761,1,PALM
1762,1,PALM
1763,0,
1764,0,
1765,0,
1766,0,
1767,0,
1768,0,
1769,0,
1770,0,
1771,0,
1772,0,
1773,0,
1774,0,
1775,0,
1776,0,
1777,0,
1944,1,UNCERTAIN
1945,1,PALM
1946,1,PALM
1947,1,PALM
1948,1,PALM
1949,1,PALM
1950,1,PALM
1951,1,PALM
1952,1,PALM
1953,1,PALM
1954,1,PALM
1955,1,PALM
1956,1,PALM
1957,1,PALM
1958,1,PALM
1959,1,PALM
1960,1,PALM
1961,1,PALM
1962,1,PALM
1963,1,PALM
1964,1,PALM
1965,1,PALM
1966,1,PALM
1967,1,PALM
1968,1,PALM
1969,1,PALM
1970,1,PALM
1971,1,PALM
1972,1,PALM
1973,1,PALM
1974,1,PALM
1975,1,PALM
1976,1,PALM
1977,1,PALM
1978,1,PALM
1979,1,PALM
1980,1,PALM
1981,1,PALM
1982,1,PALM
1983,1,PALM
1984,1,PALM
1985,1,PALM
1986,2,PALM
1986,2,UNCERTAIN
1987,1,PALM
1988,2,PALM
1988,2,UNCERTAIN
1989,2,PALM
1989,2,PALM_BY_PROXIMITY
1990,2,PALM
1990,2,PALM_BY_PROXIMITY
1991,2,PALM
1991,2,PALM_BY_PROXIMITY
1992,2,PALM
1992,2,PALM_BY_PROXIMITY
1993,2,PALM
1993,2,PALM_BY_PROXIMITY
1994,2,PALM
1994,2,PALM_BY_PROXIMITY
1995,2,PALM
1995,2,PALM_BY_PROXIMITY
1996,2,PALM
1996,2,PALM_BY_PROXIMITY
1997,2,PALM
1997,2,PALM_BY_PROXIMITY
1998,2,PALM
1998,2,PALM_BY_PROXIMITY
1999,2,PALM
1999,2,PALM_BY_PROXIMITY
2000,2,PALM
2000,2,PALM_BY_PROXIMITY
2001,2,PALM
2001,2,PALM_BY_PROXIMITY
2002,2,PALM
2002,2,PALM_BY_PROXIMITY
2003,2,PALM
2003,2,PALM_BY_PROXIMITY
2004,2,PALM
2004,2,PALM_BY_PROXIMITY
2005,2,PALM
2005,2,PALM_BY_PROXIMITY
2006,2,PALM
2006,2,PALM_BY_PROXIMITY
2007,2,PALM
2007,2,PALM_BY_PROXIMITY
2008,2,PALM
2008,2,PALM_BY_PROXIMITY
2009,2,PALM
2009,2,PALM_BY_PROXIMITY
2010,2,PALM
2010,2,PALM_BY_PROXIMITY
2011,2,PALM
2011,2,PALM_BY_PROXIMITY
2012,2,PALM
2012,2,UNCERTAIN
2013,2,PALM
2013,2,UNCERTAIN
2014,2,PALM
2014,2,PALM_BY_PROXIMITY
2015,2,PALM
2015,2,PALM_BY_PROXIMITY
2016,2,PALM
2016,2,PALM_BY_PROXIMITY
2017,2,PALM
2017,2,PALM_BY_PROXIMITY
2018,2,PALM
2018,2,PALM_BY_PROXIMITY
2019,2,PALM
2019,2,PALM_BY_PROXIMITY
2020,2,PALM
2020,2,PALM_BY_PROXIMITY
2021,2,PALM
2021,2,PALM_BY_PROXIMITY
2022,2,PALM
2022,2,PALM_BY_PROXIMITY
2023,2,PALM
2023,2,PALM_BY_PROXIMITY
2024,2,PALM
2024,2,PALM_BY_PROXIMITY
2025,2,PALM
2025,2,PALM_BY_PROXIMITY
2026,2,PALM
2026,2,PALM_BY_PROXIMITY
2027,2,PALM
2027,2,PALM_BY_PROXIMITY
2028,2,PALM
2028,2,PALM_BY_PROXIMITY
2029,2,PALM
2029,2,PALM_BY_PROXIMITY
2030,2,PALM
2030,2,PALM_BY_PROXIMITY
2031,2,PALM
2031,2,PALM_BY_PROXIMITY
2032,2,PALM
2032,2,PALM_BY_PROXIMITY
2033,2,PALM
2033,2,PALM_BY_PROXIMITY
2034,2,PALM
2034,2,PALM_BY_PROXIMITY
2035,2,PALM
2035,2,PALM_BY_PROXIMITY
2036,2,PALM
2036,2,PALM_BY_PROXIMITY
2037,2,PALM
2037,2,UNCERTAIN
2038,2,PALM
2038,2,UNCERTAIN
2039,2,PALM
2039,2,PALM_BY_PROXIMITY
2040,2,PALM
2040,2,PALM_BY_PROXIMITY
2041,2,PALM
2041,2,PALM_BY_PROXIMITY
2042,2,PALM
2042,2,PALM_BY_PROXIMITY
2043,2,PALM
2043,2,PALM_BY_PROXIMITY
2044,2,PALM
2044,2,PALM_BY_PROXIMITY
2045,2,PALM
2045,2,PALM_BY_PROXIMITY
2046,2,PALM
2046,2,PALM_BY_PROXIMITY
2047,2,PALM
2047,2,PALM_BY_PROXIMITY
2048,2,PALM
2048,2,PALM_BY_PROXIMITY
2049,2,PALM
2049,2,PALM_BY_PROXIMITY
2050,2,PALM
2050,2,PALM_BY_PROXIMITY
2051,2,PALM
2051,2,PALM_BY_PROXIMITY
2052,2,PALM
2052,2,PALM_BY_PROXIMITY
2053,2,PALM
2053,2,PALM_BY_PROXIMITY
2054,2,PALM
2054,2,PALM_BY_PROXIMITY
2055,2,PALM
2055,2,PALM_BY_PROXIMITY
2056,2,PALM
2056,2,PALM_BY_PROXIMITY
2057,2,PALM
2057,2,PALM_BY_PROXIMITY
2058,2,PALM
2058,2,PALM_BY_PROXIMITY
2059,2,PALM
2059,2,PALM_BY_PROXIMITY
2060,2,PALM
2060,2,PALM_BY_PROXIMITY
2061,2,PALM
2061,2,PALM_BY_PROXIMITY
2062,2,PALM
2062,2,UNCERTAIN
2063,2,PALM
2063,2,UNCERTAIN
2064,2,PALM
2064,2,PALM_BY_PROXIMITY
2065,2,PALM
2065,2,PALM_BY_PROXIMITY
2066,2,PALM
2066,2,PALM_BY_PROXIMITY
2067,2,PALM
2067,2,PALM_BY_PROXIMITY
2068,2,PALM
2068,2,PALM_BY_PROXIMITY
2069,2,PALM
2069,2,PALM_BY_PROXIMITY
2070,2,PALM
2070,2,PALM_BY_PROXIMITY
2071,2,PALM
2071,2,PALM_BY_PROXIMITY
2072,2,PALM
2072,2,PALM_BY_PROXIMITY
2073,2,PALM
2073,2,PALM_BY_PROXIMITY
2074,2,PALM
2074,2,PALM_BY_PROXIMITY
2075,2,PALM
2075,2,PALM_BY_PROXIMITY
2076,2,PALM
2076,2,PALM_BY_PROXIMITY
2077,2,PALM
2077,2,PALM_BY_PROXIMITY
2078,2,PALM
2078,2,PALM_BY_PROXIMITY
2079,2,PALM
2079,2,PALM_BY_PROXIMITY
2080,2,PALM
2080,2,PALM_BY_PROXIMITY
2081,2,PALM
2081,2,PALM_BY_PROXIMITY
2082,2,PALM
2082,2,PALM_BY_PROXIMITY
2083,2,PALM
2083,2,PALM_BY_PROXIMITY
2084,2,PALM
2084,2,PALM_BY_PROXIMITY
2085,2,PALM
2085,2,PALM_BY_PROXIMITY
2086,2,PALM
2086,2,PALM_BY_PROXIMITY
2087,2,PALM
2087,2,UNCERTAIN
2088,2,PALM
2088,2,UNCERTAIN
2089,2,PALM
2089,2,UNCERTAIN
2090,2,PALM
2090,2,UNCERTAIN
2091,2,PALM
2091,2,UNCERTAIN
2092,2,PALM
2092,2,UNCERTAIN
2093,2,PALM
2093,2,UNCERTAIN
2094,1,PALM
2095,2,PALM
2095,2,UNCERTAIN
2096,1,PALM
2097,1,PALM
2098,1,PALM
2099,1,PALM
2100,1,PALM
2101,1,PALM
2102,1,PALM
2103,1,PALM
2104,1,PALM
2105,1,PALM
2106,1,PALM
2107,1,PALM
2108,1,PALM
2109,1,PALM
2110,1,PALM
2111,1,PALM
2112,1,PALM
2113,1,PALM
2114,1,PALM
2115,1,PALM
2116,1,PALM
2117,1,PALM
2118,1,PALM
2119,1,PALM
2120,1,PALM
2121,1,PALM
2122,1,PALM
2123,1,PALM
2124,1,PALM
2125,1,PALM
2126,1,PALM
2127,1,PALM
2128,1,PALM
2129,1,PALM
2130,1,PALM
2131,1,PALM
2132,1,PALM
2133,1,PALM
2134,1,PALM
2135,1,PALM
2136,1,PALM
2137,1,PALM
2138,1,PALM
2139,1,PALM
2140,1,PALM
2141,1,PALM
2142,1,PALM
2143,1,PALM
2144,1,PALM
2145,1,PALM
2146,1,PALM
2147,1,PALM
2148,1,PALM
2149,1,PALM
2150,1,PALM
2151,1,PALM
2152,1,PALM
2153,1,PALM
2154,1,PALM
2155,1,PALM
2156,1,PALM
2157,1,PALM
2158,1,PALM
2159,1,PALM
2160,1,PALM
2161,1,PALM
2162,1,PALM
2163,0,
2164,0,
2165,0,
2166,0,
2167,0,
2168,0,
2169,0,
2170,0,
2171,0,
2172,0,
2173,0,
2174,0,
2175,0,
2176,0,
2321,1,UNCERTAIN
2322,1,UNCERTAIN
2323,1,UNCERTAIN
2324,1,UNCERTAIN
2325,1,PALM
2326,1,PALM
2327,1,PALM
2328,1,PALM
2329,1,PALM
2330,1,PALM
2331,1,PALM
2332,1,PALM
2333,1,PALM
2334,1,PALM
2335,1,PALM
2336,1,PALM
2337,1,PALM
2338,1,PALM
2339,1,PALM
2340,1,PALM
2341,1,PALM
2342,1,PALM
2343,1,PALM
2344,1,PALM
2345,1,PALM
2346,1,PALM
2347,1,PALM
2348,1,PALM
2349,1,PALM
2350,1,PALM
2351,1,PALM
2352,1,PALM
2353,1,PALM
2354,1,PALM
2355,1,PALM
2356,1,PALM
2357,1,PALM
2358,1,PALM
2359,1,PALM
2360,1,PALM
2361,1,PALM
2362,1,PALM
2363,1,PALM
2364,1,PALM
2365,1,PALM
2366,1,PALM
2367,1,PALM
2368,1,PALM
2369,1,PALM
2370,1,PALM
2371,1,PALM
2372,1,PALM
2373,1,PALM
2374,1,PALM
2375,1,PALM
2376,1,PALM
2377,1,PALM
2378,1,PALM
2379,1,PALM
2380,1,PALM
2381,1,PALM
2382,1,PALM
2383,1,PALM
2384,1,PALM
2385,1,PALM
2386,1,PALM
2387,1,PALM
2388,1,PALM
2389,1,PALM
2390,1,PALM
2391,1,PALM
2392,1,PALM
2393,1,PALM
2394,1,PALM
2395,1,PALM
2396,1,PALM
2397,1,PALM
2398,1,PALM
2399,1,PALM
2400,1,PALM
2401,1,PALM
2402,1,PALM
2403,1,PALM
2404,1,PALM
2405,1,PALM
2406,1,PALM
2407,1,PALM
2408,1,PALM
2409,1,PALM
2410,1,PALM
2411,1,PALM
2412,1,PALM
2413,1,PALM
2414,1,PALM
2415,1,PALM
2416,1,PALM
2417,1,PALM
2418,1,PALM
2419,1,PALM
2420,1,PALM
2421,1,PALM
2422,1,PALM
2423,1,PALM
2424,1,PALM
2425,1,PALM
2426,1,PALM
2427,1,PALM
2428,1,PALM
2429,1,PALM
2430,1,PALM
2431,1,PALM
2432,1,PALM
2433,1,PALM
2434,1,PALM
2435,1,PALM
2436,1,PALM
2437,1,PALM
2438,1,PALM
2439,1,PALM
2440,1,PALM
2441,1,PALM
2442,1,PALM
2443,1,PALM
2444,1,PALM
2445,1,PALM
2446,1,PALM
2447,1,PALM
2448,1,PALM
2449,1,PALM
2450,1,PALM
2451,1,PALM
2452,1,PALM
2453,1,PALM
2454,1,PALM
2455,1,PALM
2456,1,PALM
2457,1,PALM
2458,1,PALM
2459,1,PALM
2460,1,PALM
2461,1,PALM
2462,1,PALM
2463,1,PALM
2464,1,PALM
2465,1,PALM
2466,1,PALM
2467,1,PALM
2468,1,PALM
2469,1,PALM
2470,1,PALM
2471,1,PALM
2472,1,PALM
2473,1,PALM
2474,1,PALM
2475,1,PALM
2476,1,PALM
2477,1,PALM
2478,1,PALM
2479,1,PALM
2480,1,PALM
2481,1,PALM
2482,1,PALM
2483,1,PALM
2484,1,PALM
2485,1,PALM
2486,1,PALM
2487,1,PALM
2488,1,PALM
2489,1,PALM
2490,1,PALM
2491,1,PALM
2492,1,PALM
2493,1,PALM
2494,1,PALM
2495,1,PALM
2496,1,PALM
2497,1,PALM
2498,1,PALM
2499,1,PALM
2500,1,PALM
2501,1,PALM
2502,1,PALM
2503,1,PALM
2504,1,PALM
2505,1,PALM
2506,1,PALM
2507,1,PALM
2508,1,PALM
2509,1,PALM
2510,1,PALM
2511,1,PALM
2512,1,PALM
2513,1,PALM
2514,1,PALM
2515,1,PALM
2516,1,PALM
2517,1,PALM
2518,1,PALM
2519,1,PALM
2520,1,PALM
2521,1,PALM
2522,1,PALM
2523,1,PALM
2524,1,PALM
2525,1,PALM
2526,1,PALM
2527,1,PALM
2528,1,PALM
2529,1,PALM
2530,1,PALM
2531,1,PALM
2532,1,PALM
2533,1,PALM
2534,1,PALM
2535,1,PALM
2536,1,PALM
2537,1,PALM
2538,1,PALM
2539,1,PALM
2540,1,PALM
2541,1,PALM
2542,1,PALM
2543,1,PALM
2544,1,PALM
2545,1,PALM
2546,1,PALM
2547,1,PALM
2548,1,PALM
2549,1,PALM
2550,1,PALM
2551,1,PALM
2552,0,
2553,0,
2554,0,
2555,0,
2556,0,
2557,0,
2558,0,
2559,0,
2560,0,
2561,0,
2562,0,
2563,0,
2564,0,
2565,0,
2697,1,UNCERTAIN
2698,1,UNCERTAIN
2699,1,PALM
2700,1,PALM
2701,1,PALM
2702,1,PALM
2703,1,PALM
2704,1,PALM
2705,1,PALM
2706,1,PALM
2707,1,PALM
2708,1,PALM
2709,1,PALM
2710,1,PALM
2711,1,PALM
2712,1,PALM
2713,1,PALM
2714,1,PALM
2715,1,PALM
2716,1,PALM
2717,1,PALM
2718,1,PALM
2719,1,PALM
2720,1,PALM
2721,1,PALM
2722,1,PALM
2723,1,PALM
2724,1,PALM
2725,1,PALM
2726,1,PALM
2727,1,PALM
2728,1,PALM
2729,1,PALM
2730,1,PALM
2731,1,PALM
2732,1,PALM
2733,1,PALM
2734,1,PALM
2735,1,PALM
2736,1,PALM
2737,1,PALM
2738,1,PALM
2739,1,PALM
2740,1,PALM
2741,1,PALM
2742,1,PALM
2743,1,PALM
2744,1,PALM
2745,1,PALM
2746,1,PALM
2747,1,PALM
2748,1,PALM
2749,1,PALM
2750,1,PALM
2751,1,PALM
2752,1,PALM
2753,1,PALM
2754,1,PALM
2755,1,PALM
2756,1,PALM
2757,1,PALM
2758,1,PALM
2759,1,PALM
2760,1,PALM
2761,1,PALM
2762,1,PALM
2763,1,PALM
2764,1,PALM
2765,1,PALM
2766,1,PALM
2767,1,PALM
2768,1,PALM
2769,1,PALM
2770,1,PALM
2771,1,PALM
2772,1,PALM
2773,1,PALM
2774,1,PALM
2775,1,PALM
2776,1,PALM
2777,1,PALM
2778,1,PALM
2779,1,PALM
2780,1,PALM
2781,1,PALM
2782,1,PALM
2783,1,PALM
2784,1,PALM
2785,1,PALM
2786,1,PALM
2787,1,PALM
2788,1,PALM
2789,1,PALM
2790,1,PALM
2791,1,PALM
2792,1,PALM
2793,1,PALM
2794,1,PALM
2795,1,PALM
2796,1,PALM
2797,1,PALM
2798,1,PALM
2799,1,PALM
2800,1,PALM
2801,1,PALM
2802,1,PALM
2803,1,PALM
2804,1,PALM
2805,1,PALM
2806,1,PALM
2807,1,PALM
2808,1,PALM
2809,1,PALM
2810,1,PALM
2811,1,PALM
2812,1,PALM
2813,1,PALM
2814,1,PALM
2815,1,PALM
2816,1,PALM
2817,1,PALM
2818,1,PALM
2819,1,PALM
2820,1,PALM
2821,1,PALM
2822,1,PALM
2823,1,PALM
2824,1,PALM
2825,1,PALM
2826,1,PALM
2827,1,PALM
2828,1,PALM
2829,1,PALM
2830,1,PALM
2831,1,PALM
2832,1,PALM
2833,1,PALM
2834,1,PALM
2835,1,PALM
2836,1,PALM
2837,1,PALM
2838,1,PALM
2839,1,PALM
2840,1,PALM
2841,1,PALM
2842,1,PALM
2843,1,PALM
2844,1,PALM
2845,1,PALM
2846,1,PALM
2847,1,PALM
2848,1,PALM
2849,1,PALM
2850,1,PALM
2851,1,PALM
2852,1,PALM
2853,1,PALM
2854,1,PALM
2855,1,PALM
2856,1,PALM
2857,1,PALM
2858,1,PALM
2859,1,PALM
2860,1,PALM
2861,1,PALM
2862,1,PALM
2863,1,PALM
2864,1,PALM
2865,1,PALM
2866,1,PALM
2867,1,PALM
2868,1,PALM
2869,1,PALM
2870,1,PALM
2871,1,PALM
2872,1,PALM
2873,1,PALM
2874,1,PALM
2875,1,PALM
2876,1,PALM
2877,1,PALM
2878,1,PALM
2879,1,PALM
2880,1,PALM
2881,1,PALM
2882,1,PALM
2883,1,PALM
2884,1,PALM
2885,1,PALM
2886,1,PALM
2887,1,PALM
2888,1,PALM
2889,1,PALM
2890,1,PALM
2891,1,PALM
2892,1,PALM
2893,1,PALM
2894,1,PALM
2895,1,PALM
2896,1,PALM
2897,1,PALM
2898,1,PALM
2899,1,PALM
2900,1,PALM
2901,1,PALM
2902,1,PALM
2903,1,PALM
2904,1,PALM
2905,1,PALM
2906,1,PALM
2907,1,PALM
2908,1,PALM
2909,1,PALM
2910,1,PALM
2911,1,PALM
2912,1,PALM
2913,0,
2914,0,
2915,0,
2916,0,
2917,0,
2918,0,
2919,0,
2920,0,
2921,0,
2922,0,
2923,0,
2924,0,
2925,0,
2926,0,
2927,0,
3093,1,UNCERTAIN
3094,1,PALM
3095,1,PALM
3096,1,PALM
3097,1,PALM
3098,1,PALM
3099,1,PALM
3100,1,PALM
3101,1,PALM
3102,1,PALM
3103,1,PALM
3104,1,PALM
3105,1,PALM
3106,1,PALM
3107,1,PALM
3108,1,PALM
3109,1,PALM
3110,1,PALM
3111,1,PALM
3112,1,PALM
3113,1,PALM
3114,1,PALM
3115,1,PALM
3116,1,PALM
3117,1,PALM
3118,1,PALM
3119,1,PALM
3120,1,PALM
3121,1,PALM
3122,1,PALM
3123,1,PALM
3124,1,PALM
3125,1,PALM
3126,1,PALM
3127,1,PALM
3128,1,PALM
3129,1,PALM
3130,1,PALM
3131,1,PALM
3132,1,PALM
3133,1,PALM
3134,1,PALM
3135,1,PALM
3136,1,PALM
3137,1,PALM
3138,1,PALM
3139,1,PALM
3140,1,PALM
3141,1,PALM
3142,1,PALM
3143,1,PALM
3144,1,PALM
3145,1,PALM
3146,1,PALM
3147,1,PALM
3148,1,PALM
3149,1,PALM
3150,1,PALM
3151,1,PALM
3152,1,PALM
3153,1,PALM
3154,1,PALM
3155,1,PALM
3156,1,PALM
3157,1,PALM
3158,1,PALM
3159,1,PALM
3160,1,PALM
3161,1,PALM
3162,1,PALM
3163,1,PALM
3164,1,PALM
3165,1,PALM
3166,1,PALM
3167,1,PALM
3168,1,PALM
3169,1,PALM
3170,1,PALM
3171,1,PALM
3172,1,PALM
3173,1,PALM
3174,1,PALM
3175,1,PALM
3176,1,PALM
3177,1,PALM
3178,1,PALM
3179,1,PALM
3180,1,PALM
3181,1,PALM
3182,1,PALM
3183,1,PALM
3184,1,PALM
3185,1,PALM
3186,1,PALM
3187,1,PALM
3188,1,PALM
3189,1,PALM
3190,1,PALM
3191,1,PALM
3192,1,PALM
3193,1,PALM
3194,1,PALM
3195,1,PALM
3196,1,PALM
3197,1,PALM
3198,1,PALM
3199,1,PALM
3200,1,PALM
3201,1,PALM
3202,1,PALM
3203,1,PALM
3204,1,PALM
3205,1,PALM
3206,1,PALM
3207,1,PALM
3208,1,PALM
3209,1,PALM
3210,1,PALM
3211,1,PALM
3212,1,PALM
3213,1,PALM
3214,1,PALM
3215,1,PALM
3216,1,PALM
3217,1,PALM
3218,1,PALM
3219,1,PALM
3220,1,PALM
3221,1,PALM
3222,1,PALM
3223,1,PALM
3224,1,PALM
3225,1,PALM
3226,1,PALM
3227,1,PALM
3228,1,PALM
3229,1,PALM
3230,1,PALM
3231,1,PALM
3232,1,PALM
3233,1,PALM
3234,1,PALM
3235,1,PALM
3236,1,PALM
3237,1,PALM
3238,1,PALM
3239,1,PALM
3240,1,PALM
3241,1,PALM
3242,1,PALM
3243,1,PALM
3244,1,PALM
3245,1,PALM
3246,1,PALM
3247,1,PALM
3248,1,PALM
3249,1,PALM
3250,1,PALM
3251,1,PALM
3252,1,PALM
3253,1,PALM
3254,1,PALM
3255,1,PALM
3256,1,PALM
3257,1,PALM
3258,1,PALM
3259,1,PALM
3260,1,PALM
3261,1,PALM
3262,1,PALM
3263,1,PALM
3264,1,PALM
3265,1,PALM
3266,1,PALM
3267,1,PALM
3268,1,PALM
3269,0,
3270,0,
3271,0,
3272,0,
3273,0,
3274,0,
3275,0,
3276,0,
3277,0,
3278,0,
3279,0,
3280,0,
3281,0,
3282,0,
3283,0,
3414,1,UNCERTAIN
3415,1,UNCERTAIN
3416,1,UNCERTAIN
3417,1,UNCERTAIN
3418,1,UNCERTAIN
3419,1,PALM
3420,1,PALM
3421,1,PALM
3422,1,PALM
3423,1,PALM
3424,1,PALM
3425,1,PALM
3426,1,PALM
3427,1,PALM
3428,1,PALM
3429,1,PALM
3430,1,PALM
3431,1,PALM
3432,1,PALM
3433,1,PALM
3434,1,PALM
3435,1,PALM
3436,1,PALM
3437,1,PALM
3438,1,PALM
3439,1,PALM
3440,1,PALM
3441,1,PALM
3442,1,PALM
3443,1,PALM
3444,1,PALM
3445,1,PALM
3446,1,PALM
3447,1,PALM
3448,1,PALM
3449,1,PALM
3450,1,PALM
3451,1,PALM
3452,1,PALM
3453,1,PALM
3454,1,PALM
3455,1,PALM
3456,1,PALM
3457,1,PALM
3458,1,PALM
3459,1,PALM
3460,1,PALM
3461,1,PALM
3462,1,PALM
3463,1,PALM
3464,1,PALM
3465,1,PALM
3466,1,PALM
3467,1,PALM
3468,1,PALM
3469,1,PALM
3470,1,PALM
3471,1,PALM
3472,1,PALM
3473,1,PALM
3474,1,PALM
3475,1,PALM
3476,1,PALM
3477,1,PALM
3478,1,PALM
3479,1,PALM
3480,1,PALM
3481,1,PALM
3482,1,PALM
3483,1,PALM
3484,1,PALM
3485,1,PALM
3486,1,PALM
3487,1,PALM
3488,1,PALM
3489,1,PALM
3490,1,PALM
3491,1,PALM
3492,1,PALM
3493,1,PALM
3494,1,PALM
3495,1,PALM
3496,1,PALM
3497,1,PALM
3498,1,PALM
3499,1,PALM
3500,1,PALM
3501,1,PALM
3502,1,PALM
3503,1,PALM
3504,1,PALM
3505,1,PALM
3506,1,PALM
3507,1,PALM
3508,1,PALM
3509,1,PALM
3510,1,PALM
3511,1,PALM
3512,1,PALM
3513,1,PALM
3514,1,PALM
3515,1,PALM
3516,1,PALM
3517,1,PALM
3518,1,PALM
3519,1,PALM
3520,1,PALM
3521,1,PALM
3522,1,PALM
3523,1,PALM
3524,1,PALM
3525,1,PALM
3526,1,PALM
3527,1,PALM
3528,1,PALM
3529,1,PALM
3530,1,PALM
3531,1,PALM
3532,1,PALM
3533,1,PALM
3534,1,PALM
3535,1,PALM
3536,1,PALM
3537,1,PALM
3538,1,PALM
3539,1,PALM
3540,1,PALM
3541,1,PALM
3542,1,PALM
3543,1,PALM
3544,1,PALM
3545,1,PALM
3546,1,PALM
3547,1,PALM
3548,1,PALM
3549,1,PALM
3550,1,PALM
3551,1,PALM
3552,1,PALM
3553,1,PALM
3554,1,PALM
3555,1,PALM
3556,1,PALM
3557,1,PALM
3558,1,PALM
3559,1,PALM
3560,1,PALM
3561,1,PALM
3562,1,PALM
3563,1,PALM
3564,1,PALM
3565,1,PALM
3566,1,PALM
3567,1,PALM
3568,1,PALM
3569,1,PALM
3570,1,PALM
3571,1,PALM
3572,1,PALM
3573,1,PALM
3574,1,PALM
3575,1,PALM
3576,1,PALM
3577,1,PALM
3578,1,PALM
3579,1,PALM
3580,1,PALM
3581,1,PALM
3582,1,PALM
3583,1,PALM
3584,1,PALM
3585,1,PALM
3586,1,PALM
3587,1,PALM
3588,0,
3589,0,
3590,0,
3591,0,
3592,0,
3593,0,
3594,0,
3595,0,
3596,0,
3597,0,
3598,0,
3599,0,
3600,0,
3601,0,
3602,0,
3778,1,PALM
3779,1,PALM
3780,1,PALM
3781,1,PALM
3782,1,PALM
3783,1,PALM
3784,1,PALM
3785,1,PALM
3786,1,PALM
3787,1,PALM
3788,1,PALM
3789,1,PALM
3790,1,PALM
3791,1,PALM
3792,1,PALM
3793,1,PALM
3794,1,PALM
3795,1,PALM
3796,1,PALM
3797,1,PALM
3798,1,PALM
3799,1,PALM
3800,1,PALM
3801,1,PALM
3802,1,PALM
3803,1,PALM
3804,1,PALM
3805,1,PALM
3806,1,PALM
3807,1,PALM
3808,1,PALM
3809,1,PALM
3810,1,PALM
3811,1,PALM
3812,1,PALM
3813,1,PALM
3814,1,PALM
3815,1,PALM
3816,1,PALM
3817,1,PALM
3818,1,PALM
3819,1,PALM
3820,1,PALM
3821,1,PALM
3822,1,PALM
3823,1,PALM
3824,1,PALM
3825,1,PALM
3826,1,PALM
3827,1,PALM
3828,1,PALM
3829,1,PALM
3830,1,PALM
3831,1,PALM
3832,1,PALM
3833,1,PALM
3834,1,PALM
3835,1,PALM
3836,1,PALM
3837,1,PALM
3838,1,PALM
3839,1,PALM
3840,1,PALM
3841,1,PALM
3842,1,PALM
3843,1,PALM
3844,1,PALM
3845,1,PALM
3846,1,PALM
3847,1,PALM
3848,1,PALM
3849,1,PALM
3850,1,PALM
3851,1,PALM
3852,1,PALM
3853,1,PALM
3854,1,PALM
3855,1,PALM
3856,1,PALM
3857,1,PALM
3858,1,PALM
3859,1,PALM
3860,1,PALM
3861,1,PALM
3862,1,PALM
3863,1,PALM
3864,1,PALM
3865,1,PALM
3866,1,PALM
3867,1,PALM
3868,1,PALM
3869,1,PALM
3870,1,PALM
3871,1,PALM
3872,1,PALM
3873,1,PALM
3874,1,PALM
3875,1,PALM
3876,1,PALM
3877,1,PALM
3878,1,PALM
3879,1,PALM
3880,1,PALM
3881,1,PALM
3882,1,PALM
3883,1,PALM
3884,1,PALM
3885,1,PALM
3886,1,PALM
3887,1,PALM
3888,1,PALM
3889,1,PALM
3890,1,PALM
3891,1,PALM
3892,1,PALM
3893,1,PALM
3894,1,PALM
3895,1,PALM
3896,1,PALM
3897,1,PALM
3898,1,PALM
3899,1,PALM
3900,1,PALM
3901,1,PALM
3902,1,PALM
3903,1,PALM
3904,1,PALM
3905,1,PALM
3906,1,PALM
3907,1,PALM
3908,1,PALM
3909,1,PALM
3910,1,PALM
3911,1,PALM
3912,1,PALM
3913,1,PALM
3914,1,PALM
3915,1,PALM
3916,1,PALM
3917,1,PALM
3918,1,PALM
3919,1,PALM
3920,1,PALM
3921,1,PALM
3922,1,PALM
3923,1,PALM
3924,1,PALM
3925,1,PALM
3926,1,PALM
3927,1,PALM
3928,1,PALM
3929,1,PALM
3930,1,PALM
3931,1,PALM
3932,1,PALM
3933,1,PALM
3934,1,PALM
3935,1,PALM
3936,1,PALM
3937,1,PALM
3938,1,PALM
3939,1,PALM
3940,1,PALM
3941,1,PALM
3942,1,PALM
3943,1,PALM
3944,1,PALM
3945,1,PALM
3946,1,PALM
3947,1,PALM
3948,1,PALM
3949,1,PALM
3950,1,PALM
3951,1,PALM
3952,1,PALM
3953,1,PALM
3954,1,PALM
3955,1,PALM
3956,1,PALM
3957,1,PALM
3958,1,PALM
3959,1,PALM
3960,1,PALM
3961,1,PALM
3962,1,PALM
3963,1,PALM
3964,1,PALM
3965,1,PALM
3966,1,PALM
3967,1,PALM
3968,1,PALM
3969,1,PALM
3970,1,PALM
3971,1,PALM
3972,1,PALM
3973,1,PALM
3974,1,PALM
3975,1,PALM
3976,1,PALM
3977,1,PALM
3978,1,PALM
3979,1,PALM
3980,1,PALM
3981,1,PALM
3982,1,PALM
3983,1,PALM
3984,2,PALM
3984,2,FINGER
3985,2,PALM
3985,2,FINGER
3986,2,PALM
3986,2,FINGER
3987,2,PALM
3987,2,FINGER
3988,2,PALM
3988,2,FINGER
3989,2,PALM
3989,2,FINGER
3990,2,PALM
3990,2,FINGER
3991,2,PALM
3991,2,FINGER
3992,2,PALM
3992,2,FINGER
3993,2,PALM
3993,2,FINGER
3994,2,PALM
3994,2,FINGER
3995,2,PALM
3995,2,FINGER
3996,2,PALM
3996,2,FINGER
3997,2,PALM
3997,2,FINGER
3998,2,PALM
3998,2,FINGER
3999,2,PALM
3999,2,FINGER
4000,2,PALM
4000,2,FINGER
4001,2,PALM
4001,2,FINGER
4002,2,PALM
4002,2,FINGER
4003,2,PALM
4003,2,FINGER
4004,2,PALM
4004,2,FINGER
4005,2,PALM
4005,2,FINGER
4006,2,PALM
4006,2,FINGER
4007,2,PALM
4007,2,FINGER
4008,2,PALM
4008,2,FINGER
4009,2,PALM
4009,2,FINGER
4010,2,PALM
4010,2,FINGER
4011,2,PALM
4011,2,FINGER
4012,2,PALM
4012,2,FINGER
4013,2,PALM
4013,2,FINGER
4014,2,PALM
4014,2,FINGER
4015,2,PALM
4015,2,FINGER
4016,2,PALM
4016,2,FINGER
4017,2,PALM
4017,2,FINGER
4018,2,PALM
4018,2,FINGER
4019,2,PALM
4019,2,FINGER
4020,2,PALM
4020,2,FINGER
4021,2,PALM
4021,2,FINGER
4022,2,PALM
4022,2,FINGER
4023,2,PALM
4023,2,FINGER
4024,2,PALM
4024,2,FINGER
4025,2,PALM
4025,2,FINGER
4026,2,PALM
4026,2,FINGER
4027,2,PALM
4027,2,FINGER
4028,2,PALM
4028,2,FINGER
4029,2,PALM
4029,2,FINGER
4030,2,PALM
4030,2,FINGER
4031,2,PALM
4031,2,FINGER
4032,2,PALM
4032,2,FINGER
4033,2,PALM
4033,2,FINGER
4034,2,PALM
4034,2,FINGER
4035,2,PALM
4035,2,FINGER
4036,2,PALM
4036,2,FINGER
4037,2,PALM
4037,2,FINGER
4038,2,PALM
4038,2,FINGER
4039,2,PALM
4039,2,FINGER
4040,2,PALM
4040,2,FINGER
4041,2,PALM
4041,2,FINGER
4042,2,PALM
4042,2,FINGER
4043,2,PALM
4043,2,FINGER
4044,2,PALM
4044,2,FINGER
4045,2,PALM
4045,2,FINGER
4046,2,PALM
4046,2,FINGER
4047,2,PALM
4047,2,FINGER
4048,2,PALM
4048,2,FINGER
4049,1,PALM
4050,1,PALM
4051,1,PALM
4052,1,PALM
4053,1,PALM
4054,0,
4055,0,
4056,0,
4057,0,
4058,0,
4059,0,
4060,0,
4061,0,
4062,0,
4063,0,
4064,0,
4065,0,
4066,0,
4067,0,
4068,0,
4202,1,PALM
4203,1,PALM
4204,1,PALM
4205,1,PALM
4206,1,PALM
4207,1,PALM
4208,1,PALM
4209,1,PALM
4210,1,PALM
4211,1,PALM
4212,1,PALM
4213,1,PALM
4214,1,PALM
4215,1,PALM
4216,1,PALM
4217,1,PALM
4218,1,PALM
4219,1,PALM
4220,1,PALM
4221,1,PALM
4222,1,PALM
4223,1,PALM
4224,1,PALM
4225,1,PALM
4226,1,PALM
4227,1,PALM
4228,1,PALM
4229,1,PALM
4230,1,PALM
4231,1,PALM
4232,1,PALM
4233,1,PALM
4234,1,PALM
4235,1,PALM
4236,1,PALM
4237,1,PALM
4238,1,PALM
4239,1,PALM
4240,1,PALM
4241,1,PALM
4242,1,PALM
4243,1,PALM
4244,1,PALM
4245,1,PALM
4246,1,PALM
4247,1,PALM
4248,1,PALM
4249,1,PALM
4250,1,PALM
4251,1,PALM
4252,1,PALM
4253,1,PALM
4254,1,PALM
4255,1,PALM
4256,1,PALM
4257,1,PALM
4258,1,PALM
4259,1,PALM
4260,1,PALM
4261,1,PALM
4262,1,PALM
4263,1,PALM
4264,1,PALM
4265,1,PALM
4266,1,PALM
4267,1,PALM
4268,1,PALM
4269,1,PALM
4270,1,PALM
4271,1,PALM
4272,1,PALM
4273,1,PALM
4274,1,PALM
4275,1,PALM
4276,1,PALM
4277,1,PALM
4278,1,PALM
4279,1,PALM
4280,1,PALM
4281,1,PALM
4282,1,PALM
4283,1,PALM
4284,1,PALM
4285,1,PALM
4286,1,PALM
4287,1,PALM
4288,1,PALM
4289,1,PALM
4290,1,PALM
4291,1,PALM
4292,1,PALM
4293,1,PALM
4294,1,PALM
4295,1,PALM
4296,1,PALM
4297,1,PALM
4298,1,PALM
4299,1,PALM
4300,1,PALM
4301,1,PALM
4302,1,PALM
4303,1,PALM
4304,1,PALM
4305,1,PALM
4306,1,PALM
4307,1,PALM
4308,1,PALM
4309,1,PALM
4310,1,PALM
4311,1,PALM
4312,1,PALM
4313,1,PALM
4314,1,PALM
4315,1,PALM
4316,1,PALM
4317,1,PALM
4318,1,PALM
4319,1,PALM
4320,1,PALM
4321,1,PALM
4322,1,PALM
4323,1,PALM
4324,1,PALM
4325,1,PALM
4326,1,PALM
4327,1,PALM
4328,1,PALM
4329,1,PALM
4330,1,PALM
4331,1,PALM
4332,1,PALM
4333,1,PALM
4334,1,PALM
4335,1,PALM
4336,1,PALM
4337,1,PALM
4338,1,PALM
4339,1,PALM
4340,1,PALM
4341,1,PALM
4342,1,PALM
4343,1,PALM
4344,1,PALM
4345,1,PALM
4346,1,PALM
4347,1,PALM
4348,1,PALM
4349,1,PALM
4350,1,PALM
4351,1,PALM
4352,1,PALM
4353,1,PALM
4354,1,PALM
4355,1,PALM
4356,1,PALM
4357,1,PALM
4358,1,PALM
4359,1,PALM
4360,1,PALM
4361,1,PALM
4362,1,PALM
4363,1,PALM
4364,1,PALM
4365,1,PALM
4366,1,PALM
4367,1,PALM
4368,1,PALM
4369,1,PALM
4370,1,PALM
4371,1,PALM
4372,1,PALM
4373,1,PALM
4374,1,PALM
4375,1,PALM
4376,1,PALM
4377,1,PALM
4378,1,PALM
4379,1,PALM
4380,1,PALM
4381,1,PALM
4382,1,PALM
4383,1,PALM
4384,1,PALM
4385,1,PALM
4386,1,PALM
4387,1,PALM
4388,1,PALM
4389,1,PALM
4390,1,PALM
4391,1,PALM
4392,1,PALM
4393,1,PALM
4394,1,PALM
4395,1,PALM
4396,1,PALM
4397,1,PALM
4398,1,PALM
4399,1,PALM
4400,1,PALM
4401,1,PALM
4402,1,PALM
4403,1,PALM
4404,1,PALM
4405,1,PALM
4406,1,PALM
4407,1,PALM
4408,1,PALM
4409,1,PALM
4410,1,PALM
4411,1,PALM
4412,1,PALM
4413,1,PALM
4414,1,PALM
4415,1,PALM
4416,1,PALM
4417,1,PALM
4418,1,PALM
4419,1,PALM
4420,1,PALM
4421,1,PALM
4422,1,PALM
4423,1,PALM
4424,1,PALM
4425,1,PALM
4426,1,PALM
4427,1,PALM
4428,1,PALM
4429,1,PALM
4430,1,PALM
4431,1,PALM
4432,1,PALM
4433,1,PALM
4434,1,PALM
4435,1,PALM
4436,1,PALM
4437,1,PALM
4438,1,PALM
4439,1,PALM
4440,1,PALM
4441,1,PALM
4442,1,PALM
4443,1,PALM
4444,1,PALM
4445,1,PALM
4446,1,PALM
4447,1,PALM
4448,1,PALM
4449,1,PALM
4450,0,
4451,0,
4452,0,
4453,0,
4454,0,
4455,0,
4456,0,
4457,0,
4458,0,
4459,0,
4460,0,
4461,0,
4462,0,
4463,0,
4464,0,
4598,1,UNCERTAIN
4599,1,UNCERTAIN
4600,1,UNCERTAIN
4601,1,UNCERTAIN
4602,1,UNCERTAIN
4603,1,SMEAR
4604,1,SMEAR
4605,1,SMEAR
4606,1,SMEAR
4607,1,SMEAR
4608,2,SMEAR
4608,2,UNCERTAIN
4609,2,SMEAR
4609,2,UNCERTAIN
4610,2,SMEAR
4610,2,UNCERTAIN
4611,2,SMEAR
4611,2,UNCERTAIN
4612,2,SMEAR
4612,2,UNCERTAIN
4613,2,SMEAR
4613,2,UNCERTAIN
4614,2,SMEAR
4614,2,UNCERTAIN
4615,2,SMEAR
4615,2,UNCERTAIN
4616,2,SMEAR
4616,2,UNCERTAIN
4617,2,SMEAR
4617,2,UNCERTAIN
4618,2,SMEAR
4618,2,UNCERTAIN
4619,2,SMEAR
4619,2,UNCERTAIN
4620,2,SMEAR
4620,2,UNCERTAIN
4621,2,SMEAR
4621,2,UNCERTAIN
4622,2,SMEAR
4622,2,UNCERTAIN
4623,2,SMEAR
4623,2,UNCERTAIN
4624,2,SMEAR
4624,2,UNCERTAIN
4625,2,SMEAR
4625,2,UNCERTAIN
4626,2,SMEAR
4626,2,UNCERTAIN
4627,2,SMEAR
4627,2,UNCERTAIN
4628,2,SMEAR
4628,2,UNCERTAIN
4629,2,SMEAR
4629,2,UNCERTAIN
4630,2,SMEAR
4630,2,UNCERTAIN
4631,2,SMEAR
4631,2,UNCERTAIN
4632,2,SMEAR
4632,2,UNCERTAIN
4633,2,SMEAR
4633,2,UNCERTAIN
4634,2,SMEAR
4634,2,UNCERTAIN
4635,2,SMEAR
4635,2,UNCERTAIN
4636,2,SMEAR
4636,2,UNCERTAIN
4637,2,SMEAR
4637,2,UNCERTAIN
4638,2,SMEAR
4638,2,UNCERTAIN
4639,2,SMEAR
4639,2,UNCERTAIN
4640,2,SMEAR
4640,2,UNCERTAIN
4641,2,PALM
4641,2,UNCERTAIN
4642,2,PALM
4642,2,UNCERTAIN
4643,2,PALM
4643,2,UNCERTAIN
4644,2,PALM
4644,2,UNCERTAIN
4645,2,PALM
4645,2,UNCERTAIN
4646,2,PALM
4646,2,UNCERTAIN
4647,2,PALM
4647,2,UNCERTAIN
4648,2,PALM
4648,2,UNCERTAIN
4649,2,PALM
4649,2,UNCERTAIN
4650,2,PALM
4650,2,UNCERTAIN
4651,2,PALM
4651,2,UNCERTAIN
4652,2,PALM
4652,2,UNCERTAIN
4653,2,PALM
4653,2,UNCERTAIN
4654,2,PALM
4654,2,UNCERTAIN
4655,2,PALM
4655,2,UNCERTAIN
4656,2,PALM
4656,2,UNCERTAIN
4657,2,PALM
4657,2,UNCERTAIN
4658,2,PALM
4658,2,PALM
4659,2,PALM
4659,2,PALM
4660,2,PALM
4660,2,PALM
4661,2,PALM
4661,2,PALM
4662,2,PALM
4662,2,PALM
4663,2,PALM
4663,2,PALM
4664,2,PALM
4664,2,PALM
4665,2,PALM
4665,2,PALM
4666,2,PALM
4666,2,PALM
4667,2,PALM
4667,2,PALM
4668,2,PALM
4668,2,PALM
4669,2,PALM
4669,2,PALM
4670,2,PALM
4670,2,PALM
4671,2,PALM
4671,2,PALM
4672,2,PALM
4672,2,PALM
4673,2,PALM
4673,2,PALM
4674,2,PALM
4674,2,PALM
4675,2,PALM
4675,2,PALM
4676,2,PALM
4676,2,PALM
4677,2,PALM
4677,2,PALM
4678,2,PALM
4678,2,PALM
4679,2,PALM
4679,2,PALM
4680,2,PALM
4680,2,PALM
4681,2,PALM
4681,2,PALM
4682,2,PALM
4682,2,PALM
4683,2,PALM
4683,2,PALM
4684,2,PALM
4684,2,PALM
4685,2,PALM
4685,2,PALM
4686,2,PALM
4686,2,PALM
4687,2,PALM
4687,2,PALM
4688,2,PALM
4688,2,PALM
4689,2,PALM
4689,2,PALM
4690,2,PALM
4690,2,PALM
4691,2,PALM
4691,2,PALM
4692,2,PALM
4692,2,PALM
4693,2,PALM
4693,2,PALM
4694,2,PALM
4694,2,PALM
4695,2,PALM
4695,2,PALM
4696,2,PALM
4696,2,PALM
4697,2,PALM
4697,2,PALM
4698,2,PALM
4698,2,PALM
4699,2,PALM
4699,2,PALM
4700,2,PALM
4700,2,PALM
4701,2,PALM
4701,2,PALM
4702,2,PALM
4702,2,PALM
4703,2,PALM
4703,2,PALM
4704,2,PALM
4704,2,PALM
4705,2,PALM
4705,2,PALM
4706,2,PALM
4706,2,PALM
4707,2,PALM
4707,2,PALM
4708,2,PALM
4708,2,PALM
4709,2,PALM
4709,2,PALM
4710,2,PALM
4710,2,PALM
4711,2,PALM
4711,2,PALM
4712,2,PALM
4712,2,PALM
4713,2,PALM
4713,2,PALM
4714,2,PALM
4714,2,PALM
4715,2,PALM
4715,2,PALM
4716,2,PALM
4716,2,PALM
4717,2,PALM
4717,2,PALM
4718,2,PALM
4718,2,PALM
4719,2,PALM
4719,2,PALM
4720,2,PALM
4720,2,PALM
4721,2,PALM
4721,2,PALM
4722,2,PALM
4722,2,PALM
4723,2,PALM
4723,2,PALM
4724,2,PALM
4724,2,PALM
4725,2,PALM
4725,2,PALM
4726,2,PALM
4726,2,PALM
4727,2,PALM
4727,2,PALM
4728,2,PALM
4728,2,PALM
4729,2,PALM
4729,2,PALM
4730,2,PALM
4730,2,PALM
4731,2,PALM
4731,2,PALM
4732,2,PALM
4732,2,PALM
4733,2,PALM
4733,2,PALM
4734,2,PALM
4734,2,PALM
4735,2,PALM
4735,2,PALM
4736,2,PALM
4736,2,PALM
4737,2,PALM
4737,2,PALM
4738,2,PALM
4738,2,PALM
4739,2,PALM
4739,2,PALM
4740,2,PALM
4740,2,PALM
4741,2,PALM
4741,2,PALM
4742,2,PALM
4742,2,PALM
4743,2,PALM
4743,2,PALM
4744,2,PALM
4744,2,PALM
4745,2,PALM
4745,2,PALM
4746,2,PALM
4746,2,PALM
4747,2,PALM
4747,2,PALM
4748,2,PALM
4748,2,PALM
4749,2,PALM
4749,2,PALM
4750,2,PALM
4750,2,PALM
4751,2,PALM
4751,2,PALM
4752,2,PALM
4752,2,PALM
4753,2,PALM
4753,2,PALM
4754,2,PALM
4754,2,PALM
4755,2,PALM
4755,2,PALM
4756,2,PALM
4756,2,PALM
4757,2,PALM
4757,2,PALM
4758,2,PALM
4758,2,PALM
4759,2,PALM
4759,2,PALM
4760,2,PALM
4760,2,PALM
4761,2,PALM
4761,2,PALM
4762,2,PALM
4762,2,PALM
4763,2,PALM
4763,2,PALM
4764,2,PALM
4764,2,PALM
4765,2,PALM
4765,2,PALM
4766,2,PALM
4766,2,PALM
4767,2,PALM
4767,2,PALM
4768,2,PALM
4768,2,PALM
4769,2,PALM
4769,2,PALM
4770,2,PALM
4770,2,PALM
4771,2,PALM
4771,2,PALM
4772,2,PALM
4772,2,PALM
4773,2,PALM
4773,2,PALM
4774,2,PALM
4774,2,PALM
4775,2,PALM
4775,2,PALM
4776,1,PALM
4777,1,PALM
4778,1,PALM
4779,1,PALM
4780,1,PALM
4781,1,PALM
4782,1,PALM
4783,1,PALM
4784,0,
4785,0,
4786,0,
4787,0,
4788,0,
4789,0,
4790,0,
4791,0,
4792,0,
4793,0,
4794,0,
4795,0,
4796,0,
4797,0,
4923,1,UNCERTAIN
4924,1,UNCERTAIN
4925,1,UNCERTAIN
4926,1,UNCERTAIN
4927,1,UNCERTAIN
4928,1,UNCERTAIN
4929,1,UNCERTAIN
4930,1,PALM
4931,1,PALM
4932,1,PALM
4933,1,PALM
4934,1,PALM
4935,1,PALM
4936,1,PALM
4937,1,PALM
4938,1,PALM
4939,1,PALM
4940,1,PALM
4941,1,PALM
4942,1,PALM
4943,1,PALM
4944,1,PALM
4945,1,PALM
4946,1,PALM
4947,1,PALM
4948,1,PALM
4949,1,PALM
4950,1,PALM
4951,1,PALM
4952,1,PALM
4953,1,PALM
4954,1,PALM
4955,1,PALM
4956,1,PALM
4957,1,PALM
4958,1,PALM
4959,1,PALM
4960,1,PALM
4961,1,PALM
4962,1,PALM
4963,1,PALM
4964,1,PALM
4965,1,PALM
4966,1,PALM
4967,1,PALM
4968,1,PALM
4969,1,PALM
4970,1,PALM
4971,1,PALM
4972,1,PALM
4973,1,PALM
4974,1,PALM
4975,1,PALM
4976,1,PALM
4977,1,PALM
4978,1,PALM
4979,1,PALM
4980,1,PALM
4981,1,PALM
4982,1,PALM
4983,1,PALM
4984,1,PALM
4985,1,PALM
4986,1,PALM
4987,1,PALM
4988,1,PALM
4989,1,PALM
4990,1,PALM
4991,1,PALM
4992,1,PALM
4993,1,PALM
4994,1,PALM
4995,1,PALM
4996,1,PALM
4997,1,PALM
4998,1,PALM
4999,1,PALM
5000,1,PALM
5001,1,PALM
5002,1,PALM
5003,1,PALM
5004,1,PALM
5005,1,PALM
5006,1,PALM
5007,1,PALM
5008,1,PALM
5009,1,PALM
5010,1,PALM
5011,1,PALM
5012,1,PALM
5013,1,PALM
5014,1,PALM
5015,1,PALM
5016,1,PALM
5017,1,PALM
5018,1,PALM
5019,1,PALM
5020,1,PALM
5021,1,PALM
5022,1,PALM
5023,1,PALM
5024,1,PALM
5025,1,PALM
5026,1,PALM
5027,1,PALM
5028,1,PALM
5029,1,PALM
5030,1,PALM
5031,1,PALM
5032,1,PALM
5033,1,PALM
5034,1,PALM
5035,1,PALM
5036,1,PALM
5037,1,PALM
5038,1,PALM
5039,1,PALM
5040,1,PALM
5041,1,PALM
5042,1,PALM
5043,1,PALM
5044,1,PALM
5045,1,PALM
5046,1,PALM
5047,1,PALM
5048,1,PALM
5049,1,PALM
5050,1,PALM
5051,1,PALM
5052,1,PALM
5053,1,PALM
5054,1,PALM
5055,1,PALM
5056,1,PALM
5057,1,PALM
5058,1,PALM
5059,1,PALM
5060,1,PALM
5061,1,PALM
5062,1,PALM
5063,1,PALM
5064,1,PALM
5065,1,PALM
5066,1,PALM
5067,1,PALM
5068,1,PALM
5069,1,PALM
5070,1,PALM
5071,1,PALM
5072,1,PALM
5073,1,PALM
5074,1,PALM
5075,1,PALM
5076,1,PALM
5077,1,PALM
5078,1,PALM
5079,1,PALM
5080,1,PALM
5081,1,PALM
5082,1,PALM
5083,1,PALM
5084,1,PALM
5085,1,PALM
5086,1,PALM
5087,1,PALM
5088,1,PALM
5089,1,PALM
5090,1,PALM
5091,1,PALM
5092,1,PALM
5093,1,PALM
5094,1,PALM
5095,1,PALM
5096,1,PALM
5097,1,PALM
5098,1,PALM
5099,1,PALM
5100,1,PALM
5101,1,PALM
5102,1,PALM
5103,1,PALM
5104,1,PALM
5105,1,PALM
5106,1,PALM
5107,1,PALM
5108,1,PALM
5109,1,PALM
5110,1,PALM
5111,1,PALM
5112,1,PALM
5113,1,PALM
5114,1,PALM
5115,1,PALM
5116,1,PALM
5117,1,PALM
5118,1,PALM
5119,1,PALM
5120,1,PALM
5121,1,PALM
5122,1,PALM
5123,1,PALM
5124,1,PALM
5125,1,PALM
5126,1,PALM
5127,1,PALM
5128,1,PALM
5129,1,PALM
5130,1,PALM
5131,0,
5132,0,
5133,0,
5134,0,
5135,0,
5136,0,
5137,0,
5138,0,
5139,0,
5140,0,
5141,0,
5142,0,
5143,0,
5144,0,
5145,0,
5303,1,PALM
5304,1,PALM
5305,1,PALM
5306,1,PALM
5307,1,PALM
5308,1,PALM
5309,1,PALM
5310,1,PALM
5311,1,PALM
5312,1,PALM
5313,1,PALM
5314,1,PALM
5315,1,PALM
5316,1,PALM
5317,1,PALM
5318,1,PALM
5319,1,PALM
5320,1,PALM
5321,1,PALM
5322,1,PALM
5323,1,PALM
5324,1,PALM
5325,1,PALM
5326,1,PALM
5327,1,PALM
5328,1,PALM
5329,1,PALM
5330,1,PALM
5331,1,PALM
5332,1,PALM
5333,1,PALM
5334,1,PALM
5335,1,PALM
5336,1,PALM
5337,1,PALM
5338,1,PALM
5339,1,PALM
5340,1,PALM
5341,1,PALM
5342,1,PALM
5343,1,PALM
5344,1,PALM
5345,1,PALM
5346,1,PALM
5347,1,PALM
5348,1,PALM
5349,1,PALM
5350,1,PALM
5351,1,PALM
5352,1,PALM
5353,1,PALM
5354,1,PALM
5355,1,PALM
5356,1,PALM
5357,1,PALM
5358,1,PALM
5359,1,PALM
5360,1,PALM
5361,1,PALM
5362,1,PALM
5363,1,PALM
5364,1,PALM
5365,1,PALM
5366,1,PALM
5367,1,PALM
5368,1,PALM
5369,1,PALM
5370,1,PALM
5371,1,PALM
5372,1,PALM
5373,1,PALM
5374,1,PALM
5375,1,PALM
5376,1,PALM
5377,1,PALM
5378,1,PALM
5379,1,PALM
5380,1,PALM
5381,1,PALM
5382,1,PALM
5383,1,PALM
5384,1,PALM
5385,1,PALM
5386,1,PALM
5387,1,PALM
5388,1,PALM
5389,1,PALM
5390,1,PALM
5391,1,PALM
5392,1,PALM
5393,1,PALM
5394,1,PALM
5395,1,PALM
5396,1,PALM
5397,1,PALM
5398,1,PALM
5399,1,PALM
5400,1,PALM
5401,1,PALM
5402,1,PALM
5403,1,PALM
5404,1,PALM
5405,1,PALM
5406,1,PALM
5407,1,PALM
5408,1,PALM
5409,1,PALM
5410,1,PALM
5411,1,PALM
5412,1,PALM
5413,1,PALM
5414,1,PALM
5415,1,PALM
5416,1,PALM
5417,1,PALM
5418,1,PALM
5419,1,PALM
5420,1,PALM
5421,1,PALM
5422,1,PALM
5423,1,PALM
5424,1,PALM
5425,1,PALM
5426,1,PALM
5427,1,PALM
5428,1,PALM
5429,1,PALM
5430,1,PALM
5431,1,PALM
5432,1,PALM
5433,1,PALM
5434,1,PALM
5435,1,PALM
5436,1,PALM
5437,1,PALM
5438,1,PALM
5439,1,PALM
5440,1,PALM
5441,1,PALM
5442,1,PALM
5443,1,PALM
5444,1,PALM
5445,1,PALM
5446,1,PALM
5447,1,PALM
5448,1,PALM
5449,1,PALM
5450,1,PALM
5451,1,PALM
5452,1,PALM
5453,1,PALM
5454,1,PALM
5455,1,PALM
5456,1,PALM
5457,1,PALM
5458,1,PALM
5459,1,PALM
5460,1,PALM
5461,1,PALM
5462,1,PALM
5463,1,PALM
5464,1,PALM
5465,1,PALM
5466,1,PALM
5467,1,PALM
5468,1,PALM
5469,1,PALM
5470,1,PALM
5471,1,PALM
5472,1,PALM
5473,1,PALM
5474,1,PALM
5475,1,PALM
5476,1,PALM
5477,1,PALM
5478,1,PALM
5479,1,PALM
5480,1,PALM
5481,1,PALM
5482,1,PALM
5483,1,PALM
5484,1,PALM
5485,1,PALM
5486,1,PALM
5487,1,PALM
5488,1,PALM
5489,1,PALM
5490,1,PALM
5491,1,PALM
5492,1,PALM
5493,1,PALM
5494,1,PALM
5495,1,PALM
5496,1,PALM
5497,1,PALM
5498,1,PALM
5499,1,PALM
5500,1,PALM
5501,1,PALM
5502,1,PALM
5503,1,PALM
5504,1,PALM
5505,1,PALM
5506,1,PALM
5507,1,PALM
5508,1,PALM
5509,1,PALM
5510,1,PALM
5511,1,PALM
5512,1,PALM
5513,1,PALM
5514,1,PALM
5515,1,PALM
5516,1,PALM
5517,1,PALM
5518,1,PALM
5519,1,PALM
5520,1,PALM
5521,1,PALM
5522,1,PALM
5523,0,
5524,0,
5525,0,
5526,0,
5527,0,
5528,0,
5529,0,
5530,0,
5531,0,
5532,0,
5533,0,
5534,0,
5535,0,
5536,0,
5537,0,
5695,1,PALM
5696,1,PALM
5697,1,PALM
5698,1,PALM
5699,1,PALM
5700,1,PALM
5701,1,PALM
5702,1,PALM
5703,1,PALM
5704,1,PALM
5705,1,PALM
5706,1,PALM
5707,1,PALM
5708,1,PALM
5709,1,PALM
5710,1,PALM
5711,1,PALM
5712,1,PALM
5713,1,PALM
5714,1,PALM
5715,1,PALM
5716,1,PALM
5717,1,PALM
5718,1,PALM
5719,1,PALM
5720,1,PALM
5721,1,PALM
5722,1,PALM
5723,1,PALM
5724,1,PALM
5725,1,PALM
5726,1,PALM
5727,1,PALM
5728,1,PALM
5729,1,PALM
5730,1,PALM
5731,1,PALM
5732,1,PALM
5733,1,PALM
5734,1,PALM
5735,1,PALM
5736,1,PALM
5737,1,PALM
5738,1,PALM
5739,1,PALM
5740,1,PALM
5741,1,PALM
5742,1,PALM
5743,1,PALM
5744,1,PALM
5745,1,PALM
5746,1,PALM
5747,1,PALM
5748,1,PALM
5749,1,PALM
5750,1,PALM
5751,1,PALM
5752,1,PALM
5753,1,PALM
5754,1,PALM
5755,1,PALM
5756,1,PALM
5757,1,PALM
5758,1,PALM
5759,1,PALM
5760,1,PALM
5761,1,PALM
5762,1,PALM
5763,1,PALM
5764,1,PALM
5765,1,PALM
5766,1,PALM
5767,1,PALM
5768,1,PALM
5769,1,PALM
5770,1,PALM
5771,1,PALM
5772,1,PALM
5773,1,PALM
5774,1,PALM
5775,1,PALM
5776,1,PALM
5777,1,PALM
5778,1,PALM
5779,1,PALM
5780,1,PALM
5781,1,PALM
5782,1,PALM
5783,1,PALM
5784,1,PALM
5785,1,PALM
5786,1,PALM
5787,1,PALM
5788,1,PALM
5789,1,PALM
5790,1,PALM
5791,1,PALM
5792,1,PALM
5793,1,PALM
5794,1,PALM
5795,1,PALM
5796,1,PALM
5797,1,PALM
5798,1,PALM
5799,1,PALM
5800,1,PALM
5801,1,PALM
5802,1,PALM
5803,1,PALM
5804,1,PALM
5805,1,PALM
5806,1,PALM
5807,1,PALM
5808,1,PALM
5809,1,PALM
5810,1,PALM
5811,1,PALM
5812,1,PALM
5813,1,PALM
5814,1,PALM
5815,1,PALM
5816,1,PALM
5817,1,PALM
5818,1,PALM
5819,1,PALM
5820,1,PALM
5821,1,PALM
5822,1,PALM
5823,1,PALM
5824,1,PALM
5825,1,PALM
5826,1,PALM
5827,1,PALM
5828,1,PALM
5829,1,PALM
5830,1,PALM
5831,1,PALM
5832,1,PALM
5833,1,PALM
5834,1,PALM
5835,1,PALM
5836,1,PALM
5837,1,PALM
5838,1,PALM
5839,1,PALM
5840,1,PALM
5841,1,PALM
5842,1,PALM
5843,1,PALM
5844,1,PALM
5845,1,PALM
5846,1,PALM
5847,1,PALM
5848,1,PALM
5849,1,PALM
5850,1,PALM
5851,1,PALM
5852,1,PALM
5853,1,PALM
5854,1,PALM
5855,1,PALM
5856,1,PALM
5857,1,PALM
5858,1,PALM
5859,1,PALM
5860,1,PALM
5861,1,PALM
5862,1,PALM
5863,1,PALM
5864,1,PALM
5865,1,PALM
5866,1,PALM
5867,1,PALM
5868,1,PALM
5869,1,PALM
5870,1,PALM
5871,1,PALM
5872,1,PALM
5873,1,PALM
5874,1,PALM
5875,1,PALM
5876,1,PALM
5877,1,PALM
5878,1,PALM
5879,1,PALM
5880,1,PALM
5881,0,
5882,0,
5883,0,
5884,0,
5885,0,
5886,0,
5887,0,
5888,0,
5889,0,
5890,0,
5891,0,
5892,0,
5893,0,
5894,0,
6053,1,PALM
6054,1,PALM
6055,1,PALM
6056,1,PALM
6057,1,PALM
6058,1,PALM
6059,1,PALM
6060,1,PALM
6061,1,PALM
6062,1,PALM
6063,1,PALM
6064,1,PALM
6065,1,PALM
6066,1,PALM
6067,1,PALM
6068,1,PALM
6069,1,PALM
6070,1,PALM
6071,1,PALM
6072,1,PALM
6073,1,PALM
6074,1,PALM
6075,1,PALM
6076,1,PALM
6077,1,PALM
6078,1,PALM
6079,1,PALM
6080,1,PALM
6081,1,PALM
6082,1,PALM
6083,1,PALM
6084,1,PALM
6085,1,PALM
6086,1,PALM
6087,1,PALM
6088,1,PALM
6089,1,PALM
6090,1,PALM
6091,1,PALM
6092,1,PALM
6093,1,PALM
6094,1,PALM
6095,1,PALM
6096,1,PALM
6097,1,PALM
6098,1,PALM
6099,1,PALM
6100,1,PALM
6101,1,PALM
6102,1,PALM
6103,1,PALM
6104,1,PALM
6105,1,PALM
6106,1,PALM
6107,1,PALM
6108,1,PALM
6109,1,PALM
6110,1,PALM
6111,1,PALM
6112,1,PALM
6113,1,PALM
6114,1,PALM
6115,1,PALM
6116,1,PALM
6117,1,PALM
6118,1,PALM
6119,1,PALM
6120,1,PALM
6121,1,PALM
6122,1,PALM
6123,1,PALM
6124,1,PALM
6125,1,PALM
6126,1,PALM
6127,1,PALM
6128,1,PALM
6129,1,PALM
6130,1,PALM
6131,1,PALM
6132,1,PALM
6133,1,PALM
6134,1,PALM
6135,1,PALM
6136,1,PALM
6137,1,PALM
6138,1,PALM
6139,1,PALM
6140,1,PALM
6141,1,PALM
6142,1,PALM
6143,1,PALM
6144,1,PALM
6145,1,PALM
6146,1,PALM
6147,1,PALM
6148,1,PALM
6149,1,PALM
6150,1,PALM
6151,1,PALM
6152,1,PALM
6153,1,PALM
6154,1,PALM
6155,1,PALM
6156,1,PALM
6157,1,PALM
6158,1,PALM
6159,1,PALM
6160,1,PALM
6161,1,PALM
6162,1,PALM
6163,1,PALM
6164,1,PALM
6165,1,PALM
6166,1,PALM
6167,1,PALM
6168,1,PALM
6169,1,PALM
6170,1,PALM
6171,1,PALM
6172,1,PALM
6173,1,PALM
6174,1,PALM
6175,1,PALM
6176,1,PALM
6177,1,PALM
6178,1,PALM
6179,1,PALM
6180,1,PALM
6181,1,PALM
6182,1,PALM
6183,1,PALM
6184,1,PALM
6185,1,PALM
6186,1,PALM
6187,1,PALM
6188,1,PALM
6189,1,PALM
6190,1,PALM
6191,1,PALM
6192,1,PALM
6193,1,PALM
6194,1,PALM
6195,1,PALM
6196,1,PALM
6197,1,PALM
6198,1,PALM
6199,1,PALM
6200,1,PALM
6201,1,PALM
6202,1,PALM
6203,1,PALM
6204,1,PALM
6205,1,PALM
6206,1,PALM
6207,0,
6208,0,
6209,0,
6210,0,
6211,0,
6212,0,
6213,0,
6214,0,
6215,0,
6216,0,
6217,0,
6218,0,
6219,0,
6220,0,
6372,1,PALM
6373,1,PALM
6374,1,PALM
6375,1,PALM
6376,1,PALM
6377,1,PALM
6378,1,PALM
6379,1,PALM
6380,1,PALM
6381,1,PALM
6382,1,PALM
6383,1,PALM
6384,1,PALM
6385,1,PALM
6386,1,PALM
6387,1,PALM
6388,1,PALM
6389,1,PALM
6390,1,PALM
6391,1,PALM
6392,1,PALM
6393,1,PALM
6394,1,PALM
6395,1,PALM
6396,1,PALM
6397,1,PALM
6398,1,PALM
6399,1,PALM
6400,1,PALM
6401,1,PALM
6402,1,PALM
6403,1,PALM
6404,1,PALM
6405,1,PALM
6406,1,PALM
6407,1,PALM
6408,1,PALM
6409,1,PALM
6410,1,PALM
6411,1,PALM
6412,1,PALM
6413,1,PALM
6414,1,PALM
6415,1,PALM
6416,1,PALM
6417,1,PALM
6418,1,PALM
6419,1,PALM
6420,1,PALM
6421,2,PALM
6421,2,UNCERTAIN
6422,2,PALM
6422,2,PALM_BY_PROXIMITY
6423,2,PALM
6423,2,PALM
6424,2,PALM
6424,2,PALM
6425,2,PALM
6425,2,PALM
6426,2,PALM
6426,2,PALM
6427,2,PALM
6427,2,PALM
6428,2,PALM
6428,2,PALM
6429,2,PALM
6429,2,PALM
6430,2,PALM
6430,2,PALM
6431,2,PALM
6431,2,PALM
6432,2,PALM
6432,2,PALM
6433,2,PALM
6433,2,PALM
6434,2,PALM
6434,2,PALM
6435,2,PALM
6435,2,PALM
6436,2,PALM
6436,2,PALM
6437,2,PALM
6437,2,PALM
6438,2,PALM
6438,2,PALM
6439,2,PALM
6439,2,PALM
6440,2,PALM
6440,2,PALM
6441,2,PALM
6441,2,PALM
6442,2,PALM
6442,2,PALM
6443,2,PALM
6443,2,PALM
6444,2,PALM
6444,2,PALM
6445,2,PALM
6445,2,PALM
6446,2,PALM
6446,2,PALM
6447,2,PALM
6447,2,PALM
6448,2,PALM
6448,2,PALM
6449,2,PALM
6449,2,PALM
6450,2,PALM
6450,2,PALM
6451,2,PALM
6451,2,PALM
6452,2,PALM
6452,2,PALM
6453,2,PALM
6453,2,PALM
6454,2,PALM
6454,2,PALM
6455,2,PALM
6455,2,PALM
6456,2,PALM
6456,2,PALM
6457,2,PALM
6457,2,PALM
6458,2,PALM
6458,2,PALM
6459,2,PALM
6459,2,PALM
6460,2,PALM
6460,2,PALM
6461,2,PALM
6461,2,PALM
6462,2,PALM
6462,2,PALM
6463,2,PALM
6463,2,PALM
6464,2,PALM
6464,2,PALM
6465,2,PALM
6465,2,PALM
6466,2,PALM
6466,2,PALM
6467,2,PALM
6467,2,PALM
6468,2,PALM
6468,2,PALM
6469,2,PALM
6469,2,PALM
6470,2,PALM
6470,2,PALM
6471,2,PALM
6471,2,PALM
6472,2,PALM
6472,2,PALM
6473,2,PALM
6473,2,PALM
6474,2,PALM
6474,2,PALM
6475,2,PALM
6475,2,PALM
6476,2,PALM
6476,2,PALM
6477,2,PALM
6477,2,PALM
6478,2,PALM
6478,2,PALM
6479,2,PALM
6479,2,PALM
6480,2,PALM
6480,2,PALM
6481,2,PALM
6481,2,PALM
6482,2,PALM
6482,2,PALM
6483,2,PALM
6483,2,PALM
6484,2,PALM
6484,2,PALM
6485,2,PALM
6485,2,PALM
6486,2,PALM
6486,2,PALM
6487,2,PALM
6487,2,PALM
6488,2,PALM
6488,2,PALM
6489,2,PALM
6489,2,PALM
6490,2,PALM
6490,2,PALM
6491,2,PALM
6491,2,PALM
6492,2,PALM
6492,2,PALM
6493,2,PALM
6493,2,PALM
6494,2,PALM
6494,2,PALM
6495,2,PALM
6495,2,PALM
6496,2,PALM
6496,2,PALM
6497,2,PALM
6497,2,PALM
6498,2,PALM
6498,2,PALM
6499,2,PALM
6499,2,PALM
6500,2,PALM
6500,2,PALM
6501,2,PALM
6501,2,PALM
6502,2,PALM
6502,2,PALM
6503,2,PALM
6503,2,PALM
6504,2,PALM
6504,2,PALM
6505,2,PALM
6505,2,PALM
6506,2,PALM
6506,2,PALM
6507,2,PALM
6507,2,PALM
6508,2,PALM
6508,2,PALM
6509,2,PALM
6509,2,PALM
6510,2,PALM
6510,2,PALM
6511,2,PALM
6511,2,PALM
6512,2,PALM
6512,2,PALM
6513,2,PALM
6513,2,PALM
6514,2,PALM
6514,2,PALM
6515,2,PALM
6515,2,PALM
6516,2,PALM
6516,2,PALM
6517,2,PALM
6517,2,PALM
6518,2,PALM
6518,2,PALM
6519,2,PALM
6519,2,PALM
6520,2,PALM
6520,2,PALM
6521,2,PALM
6521,2,PALM
6522,2,PALM
6522,2,PALM
6523,2,PALM
6523,2,PALM
6524,2,PALM
6524,2,PALM
6525,2,PALM
6525,2,PALM
6526,2,PALM
6526,2,PALM
6527,2,PALM
6527,2,PALM
6528,2,PALM
6528,2,PALM
6529,2,PALM
6529,2,PALM
6530,2,PALM
6530,2,PALM
6531,2,PALM
6531,2,PALM
6532,2,PALM
6532,2,PALM
6533,2,PALM
6533,2,PALM
6534,2,PALM
6534,2,PALM
6535,2,PALM
6535,2,PALM
6536,2,PALM
6536,2,PALM
6537,2,PALM
6537,2,PALM
6538,2,PALM
6538,2,PALM
6539,2,PALM
6539,2,PALM
6540,2,PALM
6540,2,PALM
6541,2,PALM
6541,2,PALM
6542,2,PALM
6542,2,PALM
6543,2,PALM
6543,2,PALM
6544,2,PALM
6544,2,PALM
6545,2,PALM
6545,2,PALM
6546,2,PALM
6546,2,PALM
6547,2,PALM
6547,2,PALM
6548,2,PALM
6548,2,PALM
6549,2,PALM
6549,2,PALM
6550,2,PALM
6550,2,PALM
6551,2,PALM
6551,2,PALM
6552,1,PALM
6553,1,PALM
6554,1,PALM
6555,1,PALM
6556,1,PALM
6557,1,PALM
6558,0,
6559,0,
6560,0,
6561,0,
6562,0,
6563,0,
6564,0,
6565,0,
6566,0,
6567,0,
6568,0,
6569,0,
6570,0,
6571,0,
6572,0,
